DriverID,FullName,SeasonID,SprintIndex,Number,Color,Team,DriverIDT,NationCode,NationNameRus,ConsistencyNormalizedAvg,OvertakesNormalizedAvg,QTDiscrAvg,ConsistencyTeammateDiscreteAvg,PaceTeammateDiscreteAvg,StartTeammateDiscreteAvg,OvertakesTeammateDiscreteAvg,MistakesTeammateDiscreteAvg,QTNormAvg,ConsistencyTeammateNormalizedAvg,PaceTeammateNormalizedAvg,StartTeammateNormalizedAvg,OvertakesTeammateNormalizedAvg,MistakesTeammateNormalizedAvg,PaceNormalizedAvg,StartNormalizedAvg,LevelNormalizedAvg,Label,RacesParticipated,Teammate,TeammateAbb
14,George Russell,2021,0,63,#003696,Williams,14-18,GBR,Великобритания,9.35,6.45,-,6.67,6.67,0.0,6.666666666666666,6.67,,5.25,5.16,3.383152173913044,5.411223996129656,5.197468417989858,4.08,3.26,7.85,2021,3.0,Nicholas Latifi,LAT
14,George Russell,2021,1,63,#003696,Williams,14-18,GBR,Великобритания,7.40,3.79,9.09,5.26,5.79,5.263157894736842,3.6842105263157894,4.55,6.167554890223849,5.26,5.31,4.874378643194397,4.283069442989387,5.2649787479244825,4.36,4.93,6.43,2021,22.0,Nicholas Latifi,LAT
14,George Russell,2021,2,63,#003696,Williams,14-18,GBR,Великобритания,7.68,4.17,9.09,5.45,5.91,4.545454545454545,4.090909090909091,4.80,6.167554890223849,5.26,5.28,4.671029579201484,4.444234379152283,5.256173052715618,4.32,4.72,6.64,2021,25.0,Nicholas Latifi,LAT
14,George Russell,2022,0,63,#0AA395,Mercedes,14-10,GBR,Великобритания,8.04,7.17,9.09,6.67,10.00,10.0,3.333333333333333,10.00,6.167554890223849,5.73,5.43,6.1623744812949415,4.567796610169491,5.366378920119933,7.53,5.33,7.44,2022,3.0,Lewis Hamilton,HAM
14,George Russell,2022,1,63,#0AA395,Mercedes,14-10,GBR,Великобритания,8.26,6.50,4.09,8.00,4.00,5.0,6.0,6.36,5.020411710829419,5.13,5.10,4.588057623726653,5.074762867418978,5.570853301860632,7.69,5.87,7.57,2022,22.0,Lewis Hamilton,HAM
14,George Russell,2022,2,63,#0AA395,Mercedes,14-10,GBR,Великобритания,8.23,6.58,4.09,7.83,4.78,5.652173913043478,5.652173913043478,6.80,5.020411710829419,5.21,5.15,4.793403300800778,5.008636833864698,5.545294004143044,7.67,5.81,7.55,2022,25.0,Lewis Hamilton,HAM
14,George Russell,2023,0,63,#0AA395,Mercedes,14-10,GBR,Великобритания,6.26,7.07,6.67,5.00,6.67,6.666666666666666,6.666666666666666,3.33,5.325590383921512,5.01,5.25,5.5480642998037055,4.911653499582413,4.899352083850495,7.67,8.04,6.69,2023,6.0,Lewis Hamilton,HAM
14,George Russell,2023,1,63,#0AA395,Mercedes,14-10,GBR,Великобритания,7.42,6.50,5.00,7.37,3.68,4.7368421052631575,5.263157894736842,7.27,4.9558440391010325,5.33,4.57,5.1481502431032045,4.895023510015655,5.473841097385539,6.58,5.53,6.92,2023,22.0,Lewis Hamilton,HAM
14,George Russell,2023,2,63,#0AA395,Mercedes,14-10,GBR,Великобритания,7.16,6.63,5.36,6.80,4.40,5.2,5.6000000000000005,6.43,5.035075398705421,5.25,4.73,5.244129616711324,4.899014707511677,5.404902415761334,6.82,6.06,6.87,2023,28.0,Lewis Hamilton,HAM
14,George Russell,2024,0,63,#0AA395,Mercedes,14-10,GBR,Великобритания,7.20,6.36,8.33,5.00,6.67,3.333333333333333,6.666666666666666,5.00,5.237107698210016,5.78,4.89,4.925230176568234,5.01755748498959,5.2846627782752185,6.87,4.54,6.62,2024,6.0,Lewis Hamilton,HAM
14,George Russell,2024,1,63,#0AA395,Mercedes,14-10,GBR,Великобритания,7.85,6.33,7.92,6.19,4.29,4.285714285714286,3.8095238095238093,6.09,5.670892998392603,5.37,5.12,4.708059517859824,4.691370562119498,5.7885579633950455,7.78,5.47,7.20,2024,24.0,Lewis Hamilton,HAM
14,George Russell,2024,2,63,#0AA395,Mercedes,14-10,GBR,Великобритания,7.72,6.33,8.00,5.93,4.81,4.0740740740740735,4.444444444444445,5.86,5.584135938356085,5.46,5.07,4.75631966423947,4.763856544979518,5.6843037871633575,7.59,5.28,7.08,2024,30.0,Lewis Hamilton,HAM
14,George Russell,2025,0,63,#0AA395,Mercedes,14-10,GBR,Великобритания,8.11,5.70,6.67,5.00,6.67,8.333333333333334,1.6666666666666665,5.00,5.751853860997095,4.99,5.47,5.560704607046071,4.469496258637356,5.84221462033987,7.68,6.32,7.41,2025,6.0,Kimi Antonelli,ANT
14,George Russell,2025,1,63,#0AA395,Mercedes,14-10,GBR,Великобритания,7.85,6.62,8.75,5.91,7.73,5.454545454545454,5.454545454545454,5.83,5.826455971094947,5.58,5.73,4.931486780861272,5.406382712847822,5.359445359414847,7.25,5.39,7.24,2025,24.0,Kimi Antonelli,ANT
14,George Russell,2025,2,63,#0AA395,Mercedes,14-10,GBR,Великобритания,7.90,6.44,8.33,5.71,7.50,6.071428571428571,4.642857142857143,5.67,5.811535549075376,5.46,5.67,5.066319172186587,5.205621329802723,5.4456541560086,7.34,5.57,7.27,2025,30.0,Kimi Antonelli,ANT
14,George Russell,Все сезоны,0,63,#0AA395,Все сезоны,14-10,GBR,Великобритания,7.79,6.55,7.22,5.67,7.33,5.666666666666666,4.999999999999999,6.00,5.438183981042875,5.35,5.24,5.115905147725199,4.875545569901702,5.318015364115075,6.77,5.49,7.20,Все сезоны,30.0,Kimi Antonelli,ANT
14,George Russell,Все сезоны,1,63,#0AA395,Все сезоны,14-10,GBR,Великобритания,7.76,5.95,6.97,6.55,5.10,4.948051948051948,4.8422875370243785,6.02,5.52823192192837,5.33,5.17,4.85002656174907,4.8701218190782685,5.49153529399611,6.73,5.44,7.07,Все сезоны,30.0,Kimi Antonelli,ANT
14,George Russell,Все сезоны,2,63,#0AA395,Все сезоны,14-10,GBR,Великобритания,7.74,6.03,6.97,6.34,5.48,5.108626220800134,4.886076918250831,5.91,5.5237426974380295,5.33,5.18,4.906240266627928,4.86427275906218,5.467265483158391,6.75,5.49,7.08,Все сезоны,30.0,Kimi Antonelli,ANT
