SprintIndex,SeasonID,RaceID,LapNumber,LapNumberFlow,Team,13_Laptime,17_Laptime,32_Laptime,13_PaceDiff,17_PaceDiff,32_PaceDiff,13_PaceDiffClear,17_PaceDiffClear,32_PaceDiffClear,PaceMarker,PaceDiffTeammateDelta,PaceDiffTeammateBetter,PaceDiffClearTeammateDelta,PaceDiffClearTeammateBetter,PaceDiffTeammateMean,PaceDiffTeammateMeanInt,PaceDiffClearTeammateMean,PaceDiffClearTeammateMeanInt
0,2024,2024050,1.0,1,Alpine,,,,,,,,,,,-,-,-,,-,,-,
0,2024,2024050,2.0,2,Alpine,,,,,,,,,,,-,-,-,,-,,-,
0,2024,2024050,3.0,3,Alpine,102.985,103.017,,0.845,0.877,,0.845,0.877,,102.14,-,13.0,-,13,-,,-,
0,2024,2024050,4.0,4,Alpine,102.191,102.017,,0.434,0.26,,0.434,0.26,,101.758,-,17.0,-,17,-,,-,
0,2024,2024050,5.0,5,Alpine,102.245,102.279,,0.443,0.477,,0.443,0.477,,101.86,-,13.0,-,13,-,,-,
0,2024,2024050,6.0,6,Alpine,102.594,102.708,,0.684,0.798,,0.684,0.51,,101.95,-,13.0,-,17,-,,-,
0,2024,2024050,7.0,7,Alpine,102.657,102.561,,0.508,0.412,,0.508,0.412,,102.219,-,17.0,-,17,-,,-,
0,2024,2024050,8.0,8,Alpine,102.729,102.656,,0.421,0.348,,0.421,0.348,,102.358,-,17.0,-,17,-,,-,
0,2024,2024050,9.0,9,Alpine,102.291,102.915,,-0.118,0.506,,-0.118,0.506,,102.51,-,13.0,-,13,-,,-,
0,2024,2024050,10.0,10,Alpine,102.403,102.839,,-0.074,0.362,,-0.074,0.362,,102.503,-,13.0,-,13,-,,-,
0,2024,2024050,11.0,11,Alpine,102.47,102.358,,-0.072,-0.184,,-0.072,-0.184,,102.581,-,17.0,-,17,-,,-,
0,2024,2024050,12.0,12,Alpine,102.82,102.588,,0.183,-0.049,,0.183,-0.049,,102.652,-,17.0,-,17,-,,-,
0,2024,2024050,13.0,13,Alpine,103.438,102.921,,0.609,0.092,,0.609,0.092,,102.854,-,17.0,-,17,-,,-,
0,2024,2024050,14.0,14,Alpine,103.664,103.451,,0.719,0.506,,0.719,0.506,,102.989,-,17.0,-,17,-,,-,
0,2024,2024050,15.0,15,Alpine,103.679,103.79,,0.668,0.779,,0.668,0.779,,103.053,-,13.0,-,13,-,,-,
0,2024,2024050,16.0,16,Alpine,103.327,103.314,,0.44,0.427,,0.44,0.427,,103.232,-,17.0,-,17,-,,-,
0,2024,2024050,17.0,17,Alpine,103.257,103.309,,0.475,0.526,,0.475,0.526,,102.816,-,13.0,-,13,-,,-,
0,2024,2024050,18.0,18,Alpine,103.213,103.128,,0.288,0.203,,0.288,0.203,,103.115,-,17.0,-,17,-,,-,
0,2024,2024050,19.0,19,Alpine,103.341,103.838,,0.007,0.504,,0.007,0.504,,103.334,-,13.0,-,13,-,,-,
0,2024,2024060,1.0,20,Alpine,,,,,,,,,,,-,-,-,,-,,-,
0,2024,2024060,2.0,21,Alpine,,,,,,,,,,,-,-,-,,-,,-,
0,2024,2024060,3.0,22,Alpine,,,,,,,,,,,-,-,-,,-,,-,
0,2024,2024060,4.0,23,Alpine,,,,,,,,,,,-,-,-,,-,,-,
0,2024,2024060,5.0,24,Alpine,92.948,92.481,,0.742,0.275,,0.742,0.275,,92.206,-,17.0,-,17,-,,-,
0,2024,2024060,6.0,25,Alpine,92.493,92.148,,0.439,0.094,,0.439,0.094,,92.089,-,17.0,-,17,-,,-,
0,2024,2024060,7.0,26,Alpine,92.623,92.334,,0.55,0.261,,0.55,0.261,,92.073,-,17.0,-,17,-,,-,
0,2024,2024060,8.0,27,Alpine,92.853,92.441,,0.657,0.245,,0.657,0.245,,92.235,-,17.0,-,17,-,,-,
0,2024,2024060,9.0,28,Alpine,94.253,92.781,,1.922,0.45,,0.422,0.45,,92.533,-,17.0,-,13,-,,-,
0,2024,2024060,10.0,29,Alpine,92.652,92.594,,0.325,0.266,,0.325,0.266,,92.418,-,17.0,-,17,-,,-,
0,2024,2024060,11.0,30,Alpine,92.623,92.621,,0.176,0.174,,0.176,0.174,,92.529,-,17.0,-,17,-,,-,
0,2024,2024060,12.0,31,Alpine,92.844,92.895,,0.346,0.397,,0.346,0.397,,92.684,-,13.0,-,13,-,,-,
0,2024,2024060,13.0,32,Alpine,92.958,93.306,,0.417,0.765,,0.417,0.765,,92.541,-,13.0,-,13,-,,-,
0,2024,2024060,14.0,33,Alpine,92.834,94.413,,-0.002,1.577,,-0.002,0.941,,92.968,-,13.0,-,13,-,,-,
0,2024,2024060,15.0,34,Alpine,93.239,94.249,,0.524,1.534,,0.524,1.534,,93.031,-,13.0,-,13,-,,-,
0,2024,2024060,16.0,35,Alpine,93.836,92.265,,1.619,0.048,,1.619,0.048,,92.217,-,17.0,-,17,-,,-,
0,2024,2024060,17.0,36,Alpine,92.969,92.351,,0.796,0.178,,0.796,0.178,,92.173,-,17.0,-,17,-,,-,
0,2024,2024060,18.0,37,Alpine,92.609,92.385,,0.466,0.242,,0.466,0.242,,92.193,-,17.0,-,17,-,,-,
0,2024,2024060,19.0,38,Alpine,92.218,92.282,,0.079,0.143,,0.079,0.143,,92.139,-,13.0,-,13,-,,-,
0,2024,2024110,1.0,39,Alpine,,,,,,,,,,,-,-,-,,-,,-,
0,2024,2024110,2.0,40,Alpine,,,,,,,,,,,-,-,-,,-,,-,
0,2024,2024110,3.0,41,Alpine,70.586,70.742,,0.288,0.444,,0.288,0.444,,70.298,-,13.0,-,13,-,,-,
0,2024,2024110,4.0,42,Alpine,70.471,70.287,,0.419,0.235,,0.419,0.235,,70.087,-,17.0,-,17,-,,-,
0,2024,2024110,5.0,43,Alpine,70.445,70.417,,0.395,0.367,,0.395,0.367,,70.202,-,17.0,-,17,-,,-,
0,2024,2024110,6.0,44,Alpine,70.549,70.627,,0.447,0.525,,0.447,0.375,,70.152,-,13.0,-,17,-,,-,
0,2024,2024110,7.0,45,Alpine,70.525,70.538,,0.377,0.39,,0.377,0.39,,70.184,-,13.0,-,13,-,,-,
0,2024,2024110,8.0,46,Alpine,70.353,70.529,,0.245,0.421,,0.245,0.421,,70.149,-,13.0,-,13,-,,-,
0,2024,2024110,9.0,47,Alpine,70.254,70.182,,0.103,0.031,,0.103,0.031,,70.227,-,17.0,-,17,-,,-,
0,2024,2024110,10.0,48,Alpine,70.272,70.168,,0.101,-0.003,,0.101,-0.003,,70.171,-,17.0,-,17,-,,-,
0,2024,2024110,11.0,49,Alpine,70.402,70.486,,0.199,0.283,,0.199,0.017,,70.342,-,13.0,-,17,-,,-,
0,2024,2024110,12.0,50,Alpine,70.356,70.272,,0.143,0.059,,0.143,0.059,,70.26,-,17.0,-,17,-,,-,
0,2024,2024110,13.0,51,Alpine,70.328,70.475,,0.063,0.21,,0.063,0.21,,70.273,-,13.0,-,13,-,,-,
0,2024,2024110,14.0,52,Alpine,70.482,70.4,,0.148,0.066,,0.148,0.066,,70.334,-,17.0,-,17,-,,-,
0,2024,2024110,15.0,53,Alpine,70.453,70.534,,-0.06,0.021,,-0.06,0.021,,70.609,-,13.0,-,13,-,,-,
0,2024,2024110,16.0,54,Alpine,70.802,70.923,,0.15,0.271,,0.15,0.271,,70.707,-,13.0,-,13,-,,-,
0,2024,2024110,17.0,55,Alpine,70.846,70.993,,0.131,0.278,,0.131,0.278,,70.73,-,13.0,-,13,-,,-,
0,2024,2024110,18.0,56,Alpine,70.675,70.579,,-0.026,-0.122,,-0.026,-0.122,,70.722,-,17.0,-,17,-,,-,
0,2024,2024110,19.0,57,Alpine,71.162,70.895,,0.32,0.053,,0.32,0.053,,70.893,-,17.0,-,17,-,,-,
0,2024,2024110,20.0,58,Alpine,71.188,71.116,,0.357,0.285,,0.357,0.285,,70.885,-,17.0,-,17,-,,-,
0,2024,2024110,21.0,59,Alpine,71.203,71.229,,0.308,0.334,,0.308,0.334,,71.073,-,13.0,-,13,-,,-,
0,2024,2024110,22.0,60,Alpine,71.258,71.245,,0.436,0.423,,0.436,0.423,,70.822,-,17.0,-,17,-,,-,
0,2024,2024110,23.0,61,Alpine,71.096,71.081,,-0.002,-0.017,,-0.002,-0.017,,71.098,-,17.0,-,17,-,,-,
0,2024,2024190,1.0,62,Alpine,,,,,,,,,,,-,-,-,,-,,-,
0,2024,2024190,2.0,63,Alpine,,,,,,,,,,,-,-,-,,-,,-,
0,2024,2024190,3.0,64,Alpine,100.918,100.586,,1.111,0.779,,1.111,0.779,,99.807,-,17.0,-,17,-,,-,
0,2024,2024190,4.0,65,Alpine,100.38,101.314,,0.825,1.759,,0.825,0.664,,99.636,-,13.0,-,17,-,,-,
0,2024,2024190,5.0,66,Alpine,100.339,99.852,,0.932,0.445,,0.932,0.445,,99.648,-,17.0,-,17,-,,-,
0,2024,2024190,6.0,67,Alpine,100.084,99.799,,0.72,0.435,,0.72,0.435,,99.737,-,17.0,-,17,-,,-,
0,2024,2024190,7.0,68,Alpine,98.835,99.581,,-0.475,0.271,,-0.475,0.271,,99.384,-,13.0,-,13,-,,-,
0,2024,2024190,8.0,69,Alpine,99.562,99.839,,0.112,0.389,,0.112,0.389,,99.498,-,13.0,-,13,-,,-,
0,2024,2024190,9.0,70,Alpine,99.899,100.233,,0.345,0.679,,0.142,0.36,,99.759,-,13.0,-,13,-,,-,
0,2024,2024190,10.0,71,Alpine,99.831,99.989,,0.307,0.465,,0.307,0.465,,99.587,-,13.0,-,13,-,,-,
0,2024,2024190,11.0,72,Alpine,100.028,99.976,,0.607,0.555,,0.607,0.555,,99.421,-,17.0,-,17,-,,-,
0,2024,2024190,12.0,73,Alpine,99.817,99.891,,0.424,0.498,,0.424,0.498,,99.516,-,13.0,-,13,-,,-,
0,2024,2024190,13.0,74,Alpine,100.115,100.327,,0.632,0.844,,0.458,0.525,,99.562,-,13.0,-,13,-,,-,
0,2024,2024190,14.0,75,Alpine,100.065,100.126,,0.582,0.643,,0.582,0.643,,99.599,-,13.0,-,13,-,,-,
0,2024,2024190,15.0,76,Alpine,100.14,100.238,,0.669,0.767,,0.669,0.767,,99.551,-,13.0,-,13,-,,-,
0,2024,2024190,16.0,77,Alpine,100.274,100.135,,0.974,0.835,,0.974,0.835,,99.399,-,17.0,-,17,-,,-,
0,2024,2024190,17.0,78,Alpine,99.725,99.764,,0.758,0.797,,0.758,0.797,,98.967,-,13.0,-,13,-,,-,
0,2024,2024190,18.0,79,Alpine,99.944,99.857,,0.826,0.739,,0.826,0.739,,99.156,-,17.0,-,17,-,,-,
0,2024,2024190,19.0,80,Alpine,99.477,99.438,,-0.016,-0.055,,-0.016,-0.055,,99.493,-,17.0,-,17,-,,-,
0,2024,2024210,1.0,81,Alpine,,,,,,,,,,,-,-,-,,-,,-,
0,2024,2024210,2.0,82,Alpine,,,,,,,,,,,-,-,-,,-,,-,
0,2024,2024210,3.0,83,Alpine,74.159,73.45,,0.7,-0.009,,0.7,-0.009,,73.459,-,17.0,-,17,-,,-,
0,2024,2024210,4.0,84,Alpine,73.711,73.173,,0.475,-0.063,,0.475,-0.063,,73.236,-,17.0,-,17,-,,-,
0,2024,2024210,5.0,85,Alpine,73.883,72.73,,0.633,-0.52,,0.633,-0.52,,73.375,-,17.0,-,17,-,,-,
0,2024,2024210,6.0,86,Alpine,73.464,73.022,,0.331,-0.111,,0.331,-0.111,,73.134,-,17.0,-,17,-,,-,
0,2024,2024210,7.0,87,Alpine,73.49,73.123,,0.261,-0.106,,0.261,-0.106,,73.248,-,17.0,-,17,-,,-,
0,2024,2024210,8.0,88,Alpine,73.296,72.926,,0.036,-0.334,,0.036,-0.334,,73.313,-,17.0,-,17,-,,-,
0,2024,2024210,9.0,89,Alpine,73.348,73.429,,-0.009,0.072,,-0.009,0.072,,73.535,-,13.0,-,13,-,,-,
0,2024,2024210,10.0,90,Alpine,73.198,73.562,,-0.161,0.203,,-0.161,0.203,,73.425,-,13.0,-,13,-,,-,
0,2024,2024210,11.0,91,Alpine,73.296,72.721,,0.124,-0.451,,0.124,-0.451,,73.226,-,17.0,-,17,-,,-,
0,2024,2024210,12.0,92,Alpine,73.642,73.049,,0.567,-0.026,,0.567,-0.266,,73.106,-,17.0,-,17,-,,-,
0,2024,2024210,13.0,93,Alpine,73.859,72.898,,0.781,-0.18,,0.781,-0.18,,73.228,-,17.0,-,17,-,,-,
0,2024,2024210,14.0,94,Alpine,73.304,73.162,,0.275,0.133,,0.275,0.133,,73.176,-,17.0,-,17,-,,-,
0,2024,2024210,15.0,95,Alpine,73.118,73.262,,0.209,0.353,,0.209,0.353,,73.012,-,13.0,-,13,-,,-,
0,2024,2024210,16.0,96,Alpine,72.882,73.024,,0.006,0.148,,0.006,0.148,,73.026,-,13.0,-,13,-,,-,
0,2024,2024210,17.0,97,Alpine,73.095,72.66,,0.191,-0.244,,0.191,-0.244,,72.904,-,17.0,-,17,-,,-,
0,2024,2024210,18.0,98,Alpine,73.281,72.698,,0.221,-0.362,,0.221,-0.362,,73.288,-,17.0,-,17,-,,-,
0,2024,2024210,19.0,99,Alpine,73.383,72.4,,0.216,-0.767,,0.216,-0.767,,73.311,-,17.0,-,17,-,,-,
0,2024,2024210,20.0,100,Alpine,73.939,72.728,,0.607,-0.604,,0.607,-0.604,,73.677,-,17.0,-,17,-,,-,
0,2024,2024210,21.0,101,Alpine,74.23,73.456,,0.423,-0.351,,0.423,-0.351,,73.807,-,17.0,-,17,-,,-,
0,2024,2024210,22.0,102,Alpine,,,,,,,,,,,-,-,-,,-,,-,
0,2024,2024210,23.0,103,Alpine,,,,,,,,,,,-,-,-,,-,,-,
0,2024,2024210,24.0,104,Alpine,73.71,,,-0.22,,,-0.22,,,73.93,-,-,-,,-,,-,
0,2024,2024230,1.0,105,Alpine,,,,,,,,,,,-,-,-,,-,,-,
0,2024,2024230,2.0,106,Alpine,,,,,,,,,,,-,-,-,,-,,-,
0,2024,2024230,3.0,107,Alpine,87.762,86.474,,0.904,-0.384,,0.904,-0.384,,86.848,-,17.0,-,17,-,,-,
0,2024,2024230,4.0,108,Alpine,87.397,86.515,,0.682,-0.2,,0.682,-0.2,,86.712,-,17.0,-,17,-,,-,
0,2024,2024230,5.0,109,Alpine,86.935,86.451,,0.37,-0.114,,0.37,-0.114,,86.565,-,17.0,-,17,-,,-,
0,2024,2024230,6.0,110,Alpine,86.79,85.858,,0.454,-0.478,,0.454,-0.478,,86.343,-,17.0,-,17,-,,-,
0,2024,2024230,7.0,111,Alpine,86.38,86.105,,0.131,-0.144,,0.131,-0.144,,86.521,-,17.0,-,17,-,,-,
0,2024,2024230,8.0,112,Alpine,86.55,87.097,,0.386,0.933,,0.386,0.149,,86.203,-,13.0,-,17,-,,-,
0,2024,2024230,9.0,113,Alpine,86.51,86.521,,0.407,0.418,,0.407,0.418,,86.164,-,13.0,-,13,-,,-,
0,2024,2024230,10.0,114,Alpine,86.456,85.47,,0.768,-0.218,,0.768,-0.218,,85.688,-,17.0,-,17,-,,-,
0,2024,2024230,11.0,115,Alpine,86.358,85.465,,0.796,-0.097,,0.796,-0.097,,85.628,-,17.0,-,17,-,,-,
0,2024,2024230,12.0,116,Alpine,86.248,85.222,,0.77,-0.256,,0.77,-0.256,,85.487,-,17.0,-,17,-,,-,
0,2024,2024230,13.0,117,Alpine,86.079,85.3,,0.628,-0.151,,0.628,-0.151,,85.569,-,17.0,-,17,-,,-,
0,2024,2024230,14.0,118,Alpine,85.969,85.202,,0.644,-0.123,,0.644,-0.123,,85.457,-,17.0,-,17,-,,-,
0,2024,2024230,15.0,119,Alpine,86.036,85.009,,0.764,-0.263,,0.764,-0.263,,85.285,-,17.0,-,17,-,,-,
0,2024,2024230,16.0,120,Alpine,86.136,85.344,,0.686,-0.106,,0.686,-0.479,,85.492,-,17.0,-,17,-,,-,
0,2024,2024230,17.0,121,Alpine,85.734,84.934,,0.606,-0.194,,0.606,-0.194,,85.154,-,17.0,-,17,-,,-,
0,2024,2024230,18.0,122,Alpine,85.847,85.229,,0.879,0.261,,0.879,0.261,,85.012,-,17.0,-,17,-,,-,
0,2024,2024230,19.0,123,Alpine,85.598,84.93,,0.256,-0.412,,0.256,-0.412,,85.342,-,17.0,-,17,-,,-,
