SeasonID,RaceID,EventDate,EventNumber,EventsTotal,EventIndex,SprintIndex,EventID,CircuitID,DataAvailable,SeasonOver,EventName,EventNameClear,EventNameRus,EventNameRusClear,EventNameShortRus,EventNameShort,EventAbbreviation,CircuitName,CircuitNameRus,Location,Country,CountryAbbreviation,CountryRus,LocationRus,RaceTime,Conditions,AirTemp,TrackTemp,Humidity,WindSpeed,ConditionsRus,EventDateMod
2021,2021011,2021-03-28,1,22,0,1,7,4,1,1,Bahrain Grand Prix,Bahrain Grand Prix,Гран-при Бахрейна,Гран-при Бахрейна,Бахрейн,Bahrain,BAH,Bahrain International Circuit,Международный автодром Бахрейна,Sakhir,Bahrain,BAH,Бахрейн,Сахир,2021-03-28 18:00:00+03:00,Clear,20.5,27.0,54.6,0.84,Ясно,28.03.2021
2021,2021021,2021-04-18,2,22,1,1,16,14,1,1,Emilia Romagna Grand Prix,Emilia Romagna Grand Prix,Гран-при Эмилии-Романьи,Гран-при Эмилии-Романьи,Эмилия-Романья,Emilia Romagna,EMI,Imola Circuit,Автодром Энцо и Дино Феррари (Имола),Imola,Italy,ITA,Италия,Имола,2021-04-18 15:00:00+02:00,Wet-drying,10.9,16.4,68.3,0.61,Подсыхающая трасса,18.04.2021
2021,2021031,2021-05-02,3,22,2,1,28,2,1,1,Portuguese Grand Prix,Portuguese Grand Prix,Гран-при Португалии,Гран-при Португалии,Португалия,Portugal,POR,Algarve International Circuit,Междунароодный автодроом Алгарве,Portimao,Portugal,POR,Португалия,Портиман,2021-05-02 15:00:00+01:00,Clear,19.4,39.0,39.4,0.83,Ясно,02.05.2021
2021,2021041,2021-05-09,4,22,3,1,34,9,1,1,Spanish Grand Prix,Spanish Grand Prix,Гран-при Испании,Гран-при Испании,Испания,Spain,ESP,Circuit de Barcelona-Catalunya,Трасса Барселона-Каталунья,Barcelona,Spain,ESP,Испания,Барселона,2021-05-09 15:00:00+02:00,Partly-cloudy,22.4,33.1,57.8,0.52,Переменная облачность,09.05.2021
2021,2021051,2021-05-23,5,22,4,1,27,10,1,1,Monaco Grand Prix,Monaco Grand Prix,Гран-при Монако,Гран-при Монако,Монако,Monaco,MON,Circuit de Monaco,Городская трасса Монако,Monaco,Monaco,MON,Монако,Монте-Карло,2021-05-23 15:00:00+02:00,Sunny,20.8,36.9,60.7,0.37,Солнечно,23.05.2021
2021,2021061,2021-06-06,6,22,5,1,5,5,1,1,Azerbaijan Grand Prix,Azerbaijan Grand Prix,Гран-при Азербайджана,Гран-при Азербайджана,Азербайджан,Azerbaijan,AZR,Baku City Circuit,Городская трасса Баку,Baku,Azerbaijan,AZR,Азербайджан,Баку,2021-06-06 16:00:00+04:00,Cloudy,24.3,38.9,55.6,0.31,Облачно,06.06.2021
2021,2021071,2021-06-20,7,22,6,1,18,7,1,1,French Grand Prix,French Grand Prix,Гран-при Франции,Гран-при Франции,Франция,France,FRA,Circuit Paul Ricard,Трасса Поль Рикар,Le Castellet,France,FRA,Франция,Ле-Кастелле,2021-06-20 15:00:00+02:00,Partly-cloudy,25.6,36.2,57.9,1.32,Переменная облачность,20.06.2021
2021,2021081,2021-06-27,8,22,7,1,35,23,1,1,Styrian Grand Prix,Styrian Grand Prix,Гран-при Штирии,Гран-при Штирии,Штирия,Styria,STE,Red Bull Ring,Трасса Ред Булл Ринг,Spielberg,Austria,AUT,Австрия,Шпильберг,2021-06-27 15:00:00+02:00,Clear,26.8,52.0,32.8,0.4,Ясно,27.06.2021
2021,2021091,2021-07-04,9,22,8,1,3,23,1,1,Austrian Grand Prix,Austrian Grand Prix,Гран-при Австрии,Гран-при Австрии,Австрия,Austria,AUT,Red Bull Ring,Трасса Ред Булл Ринг,Spielberg,Austria,AUT,Австрия,Шпильберг,2021-07-04 15:00:00+02:00,Partly-cloudy,21.5,34.6,47.4,0.48,Переменная облачность,04.07.2021
2021,2021100,2021-07-17,10,22,9,0,11,25,1,1,"British Grand Prix, sprint",British Grand Prix,"Гран-при Великобритании, спринт",Гран-при Великобритании,Великобритания,Great Britain,GBR*,Silverstone Circuit,Трасса Сильверстоун,Silverstone,Great Britain,GBR,Великобритания,Сильверстоун,2021-07-18 15:00:00+01:00,Sunny,27.5,47.7,45.5,0.5,Солнечно,17.07.2021
2021,2021101,2021-07-18,10,22,10,1,10,25,1,1,British Grand Prix,British Grand Prix,Гран-при Великобритании,Гран-при Великобритании,Великобритания,Great Britain,GBR,Silverstone Circuit,Трасса Сильверстоун,Silverstone,Great Britain,GBR,Великобритания,Сильверстоун,2021-07-18 15:00:00+01:00,Clear,29.7,50.0,36.9,0.32,Ясно,18.07.2021
2021,2021111,2021-08-01,11,22,11,1,19,13,1,1,Hungarian Grand Prix,Hungarian Grand Prix,Гран-при Венгрии,Гран-при Венгрии,Венгрия,Hungary,HUN,Hungaroring,Трасса Хунгароринг,Budapest,Hungary,HUN,Венгрия,Будапешт,2021-08-01 15:00:00+02:00,Wet-drying,26.8,37.9,71.7,0.69,Подсыхающая трасса,01.08.2021
2021,2021121,2021-08-29,12,22,12,1,8,11,0,1,Belgian Grand Prix,Belgian Grand Prix,Гран-при Бельгии,Гран-при Бельгии,Бельгия,Belgium,BEL,Circuit de Spa-Francorchamps,Трасса Спа-Франкоршам,Spa-Francorchamps,Belgium,BEL,Бельгия,Спа,2021-08-29 15:00:00+02:00,Rain,13.4,15.3,96.4,0.55,Дождь,29.08.2021
2021,2021131,2021-09-05,13,22,13,1,15,8,1,1,Dutch Grand Prix,Dutch Grand Prix,Гран-при Нидерландов,Гран-при Нидерландов,Нидерланды,Netherlands,NLD,Circuit Zandvoort,Трасса Зандворт,Zandvoort,Netherlands,NLD,Нидерланды,Зандворт,2021-09-05 15:00:00+02:00,Sunny,21.8,36.5,53.4,0.41,Солнечно,05.09.2021
2021,2021140,2021-09-11,14,22,14,0,21,22,1,1,"Italian Grand Prix, sprint",Italian Grand Prix,"Гран-при Италии, спринт",Гран-при Италии,Италия,Italy,ITA*,Monza Circuit,Национальный автодром Монцы,Monza,Italy,ITA,Италия,Монца,2021-09-12 15:00:00+02:00,Sunny,28.3,41.7,35.9,0.4,Солнечно,11.09.2021
2021,2021141,2021-09-12,14,22,15,1,20,22,1,1,Italian Grand Prix,Italian Grand Prix,Гран-при Италии,Гран-при Италии,Италия,Italy,ITA,Monza Circuit,Национальный автодром Монцы,Monza,Italy,ITA,Италия,Монца,2021-09-12 15:00:00+02:00,Sunny,29.2,43.3,30.4,0.38,Солнечно,12.09.2021
2021,2021151,2021-09-26,15,22,16,1,31,26,1,1,Russian Grand Prix,Russian Grand Prix,Гран-при России,Гран-при России,Россия,Russia,RUS,Sochi Autodrom,Автодром Сочи,Sochi,Russia,RUS,Россия,Сочи,2021-09-26 15:00:00+03:00,Light-rain,19.2,21.5,61.7,0.28,Легкий дождь,26.09.2021
2021,2021161,2021-10-10,16,22,17,1,38,16,1,1,Turkish Grand Prix,Turkish Grand Prix,Гран-при Турции,Гран-при Турции,Турция,Turkey,TUR,Istanbul Park,Автодром Истанбул Парк,Istanbul,Turkey,TUR,Турция,Стамбул,2021-10-10 15:00:00+03:00,Wet-drying,15.9,18.2,93.2,0.45,Подсыхающая трасса,10.10.2021
2021,2021171,2021-10-24,17,22,18,1,39,12,1,1,United States Grand Prix,United States Grand Prix,Гран-при США,Гран-при США,США,USA,USA,Circuit of the Americas,Трасса Америк,Austin,USA,USA,США,Остин,2021-10-24 14:00:00-05:00,Sunny,28.6,38.4,58.6,0.88,Солнечно,24.10.2021
2021,2021181,2021-11-07,18,22,19,1,24,3,1,1,Mexico City Grand Prix,Mexico City Grand Prix,Гран-при Мехико,Гран-при Мехико,Мехико,Mexico,MEX,Autodromo Hermanos Rodriguez,Автодром имени братьев Родригес,Mexico,Mexico,MEX,Мексика,Мехико,2021-11-07 13:00:00-06:00,Sunny,21.9,48.3,30.3,0.37,Солнечно,07.11.2021
2021,2021190,2021-11-13,19,22,20,0,37,15,1,1,"Sao Paulo Grand Prix, sprint",São Paulo Grand Prix,"Гран-при Сан-Паулу, спринт",Гран-при Сан-Паулу,Сан-Паулу,Sao Paulo,BRA*,Interlagos Circuit,Автодром имени Жозе Карлуса Пасе (Интерлагос),Sao Paulo,Brazil,BRA,Бразилия,Сан-Паулу,2021-11-14 14:00:00-03:00,Partly-cloudy,16.6,33.6,71.4,0.55,Переменная облачность,13.11.2021
2021,2021191,2021-11-14,19,22,21,1,36,15,1,1,Sao Paulo Grand Prix,São Paulo Grand Prix,Гран-при Сан-Паулу,Гран-при Сан-Паулу,Сан-Паулу,Sao Paulo,BRA,Interlagos Circuit,Автодром имени Жозе Карлуса Пасе (Интерлагос),Sao Paulo,Brazil,BRA,Бразилия,Сан-Паулу,2021-11-14 14:00:00-03:00,Sunny,22.9,49.6,61.5,0.41,Солнечно,14.11.2021
2021,2021201,2021-11-21,20,22,22,1,29,19,1,1,Qatar Grand Prix,Qatar Grand Prix,Гран-при Катара,Гран-при Катара,Катар,Qatar,QAT,Lusail International Circuit,Международный автодром Лусаил,Lusail,Qatar,QAT,Катар,Лусаил,2021-11-21 17:00:00+03:00,Clear,26.1,29.7,77.7,0.41,Ясно,21.11.2021
2021,2021211,2021-12-05,21,22,23,1,32,17,1,1,Saudi Arabian Grand Prix,Saudi Arabian Grand Prix,Гран-при Саудовской Аравии,Гран-при Саудовской Аравии,Саудовская Аравия,Saudi Arabia,SAU,Jeddah Corniche Circuit,Городская трасса Джидда,Jeddah,Saudi Arabia,SAU,Саудовская Аравия,Джидда,2021-12-05 20:30:00+03:00,Clear,28.9,31.4,76.0,0.29,Ясно,05.12.2021
2021,2021221,2021-12-12,22,22,24,1,1,28,1,1,Abu Dhabi Grand Prix,Abu Dhabi Grand Prix,Гран-при Абу-Даби,Гран-при Абу-Даби,Абу-Даби,Abu Dhabi,ARE,Yas Marina Circuit,Трасса Яс Марина,Yas Marina,Abu Dhabi,ARE,ОАЭ,Остров Яс,2021-12-12 17:00:00+04:00,Clear,24.2,27.2,61.2,0.38,Ясно,12.12.2021
2022,2022011,2022-03-20,1,22,0,1,7,4,1,1,Bahrain Grand Prix,Bahrain Grand Prix,Гран-при Бахрейна,Гран-при Бахрейна,Бахрейн,Bahrain,BAH,Bahrain International Circuit,Международный автодром Бахрейна,Sakhir,Bahrain,BAH,Бахрейн,Сахир,2022-03-20 18:00:00+03:00,Clear,22.9,27.4,35.5,0.21,Ясно,20.03.2022
2022,2022021,2022-03-27,2,22,1,1,32,17,1,1,Saudi Arabian Grand Prix,Saudi Arabian Grand Prix,Гран-при Саудовской Аравии,Гран-при Саудовской Аравии,Саудовская Аравия,Saudi Arabia,SAU,Jeddah Corniche Circuit,Городская трасса Джидда,Jeddah,Saudi Arabia,SAU,Саудовская Аравия,Джидда,2022-03-27 20:00:00+03:00,Clear,25.5,27.9,58.2,2.16,Ясно,27.03.2022
2022,2022031,2022-04-10,3,22,2,1,2,1,1,1,Australian Grand Prix,Australian Grand Prix,Гран-при Австралии,Гран-при Австралии,Австралия,Australia,AUS,Albert Park Circuit,Трасса Альберт-Парк,Melbourne,Australia,AUS,Австралия,Мельбурн,2022-04-10 15:00:00+10:00,Partly-cloudy,26.9,36.2,42.4,1.46,Переменная облачность,10.04.2022
2022,2022040,2022-04-23,4,22,3,0,17,14,1,1,"Emilia Romagna Grand Prix, sprint",Emilia Romagna Grand Prix,"Гран-при Эмилии-Романьи, спринт",Гран-при Эмилии-Романьи,Эмилия-Романья,Emilia Romagna,EMI*,Imola Circuit,Автодром Энцо и Дино Феррари (Имола),Imola,Italy,ITA,Италия,Имола,2022-04-24 15:00:00+02:00,Partly-cloudy,20.1,27.5,55.1,2.17,Переменная облачность,23.04.2022
2022,2022041,2022-04-24,4,22,4,1,16,14,1,1,Emilia Romagna Grand Prix,Emilia Romagna Grand Prix,Гран-при Эмилии-Романьи,Гран-при Эмилии-Романьи,Эмилия-Романья,Emilia Romagna,EMI,Imola Circuit,Автодром Энцо и Дино Феррари (Имола),Imola,Italy,ITA,Италия,Имола,2022-04-24 15:00:00+02:00,Wet-drying,13.4,16.7,79.9,1.56,Подсыхающая трасса,24.04.2022
2022,2022051,2022-05-08,5,22,5,1,25,21,1,1,Miami Grand Prix,Miami Grand Prix,Гран-при Майами,Гран-при Майами,Майами,Miami,MIA,Miami International Autodrome,Международный автодром Майами,Miami,USA,USA,США,Майами,2022-05-08 15:30:00-04:00,Partly-cloudy,30.1,42.8,63.3,2.62,Переменная облачность,08.05.2022
2022,2022061,2022-05-22,6,22,6,1,34,9,1,1,Spanish Grand Prix,Spanish Grand Prix,Гран-при Испании,Гран-при Испании,Испания,Spain,ESP,Circuit de Barcelona-Catalunya,Трасса Барселона-Каталунья,Barcelona,Spain,ESP,Испания,Барселона,2022-05-22 15:00:00+02:00,Sunny,36.8,49.1,6.8,3.17,Солнечно,22.05.2022
2022,2022071,2022-05-29,7,22,7,1,27,10,1,1,Monaco Grand Prix,Monaco Grand Prix,Гран-при Монако,Гран-при Монако,Монако,Monaco,MON,Circuit de Monaco,Городская трасса Монако,Monaco,Monaco,MON,Монако,Монте-Карло,2022-05-29 15:00:00+02:00,Wet-drying,22.1,28.4,73.7,0.82,Подсыхающая трасса,29.05.2022
2022,2022081,2022-06-12,8,22,8,1,5,5,1,1,Azerbaijan Grand Prix,Azerbaijan Grand Prix,Гран-при Азербайджана,Гран-при Азербайджана,Азербайджан,Azerbaijan,AZR,Baku City Circuit,Городская трасса Баку,Baku,Azerbaijan,AZR,Азербайджан,Баку,2022-06-12 15:00:00+04:00,Sunny,25.3,46.2,61.8,1.74,Солнечно,12.06.2022
2022,2022091,2022-06-19,9,22,9,1,12,6,1,1,Canadian Grand Prix,Canadian Grand Prix,Гран-при Канады,Гран-при Канады,Канада,Canada,CAN,Circuit Gilles Villeneuve,Трасса имени Жиля Вильнёва,Montreal,Canada,CAN,Канада,Монреаль,2022-06-19 14:00:00-04:00,Sunny,21.5,41.9,27.4,3.78,Солнечно,19.06.2022
2022,2022101,2022-07-03,10,22,10,1,10,25,1,1,British Grand Prix,British Grand Prix,Гран-при Великобритании,Гран-при Великобритании,Великобритания,Great Britain,GBR,Silverstone Circuit,Трасса Сильверстоун,Silverstone,Great Britain,GBR,Великобритания,Сильверстоун,2022-07-03 15:00:00+01:00,Partly-cloudy,18.5,31.4,57.5,1.32,Переменная облачность,03.07.2022
2022,2022110,2022-07-09,11,22,11,0,4,23,1,1,"Austrian Grand Prix, sprint",Austrian Grand Prix,"Гран-при Австрии, спринт",Гран-при Австрии,Австрия,Austria,AUT*,Red Bull Ring,Трасса Ред Булл Ринг,Spielberg,Austria,AUT,Австрия,Шпильберг,2022-07-10 15:00:00+02:00,Partly-cloudy,21.4,36.2,31.5,1.71,Переменная облачность,09.07.2022
2022,2022111,2022-07-10,11,22,12,1,3,23,1,1,Austrian Grand Prix,Austrian Grand Prix,Гран-при Австрии,Гран-при Австрии,Австрия,Austria,AUT,Red Bull Ring,Трасса Ред Булл Ринг,Spielberg,Austria,AUT,Австрия,Шпильберг,2022-07-10 15:00:00+02:00,Partly-cloudy,20.4,31.2,34.3,1.6,Переменная облачность,10.07.2022
2022,2022121,2022-07-24,12,22,13,1,18,7,1,1,French Grand Prix,French Grand Prix,Гран-при Франции,Гран-при Франции,Франция,France,FRA,Circuit Paul Ricard,Трасса Поль Рикар,Le Castellet,France,FRA,Франция,Ле-Кастелле,2022-07-24 15:00:00+02:00,Sunny,30.2,55.2,48.6,2.19,Солнечно,24.07.2022
2022,2022131,2022-07-31,13,22,14,1,19,13,1,1,Hungarian Grand Prix,Hungarian Grand Prix,Гран-при Венгрии,Гран-при Венгрии,Венгрия,Hungary,HUN,Hungaroring,Трасса Хунгароринг,Budapest,Hungary,HUN,Венгрия,Будапешт,2022-07-31 15:00:00+02:00,Cloudy,18.3,26.4,70.4,4.16,Облачно,31.07.2022
2022,2022141,2022-08-28,14,22,15,1,8,11,1,1,Belgian Grand Prix,Belgian Grand Prix,Гран-при Бельгии,Гран-при Бельгии,Бельгия,Belgium,BEL,Circuit de Spa-Francorchamps,Трасса Спа-Франкоршам,Spa-Francorchamps,Belgium,BEL,Бельгия,Спа,2022-08-28 15:00:00+02:00,Sunny,22.1,36.3,39.4,1.46,Солнечно,28.08.2022
2022,2022151,2022-09-04,15,22,16,1,15,8,1,1,Dutch Grand Prix,Dutch Grand Prix,Гран-при Нидерландов,Гран-при Нидерландов,Нидерланды,Netherlands,NLD,Circuit Zandvoort,Трасса Зандворт,Zandvoort,Netherlands,NLD,Нидерланды,Зандворт,2022-09-04 15:00:00+02:00,Partly-cloudy,22.6,33.2,76.6,1.14,Переменная облачность,04.09.2022
2022,2022161,2022-09-11,16,22,17,1,20,22,1,1,Italian Grand Prix,Italian Grand Prix,Гран-при Италии,Гран-при Италии,Италия,Italy,ITA,Monza Circuit,Национальный автодром Монцы,Monza,Italy,ITA,Италия,Монца,2022-09-11 15:00:00+02:00,Sunny,28.2,43.3,31.2,1.54,Солнечно,11.09.2022
2022,2022171,2022-10-02,17,22,18,1,33,20,1,1,Singapore Grand Prix,Singapore Grand Prix,Гран-при Сингапура,Гран-при Сингапура,Сингапур,Singapore,SGP,Marina Bay Street Circuit,Городская трасса Марина-Бей,Marina Bay,Singapore,SGP,Сингапур,Марина Бэй,2022-10-02 20:00:00+08:00,Wet-drying,27.2,28.7,85.8,1.0,Подсыхающая трасса,02.10.2022
2022,2022181,2022-10-09,18,22,19,1,22,27,1,1,Japanese Grand Prix,Japanese Grand Prix,Гран-при Японии,Гран-при Японии,Япония,Japan,JPN,Suzuka International Racing Course,Международная гоночная трасса Сузука,Suzuka,Japan,JPN,Япония,Сузука,2022-10-09 14:00:00+09:00,Rain,16.0,18.6,90.2,2.47,Дождь,09.10.2022
2022,2022191,2022-10-23,19,22,20,1,39,12,1,1,United States Grand Prix,United States Grand Prix,Гран-при США,Гран-при США,США,USA,USA,Circuit of the Americas,Трасса Америк,Austin,USA,USA,США,Остин,2022-10-23 14:00:00-05:00,Partly-cloudy,29.7,36.2,48.3,5.57,Переменная облачность,23.10.2022
2022,2022201,2022-10-30,20,22,21,1,24,3,1,1,Mexico City Grand Prix,Mexico City Grand Prix,Гран-при Мехико,Гран-при Мехико,Мехико,Mexico,MEX,Autodromo Hermanos Rodriguez,Автодром имени братьев Родригес,Mexico,Mexico,MEX,Мексика,Мехико,2022-10-30 14:00:00-06:00,Partly-cloudy,24.5,39.6,32.7,1.21,Переменная облачность,30.10.2022
2022,2022210,2022-11-12,21,22,22,0,37,15,1,1,"Sao Paulo Grand Prix, sprint",São Paulo Grand Prix,"Гран-при Сан-Паулу, спринт",Гран-при Сан-Паулу,Сан-Паулу,Sao Paulo,BRA*,Interlagos Circuit,Автодром имени Жозе Карлуса Пасе (Интерлагос),Sao Paulo,Brazil,BRA,Бразилия,Сан-Паулу,2022-11-13 15:00:00-03:00,Partly-cloudy,22.3,34.7,71.6,1.4,Переменная облачность,12.11.2022
2022,2022211,2022-11-13,21,22,23,1,36,15,1,1,Sao Paulo Grand Prix,São Paulo Grand Prix,Гран-при Сан-Паулу,Гран-при Сан-Паулу,Сан-Паулу,Sao Paulo,BRA,Interlagos Circuit,Автодром имени Жозе Карлуса Пасе (Интерлагос),Sao Paulo,Brazil,BRA,Бразилия,Сан-Паулу,2022-11-13 15:00:00-03:00,Cloudy,22.5,43.4,78.3,1.4,Облачно,13.11.2022
2022,2022221,2022-11-20,22,22,24,1,1,28,1,1,Abu Dhabi Grand Prix,Abu Dhabi Grand Prix,Гран-при Абу-Даби,Гран-при Абу-Даби,Абу-Даби,Abu Dhabi,ARE,Yas Marina Circuit,Трасса Яс Марина,Yas Marina,Abu Dhabi,ARE,ОАЭ,Остров Яс,2022-11-20 17:00:00+04:00,Clear,28.2,33.0,64.3,2.49,Ясно,20.11.2022
2023,2023011,2023-03-05,1,22,0,1,7,4,1,1,Bahrain Grand Prix,Bahrain Grand Prix,Гран-при Бахрейна,Гран-при Бахрейна,Бахрейн,Bahrain,BAH,Bahrain International Circuit,Международный автодром Бахрейна,Sakhir,Bahrain,BAH,Бахрейн,Сахир,2023-03-05 18:00:00+03:00,Clear,26.8,29.9,21.1,0.5,Ясно,05.03.2023
2023,2023021,2023-03-19,2,22,1,1,32,17,1,1,Saudi Arabian Grand Prix,Saudi Arabian Grand Prix,Гран-при Саудовской Аравии,Гран-при Саудовской Аравии,Саудовская Аравия,Saudi Arabia,SAU,Jeddah Corniche Circuit,Городская трасса Джидда,Jeddah,Saudi Arabia,SAU,Саудовская Аравия,Джидда,2023-03-19 20:00:00+03:00,Clear,26.1,31.0,56.7,1.29,Ясно,19.03.2023
2023,2023031,2023-04-02,3,22,2,1,2,1,1,1,Australian Grand Prix,Australian Grand Prix,Гран-при Австралии,Гран-при Австралии,Австралия,Australia,AUS,Albert Park Circuit,Трасса Альберт-Парк,Melbourne,Australia,AUS,Австралия,Мельбурн,2023-04-02 15:00:00+10:00,Sunny,17.7,31.1,54.0,1.15,Солнечно,02.04.2023
2023,2023040,2023-04-29,4,22,3,0,6,5,1,1,"Azerbaijan Grand Prix, sprint",Azerbaijan Grand Prix,"Гран-при Азербайджана, спринт",Гран-при Азербайджана,Азербайджан,Azerbaijan,AZR*,Baku City Circuit,Городская трасса Баку,Baku,Azerbaijan,AZR,Азербайджан,Баку,2023-04-30 15:00:00+04:00,Sunny,22.0,33.7,63.3,1.02,Солнечно,29.04.2023
2023,2023041,2023-04-30,4,22,4,1,5,5,1,1,Azerbaijan Grand Prix,Azerbaijan Grand Prix,Гран-при Азербайджана,Гран-при Азербайджана,Азербайджан,Azerbaijan,AZR,Baku City Circuit,Городская трасса Баку,Baku,Azerbaijan,AZR,Азербайджан,Баку,2023-04-30 15:00:00+04:00,Partly-cloudy,25.2,40.4,48.5,1.04,Переменная облачность,30.04.2023
2023,2023051,2023-05-07,5,22,5,1,25,21,1,1,Miami Grand Prix,Miami Grand Prix,Гран-при Майами,Гран-при Майами,Майами,Miami,MIA,Miami International Autodrome,Международный автодром Майами,Miami,USA,USA,США,Майами,2023-05-07 15:30:00-04:00,Partly-cloudy,27.1,34.9,59.4,3.98,Переменная облачность,07.05.2023
2023,2023061,2023-05-28,6,22,6,1,27,10,1,1,Monaco Grand Prix,Monaco Grand Prix,Гран-при Монако,Гран-при Монако,Монако,Monaco,MON,Circuit de Monaco,Городская трасса Монако,Monaco,Monaco,MON,Монако,Монте-Карло,2023-05-28 15:00:00+02:00,Light-rain,24.8,36.0,46.9,1.15,Легкий дождь,28.05.2023
2023,2023071,2023-06-04,7,22,7,1,34,9,1,1,Spanish Grand Prix,Spanish Grand Prix,Гран-при Испании,Гран-при Испании,Испания,Spain,ESP,Circuit de Barcelona-Catalunya,Трасса Барселона-Каталунья,Barcelona,Spain,ESP,Испания,Барселона,2023-06-04 15:00:00+02:00,Cloudy,22.0,30.2,65.3,1.99,Облачно,04.06.2023
2023,2023081,2023-06-18,8,22,8,1,12,6,1,1,Canadian Grand Prix,Canadian Grand Prix,Гран-при Канады,Гран-при Канады,Канада,Canada,CAN,Circuit Gilles Villeneuve,Трасса имени Жиля Вильнёва,Montreal,Canada,CAN,Канада,Монреаль,2023-06-18 14:00:00-04:00,Partly-cloudy,19.0,30.9,62.3,1.92,Переменная облачность,18.06.2023
2023,2023090,2023-07-01,9,22,9,0,4,23,1,1,"Austrian Grand Prix, sprint",Austrian Grand Prix,"Гран-при Австрии, спринт",Гран-при Австрии,Австрия,Austria,AUT*,Red Bull Ring,Трасса Ред Булл Ринг,Spielberg,Austria,AUT,Австрия,Шпильберг,2023-07-02 15:00:00+02:00,Wet-drying,16.4,20.8,87.8,1.12,Подсыхающая трасса,01.07.2023
2023,2023091,2023-07-02,9,22,10,1,3,23,1,1,Austrian Grand Prix,Austrian Grand Prix,Гран-при Австрии,Гран-при Австрии,Австрия,Austria,AUT,Red Bull Ring,Трасса Ред Булл Ринг,Spielberg,Austria,AUT,Австрия,Шпильберг,2023-07-02 15:00:00+02:00,Cloudy,22.7,32.2,52.1,1.07,Облачно,02.07.2023
2023,2023101,2023-07-09,10,22,11,1,10,25,1,1,British Grand Prix,British Grand Prix,Гран-при Великобритании,Гран-при Великобритании,Великобритания,Great Britain,GBR,Silverstone Circuit,Трасса Сильверстоун,Silverstone,Great Britain,GBR,Великобритания,Сильверстоун,2023-07-09 15:00:00+01:00,Cloudy,21.0,29.9,59.4,2.57,Облачно,09.07.2023
2023,2023111,2023-07-23,11,22,12,1,19,13,1,1,Hungarian Grand Prix,Hungarian Grand Prix,Гран-при Венгрии,Гран-при Венгрии,Венгрия,Hungary,HUN,Hungaroring,Трасса Хунгароринг,Budapest,Hungary,HUN,Венгрия,Будапешт,2023-07-23 15:00:00+02:00,Sunny,29.2,48.0,32.4,1.49,Солнечно,23.07.2023
2023,2023120,2023-07-29,12,22,13,0,9,11,1,1,"Belgian Grand Prix, sprint",Belgian Grand Prix,"Гран-при Бельгии, спринт",Гран-при Бельгии,Бельгия,Belgium,BEL*,Circuit de Spa-Francorchamps,Трасса Спа-Франкоршам,Spa-Francorchamps,Belgium,BEL,Бельгия,Спа,2023-07-30 15:00:00+02:00,Light-rain,19.0,25.9,81.8,1.43,Легкий дождь,29.07.2023
2023,2023121,2023-07-30,12,22,14,1,8,11,1,1,Belgian Grand Prix,Belgian Grand Prix,Гран-при Бельгии,Гран-при Бельгии,Бельгия,Belgium,BEL,Circuit de Spa-Francorchamps,Трасса Спа-Франкоршам,Spa-Francorchamps,Belgium,BEL,Бельгия,Спа,2023-07-30 15:00:00+02:00,Cloudy,18.1,28.8,61.3,1.66,Облачно,30.07.2023
2023,2023131,2023-08-27,13,22,15,1,15,8,1,1,Dutch Grand Prix,Dutch Grand Prix,Гран-при Нидерландов,Гран-при Нидерландов,Нидерланды,Netherlands,NLD,Circuit Zandvoort,Трасса Зандворт,Zandvoort,Netherlands,NLD,Нидерланды,Зандворт,2023-08-27 15:00:00+02:00,Rain,16.9,25.5,68.6,2.61,Дождь,27.08.2023
2023,2023141,2023-09-03,14,22,16,1,20,22,1,1,Italian Grand Prix,Italian Grand Prix,Гран-при Италии,Гран-при Италии,Италия,Italy,ITA,Monza Circuit,Национальный автодром Монцы,Monza,Italy,ITA,Италия,Монца,2023-09-03 15:00:00+02:00,Sunny,29.9,42.9,40.7,1.38,Солнечно,03.09.2023
2023,2023151,2023-09-17,15,22,17,1,33,20,1,1,Singapore Grand Prix,Singapore Grand Prix,Гран-при Сингапура,Гран-при Сингапура,Сингапур,Singapore,SGP,Marina Bay Street Circuit,Городская трасса Марина-Бей,Marina Bay,Singapore,SGP,Сингапур,Марина Бэй,2023-09-17 20:00:00+08:00,Clear,29.8,35.8,73.5,1.59,Ясно,17.09.2023
2023,2023161,2023-09-24,16,22,18,1,22,27,1,1,Japanese Grand Prix,Japanese Grand Prix,Гран-при Японии,Гран-при Японии,Япония,Japan,JPN,Suzuka International Racing Course,Международная гоночная трасса Сузука,Suzuka,Japan,JPN,Япония,Сузука,2023-09-24 14:00:00+09:00,Sunny,27.2,40.3,42.2,1.46,Солнечно,24.09.2023
2023,2023170,2023-10-07,17,22,19,0,30,19,1,1,"Qatar Grand Prix, sprint",Qatar Grand Prix,"Гран-при Катара, спринт",Гран-при Катара,Катар,Qatar,QAT*,Lusail International Circuit,Международный автодром Лусаил,Lusail,Qatar,QAT,Катар,Лусаил,2023-10-08 20:00:00+03:00,Clear,31.5,35.5,61.4,1.08,Ясно,07.10.2023
2023,2023171,2023-10-08,17,22,20,1,29,19,1,1,Qatar Grand Prix,Qatar Grand Prix,Гран-при Катара,Гран-при Катара,Катар,Qatar,QAT,Lusail International Circuit,Международный автодром Лусаил,Lusail,Qatar,QAT,Катар,Лусаил,2023-10-08 20:00:00+03:00,Clear,31.3,36.6,74.6,0.82,Ясно,08.10.2023
2023,2023180,2023-10-21,18,22,21,0,40,12,1,1,"United States Grand Prix, sprint",United States Grand Prix,"Гран-при США, спринт",Гран-при США,США,USA,USA*,Circuit of the Americas,Трасса Америк,Austin,USA,USA,США,Остин,2023-10-22 14:00:00-05:00,Partly-cloudy,33.1,36.2,22.2,1.99,Переменная облачность,21.10.2023
2023,2023181,2023-10-22,18,22,22,1,39,12,1,1,United States Grand Prix,United States Grand Prix,Гран-при США,Гран-при США,США,USA,USA,Circuit of the Americas,Трасса Америк,Austin,USA,USA,США,Остин,2023-10-22 14:00:00-05:00,Sunny,30.4,41.2,39.3,3.36,Солнечно,22.10.2023
2023,2023191,2023-10-29,19,22,23,1,24,3,1,1,Mexico City Grand Prix,Mexico City Grand Prix,Гран-при Мехико,Гран-при Мехико,Мехико,Mexico,MEX,Autodromo Hermanos Rodriguez,Автодром имени братьев Родригес,Mexico,Mexico,MEX,Мексика,Мехико,2023-10-29 14:00:00-06:00,Sunny,26.0,44.9,21.9,1.46,Солнечно,29.10.2023
2023,2023200,2023-11-04,20,22,24,0,37,15,1,1,"Sao Paulo Grand Prix, sprint",São Paulo Grand Prix,"Гран-при Сан-Паулу, спринт",Гран-при Сан-Паулу,Сан-Паулу,Sao Paulo,BRA*,Interlagos Circuit,Автодром имени Жозе Карлуса Пасе (Интерлагос),Sao Paulo,Brazil,BRA,Бразилия,Сан-Паулу,2023-11-05 14:00:00-03:00,Sunny,27.5,43.9,17.8,1.46,Солнечно,04.11.2023
2023,2023201,2023-11-05,20,22,25,1,36,15,1,1,Sao Paulo Grand Prix,São Paulo Grand Prix,Гран-при Сан-Паулу,Гран-при Сан-Паулу,Сан-Паулу,Sao Paulo,BRA,Interlagos Circuit,Автодром имени Жозе Карлуса Пасе (Интерлагос),Sao Paulo,Brazil,BRA,Бразилия,Сан-Паулу,2023-11-05 14:00:00-03:00,Partly-cloudy,20.4,45.6,58.0,1.4,Переменная облачность,05.11.2023
2023,2023211,2023-11-18,21,22,26,1,23,18,1,1,Las Vegas Grand Prix,Las Vegas Grand Prix,Гран-при Лас-Вегаса,Гран-при Лас-Вегаса,Лас-Вегас,Las Vegas,LVG,Las Vegas Strip Circuit,Городская трасса Лас-Вегас,Las Vegas,USA,USA,США,Лас-Вегас,2023-11-18 22:00:00-08:00,Clear,18.1,17.9,47.6,2.34,Ясно,18.11.2023
2023,2023221,2023-11-26,22,22,27,1,1,28,1,1,Abu Dhabi Grand Prix,Abu Dhabi Grand Prix,Гран-при Абу-Даби,Гран-при Абу-Даби,Абу-Даби,Abu Dhabi,ARE,Yas Marina Circuit,Трасса Яс Марина,Yas Marina,Abu Dhabi,ARE,ОАЭ,Остров Яс,2023-11-26 17:00:00+04:00,Clear,26.7,32.0,52.0,1.68,Ясно,26.11.2023
2024,2024011,2024-03-02,1,24,0,1,7,4,1,1,Bahrain Grand Prix,Bahrain Grand Prix,Гран-при Бахрейна,Гран-при Бахрейна,Бахрейн,Bahrain,BAH,Bahrain International Circuit,Международный автодром Бахрейна,Sakhir,Bahrain,BAH,Бахрейн,Сахир,2024-03-02 18:00:00+03:00,Clear,18.0,22.8,49.9,0.55,Ясно,02.03.2024
2024,2024021,2024-03-09,2,24,1,1,32,17,1,1,Saudi Arabian Grand Prix,Saudi Arabian Grand Prix,Гран-при Саудовской Аравии,Гран-при Саудовской Аравии,Саудовская Аравия,Saudi Arabia,SAU,Jeddah Corniche Circuit,Городская трасса Джидда,Jeddah,Saudi Arabia,SAU,Саудовская Аравия,Джидда,2024-03-09 20:00:00+03:00,Clear,25.5,31.0,62.9,0.98,Ясно,09.03.2024
2024,2024031,2024-03-24,3,24,2,1,2,1,1,1,Australian Grand Prix,Australian Grand Prix,Гран-при Австралии,Гран-при Австралии,Австралия,Australia,AUS,Albert Park Circuit,Трасса Альберт-Парк,Melbourne,Australia,AUS,Австралия,Мельбурн,2024-03-24 15:00:00+11:00,Sunny,21.2,38.5,43.3,1.07,Солнечно,24.03.2024
2024,2024041,2024-04-07,4,24,3,1,22,27,1,1,Japanese Grand Prix,Japanese Grand Prix,Гран-при Японии,Гран-при Японии,Япония,Japan,JPN,Suzuka International Racing Course,Международная гоночная трасса Сузука,Suzuka,Japan,JPN,Япония,Сузука,2024-04-07 14:00:00+09:00,Partly-cloudy,21.2,35.5,46.0,2.38,Переменная облачность,07.04.2024
2024,2024050,2024-04-20,5,24,4,0,14,24,1,1,"Chinese Grand Prix, sprint",Chinese Grand Prix,"Гран-при Китая, спринт",Гран-при Китая,Китай,China,CHN*,Shanghai International Circuit,Международный автодром Шанхая,Shanghai,China,CHN,Китай,Шанхай,2024-04-21 15:00:00+08:00,Partly-cloudy,20.0,27.7,67.7,2.04,Переменная облачность,20.04.2024
2024,2024051,2024-04-21,5,24,5,1,13,24,1,1,Chinese Grand Prix,Chinese Grand Prix,Гран-при Китая,Гран-при Китая,Китай,China,CHN,Shanghai International Circuit,Международный автодром Шанхая,Shanghai,China,CHN,Китай,Шанхай,2024-04-21 15:00:00+08:00,Cloudy,18.6,29.3,66.5,2.1,Облачно,21.04.2024
2024,2024060,2024-05-04,6,24,6,0,26,21,1,1,"Miami Grand Prix, sprint",Miami Grand Prix,"Гран-при Майами, спринт",Гран-при Майами,Майами,Miami,MIA*,Miami International Autodrome,Международный автодром Майами,Miami,USA,USA,США,Майами,2024-05-05 16:00:00-04:00,Partly-cloudy,28.9,46.9,56.6,2.91,Переменная облачность,04.05.2024
2024,2024061,2024-05-05,6,24,7,1,25,21,1,1,Miami Grand Prix,Miami Grand Prix,Гран-при Майами,Гран-при Майами,Майами,Miami,MIA,Miami International Autodrome,Международный автодром Майами,Miami,USA,USA,США,Майами,2024-05-05 16:00:00-04:00,Partly-cloudy,28.5,43.6,60.1,3.06,Переменная облачность,05.05.2024
2024,2024071,2024-05-19,7,24,8,1,16,14,1,1,Emilia Romagna Grand Prix,Emilia Romagna Grand Prix,Гран-при Эмилии-Романьи,Гран-при Эмилии-Романьи,Эмилия-Романья,Emilia Romagna,EMI,Imola Circuit,Автодром Энцо и Дино Феррари (Имола),Imola,Italy,ITA,Италия,Имола,2024-05-19 15:00:00+02:00,Sunny,25.4,41.4,46.5,2.54,Солнечно,19.05.2024
2024,2024081,2024-05-26,8,24,9,1,27,10,1,1,Monaco Grand Prix,Monaco Grand Prix,Гран-при Монако,Гран-при Монако,Монако,Monaco,MON,Circuit de Monaco,Городская трасса Монако,Monaco,Monaco,MON,Монако,Монте-Карло,2024-05-26 15:00:00+02:00,Sunny,21.8,44.6,61.4,0.92,Солнечно,26.05.2024
2024,2024091,2024-06-09,9,24,10,1,12,6,1,1,Canadian Grand Prix,Canadian Grand Prix,Гран-при Канады,Гран-при Канады,Канада,Canada,CAN,Circuit Gilles Villeneuve,Трасса имени Жиля Вильнёва,Montreal,Canada,CAN,Канада,Монреаль,2024-06-09 14:00:00-04:00,Wet-drying,17.8,24.6,73.5,1.15,Подсыхающая трасса,09.06.2024
2024,2024101,2024-06-23,10,24,11,1,34,9,1,1,Spanish Grand Prix,Spanish Grand Prix,Гран-при Испании,Гран-при Испании,Испания,Spain,ESP,Circuit de Barcelona-Catalunya,Трасса Барселона-Каталунья,Barcelona,Spain,ESP,Испания,Барселона,2024-06-23 15:00:00+02:00,Partly-cloudy,24.1,41.1,63.0,1.57,Переменная облачность,23.06.2024
2024,2024110,2024-06-29,11,24,12,0,4,23,1,1,"Austrian Grand Prix, sprint",Austrian Grand Prix,"Гран-при Австрии, спринт",Гран-при Австрии,Австрия,Austria,AUT*,Red Bull Ring,Трасса Ред Булл Ринг,Spielberg,Austria,AUT,Австрия,Шпильберг,2024-06-30 15:00:00+02:00,Sunny,29.2,44.4,42.8,1.3,Солнечно,29.06.2024
2024,2024111,2024-06-30,11,24,13,1,3,23,1,1,Austrian Grand Prix,Austrian Grand Prix,Гран-при Австрии,Гран-при Австрии,Австрия,Austria,AUT,Red Bull Ring,Трасса Ред Булл Ринг,Spielberg,Austria,AUT,Австрия,Шпильберг,2024-06-30 15:00:00+02:00,Partly-cloudy,29.7,46.4,34.3,1.45,Переменная облачность,30.06.2024
2024,2024121,2024-07-07,12,24,14,1,10,25,1,1,British Grand Prix,British Grand Prix,Гран-при Великобритании,Гран-при Великобритании,Великобритания,Great Britain,GBR,Silverstone Circuit,Трасса Сильверстоун,Silverstone,Great Britain,GBR,Великобритания,Сильверстоун,2024-07-07 15:00:00+01:00,Light-rain,15.7,24.0,67.6,1.48,Легкий дождь,07.07.2024
2024,2024131,2024-07-21,13,24,15,1,19,13,1,1,Hungarian Grand Prix,Hungarian Grand Prix,Гран-при Венгрии,Гран-при Венгрии,Венгрия,Hungary,HUN,Hungaroring,Трасса Хунгароринг,Budapest,Hungary,HUN,Венгрия,Будапешт,2024-07-21 15:00:00+02:00,Clear,29.3,44.9,45.9,1.22,Ясно,21.07.2024
2024,2024141,2024-07-28,14,24,16,1,8,11,1,1,Belgian Grand Prix,Belgian Grand Prix,Гран-при Бельгии,Гран-при Бельгии,Бельгия,Belgium,BEL,Circuit de Spa-Francorchamps,Трасса Спа-Франкоршам,Spa-Francorchamps,Belgium,BEL,Бельгия,Спа,2024-07-28 15:00:00+02:00,Sunny,21.6,43.0,48.7,1.71,Солнечно,28.07.2024
2024,2024151,2024-08-25,15,24,17,1,15,8,1,1,Dutch Grand Prix,Dutch Grand Prix,Гран-при Нидерландов,Гран-при Нидерландов,Нидерланды,Netherlands,NLD,Circuit Zandvoort,Трасса Зандворт,Zandvoort,Netherlands,NLD,Нидерланды,Зандворт,2024-08-25 15:00:00+02:00,Partly-cloudy,19.3,31.6,58.4,4.6,Переменная облачность,25.08.2024
2024,2024161,2024-09-01,16,24,18,1,20,22,1,1,Italian Grand Prix,Italian Grand Prix,Гран-при Италии,Гран-при Италии,Италия,Italy,ITA,Monza Circuit,Национальный автодром Монцы,Monza,Italy,ITA,Италия,Монца,2024-09-01 15:00:00+02:00,Partly-cloudy,32.8,46.5,31.5,1.58,Переменная облачность,01.09.2024
2024,2024171,2024-09-15,17,24,19,1,5,5,1,1,Azerbaijan Grand Prix,Azerbaijan Grand Prix,Гран-при Азербайджана,Гран-при Азербайджана,Азербайджан,Azerbaijan,AZR,Baku City Circuit,Городская трасса Баку,Baku,Azerbaijan,AZR,Азербайджан,Баку,2024-09-15 15:00:00+04:00,Sunny,26.5,43.4,37.1,1.7,Солнечно,15.09.2024
2024,2024181,2024-09-22,18,24,20,1,33,20,1,1,Singapore Grand Prix,Singapore Grand Prix,Гран-при Сингапура,Гран-при Сингапура,Сингапур,Singapore,SGP,Marina Bay Street Circuit,Городская трасса Марина-Бей,Marina Bay,Singapore,SGP,Сингапур,Марина Бэй,2024-09-22 20:00:00+08:00,Clear,30.8,35.9,74.4,1.14,Ясно,22.09.2024
2024,2024190,2024-10-19,19,24,21,0,40,12,1,1,"United States Grand Prix, sprint",United States Grand Prix,"Гран-при США, спринт",Гран-при США,США,USA,USA*,Circuit of the Americas,Трасса Америк,Austin,USA,USA,США,Остин,2024-10-20 14:00:00-05:00,Sunny,27.2,43.8,45.5,1.35,Солнечно,19.10.2024
2024,2024191,2024-10-20,19,24,22,1,39,12,1,1,United States Grand Prix,United States Grand Prix,Гран-при США,Гран-при США,США,USA,USA,Circuit of the Americas,Трасса Америк,Austin,USA,USA,США,Остин,2024-10-20 14:00:00-05:00,Sunny,28.6,47.1,33.8,1.43,Солнечно,20.10.2024
2024,2024201,2024-10-27,20,24,23,1,24,3,1,1,Mexico City Grand Prix,Mexico City Grand Prix,Гран-при Мехико,Гран-при Мехико,Мехико,Mexico,MEX,Autodromo Hermanos Rodriguez,Автодром имени братьев Родригес,Mexico,Mexico,MEX,Мексика,Мехико,2024-10-27 14:00:00-06:00,Partly-cloudy,20.3,35.5,50.0,2.26,Переменная облачность,27.10.2024
2024,2024210,2024-11-02,21,24,24,0,37,15,1,1,"Sao Paulo Grand Prix, sprint",São Paulo Grand Prix,"Гран-при Сан-Паулу, спринт",Гран-при Сан-Паулу,Сан-Паулу,Sao Paulo,BRA*,Interlagos Circuit,Автодром имени Жозе Карлуса Пасе (Интерлагос),Sao Paulo,Brazil,BRA,Бразилия,Сан-Паулу,2024-11-03 12:30:00-03:00,Cloudy,28.5,48.9,47.4,1.73,Облачно,02.11.2024
2024,2024211,2024-11-03,21,24,25,1,36,15,1,1,Sao Paulo Grand Prix,São Paulo Grand Prix,Гран-при Сан-Паулу,Гран-при Сан-Паулу,Сан-Паулу,Sao Paulo,BRA,Interlagos Circuit,Автодром имени Жозе Карлуса Пасе (Интерлагос),Sao Paulo,Brazil,BRA,Бразилия,Сан-Паулу,2024-11-03 12:30:00-03:00,Rain,21.3,24.7,84.9,0.76,Дождь,03.11.2024
2024,2024221,2024-11-23,22,24,26,1,23,18,1,1,Las Vegas Grand Prix,Las Vegas Grand Prix,Гран-при Лас-Вегаса,Гран-при Лас-Вегаса,Лас-Вегас,Las Vegas,LVG,Las Vegas Strip Circuit,Городская трасса Лас-Вегас,Las Vegas,USA,USA,США,Лас-Вегас,2024-11-23 22:00:00-08:00,Clear,17.6,17.2,47.3,3.11,Ясно,23.11.2024
2024,2024230,2024-11-30,23,24,27,0,30,19,1,1,"Qatar Grand Prix, sprint",Qatar Grand Prix,"Гран-при Катара, спринт",Гран-при Катара,Катар,Qatar,QAT*,Lusail International Circuit,Международный автодром Лусаил,Lusail,Qatar,QAT,Катар,Лусаил,2024-12-01 19:00:00+03:00,Clear,21.1,25.3,53.0,3.09,Ясно,30.11.2024
2024,2024231,2024-12-01,23,24,28,1,29,19,1,1,Qatar Grand Prix,Qatar Grand Prix,Гран-при Катара,Гран-при Катара,Катар,Qatar,QAT,Lusail International Circuit,Международный автодром Лусаил,Lusail,Qatar,QAT,Катар,Лусаил,2024-12-01 19:00:00+03:00,Clear,18.7,22.4,57.6,1.22,Ясно,01.12.2024
2024,2024241,2024-12-08,24,24,29,1,1,28,1,1,Abu Dhabi Grand Prix,Abu Dhabi Grand Prix,Гран-при Абу-Даби,Гран-при Абу-Даби,Абу-Даби,Abu Dhabi,ARE,Yas Marina Circuit,Трасса Яс Марина,Yas Marina,Abu Dhabi,ARE,ОАЭ,Остров Яс,2024-12-08 17:00:00+04:00,Clear,26.4,30.7,54.8,1.85,Ясно,08.12.2024
2025,2025011,2025-03-16,1,24,0,1,2,1,1,1,Australian Grand Prix,Australian Grand Prix,Гран-при Австралии,Гран-при Австралии,Австралия,Australia,AUS,Albert Park Circuit,Трасса Альберт-Парк,Melbourne,Australia,AUS,Австралия,Мельбурн,2025-03-16 15:00:00+11:00,Light-rain,15.9,19.1,74.7,2.94,Легкий дождь,16.03.2025
2025,2025020,2025-03-22,2,24,1,0,14,24,1,1,"Chinese Grand Prix, sprint",Chinese Grand Prix,"Гран-при Китая, спринт",Гран-при Китая,Китай,China,CHN*,Shanghai International Circuit,Международный автодром Шанхая,Shanghai,China,CHN,Китай,Шанхай,2025-03-23 15:00:00+08:00,Partly-cloudy,23.4,36.6,30.0,1.42,Переменная облачность,22.03.2025
2025,2025021,2025-03-23,2,24,2,1,13,24,1,1,Chinese Grand Prix,Chinese Grand Prix,Гран-при Китая,Гран-при Китая,Китай,China,CHN,Shanghai International Circuit,Международный автодром Шанхая,Shanghai,China,CHN,Китай,Шанхай,2025-03-23 15:00:00+08:00,Partly-cloudy,27.0,33.6,19.3,2.16,Переменная облачность,23.03.2025
2025,2025031,2025-04-06,3,24,3,1,22,27,1,1,Japanese Grand Prix,Japanese Grand Prix,Гран-при Японии,Гран-при Японии,Япония,Japan,JPN,Suzuka International Racing Course,Международная гоночная трасса Сузука,Suzuka,Japan,JPN,Япония,Сузука,2025-04-06 14:00:00+09:00,Cloudy,14.4,19.8,77.2,1.23,Облачно,06.04.2025
2025,2025041,2025-04-13,4,24,4,1,7,4,1,1,Bahrain Grand Prix,Bahrain Grand Prix,Гран-при Бахрейна,Гран-при Бахрейна,Бахрейн,Bahrain,BAH,Bahrain International Circuit,Международный автодром Бахрейна,Sakhir,Bahrain,BAH,Бахрейн,Сахир,2025-04-13 18:00:00+03:00,Clear,26.8,31.1,45.8,1.97,Ясно,13.04.2025
2025,2025051,2025-04-20,5,24,5,1,32,17,1,1,Saudi Arabian Grand Prix,Saudi Arabian Grand Prix,Гран-при Саудовской Аравии,Гран-при Саудовской Аравии,Саудовская Аравия,Saudi Arabia,SAU,Jeddah Corniche Circuit,Городская трасса Джидда,Jeddah,Saudi Arabia,SAU,Саудовская Аравия,Джидда,2025-04-20 20:00:00+03:00,Clear,30.1,37.3,56.9,0.94,Ясно,20.04.2025
2025,2025060,2025-05-03,6,24,6,0,26,21,1,1,"Miami Grand Prix, sprint",Miami Grand Prix,"Гран-при Майами, спринт",Гран-при Майами,Майами,Miami,MIA*,Miami International Autodrome,Международный автодром Майами,Miami,USA,USA,США,Майами,2025-05-04 16:00:00-04:00,Wet-drying,26.4,31.4,75.6,1.04,Подсыхающая трасса,03.05.2025
2025,2025061,2025-05-04,6,24,7,1,25,21,1,1,Miami Grand Prix,Miami Grand Prix,Гран-при Майами,Гран-при Майами,Майами,Miami,MIA,Miami International Autodrome,Международный автодром Майами,Miami,USA,USA,США,Майами,2025-05-04 16:00:00-04:00,Cloudy,26.4,37.0,62.3,0.9,Облачно,04.05.2025
2025,2025071,2025-05-18,7,24,8,1,16,14,1,1,Emilia Romagna Grand Prix,Emilia Romagna Grand Prix,Гран-при Эмилии-Романьи,Гран-при Эмилии-Романьи,Эмилия-Романья,Emilia Romagna,EMI,Imola Circuit,Автодром Энцо и Дино Феррари (Имола),Imola,Italy,ITA,Италия,Имола,2025-05-18 15:00:00+02:00,Sunny,24.0,41.3,38.4,3.14,Солнечно,18.05.2025
2025,2025081,2025-05-25,8,24,9,1,27,10,1,1,Monaco Grand Prix,Monaco Grand Prix,Гран-при Монако,Гран-при Монако,Монако,Monaco,MON,Circuit de Monaco,Городская трасса Монако,Monaco,Monaco,MON,Монако,Монте-Карло,2025-05-25 15:00:00+02:00,Sunny,22.5,43.2,52.2,0.91,Солнечно,25.05.2025
2025,2025091,2025-06-01,9,24,10,1,34,9,1,1,Spanish Grand Prix,Spanish Grand Prix,Гран-при Испании,Гран-при Испании,Испания,Spain,ESP,Circuit de Barcelona-Catalunya,Трасса Барселона-Каталунья,Barcelona,Spain,ESP,Испания,Барселона,2025-06-01 15:00:00+02:00,Sunny,28.9,48.1,57.5,1.83,Солнечно,01.06.2025
2025,2025101,2025-06-15,10,24,11,1,12,6,1,1,Canadian Grand Prix,Canadian Grand Prix,Гран-при Канады,Гран-при Канады,Канада,Canada,CAN,Circuit Gilles Villeneuve,Трасса имени Жиля Вильнёва,Montreal,Canada,CAN,Канада,Монреаль,2025-06-15 14:00:00-04:00,Sunny,24.5,49.8,27.7,1.07,Солнечно,15.06.2025
2025,2025111,2025-06-29,11,24,12,1,3,23,1,1,Austrian Grand Prix,Austrian Grand Prix,Гран-при Австрии,Гран-при Австрии,Австрия,Austria,AUT,Red Bull Ring,Трасса Ред Булл Ринг,Spielberg,Austria,AUT,Австрия,Шпильберг,2025-06-29 15:00:00+02:00,Sunny,30.7,48.8,31.2,1.95,Солнечно,29.06.2025
2025,2025121,2025-07-06,12,24,13,1,10,25,1,1,British Grand Prix,British Grand Prix,Гран-при Великобритании,Гран-при Великобритании,Великобритания,Great Britain,GBR,Silverstone Circuit,Трасса Сильверстоун,Silverstone,Great Britain,GBR,Великобритания,Сильверстоун,2025-07-06 15:00:00+01:00,Wet-drying,18.1,23.3,75.6,1.63,Подсыхающая трасса,06.07.2025
2025,2025130,2025-07-26,13,24,14,0,9,11,1,1,"Belgian Grand Prix, sprint",Belgian Grand Prix,"Гран-при Бельгии, спринт",Гран-при Бельгии,Бельгия,Belgium,BEL*,Circuit de Spa-Francorchamps,Трасса Спа-Франкоршам,Spa-Francorchamps,Belgium,BEL,Бельгия,Спа,2025-07-27 15:00:00+02:00,Partly-cloudy,20.9,36.2,61.2,1.06,Переменная облачность,26.07.2025
2025,2025131,2025-07-27,13,24,15,1,8,11,1,1,Belgian Grand Prix,Belgian Grand Prix,Гран-при Бельгии,Гран-при Бельгии,Бельгия,Belgium,BEL,Circuit de Spa-Francorchamps,Трасса Спа-Франкоршам,Spa-Francorchamps,Belgium,BEL,Бельгия,Спа,2025-07-27 15:00:00+02:00,Wet-drying,17.5,24.7,80.7,1.56,Подсыхающая трасса,27.07.2025
2025,2025141,2025-08-03,14,24,16,1,19,13,1,1,Hungarian Grand Prix,Hungarian Grand Prix,Гран-при Венгрии,Гран-при Венгрии,Венгрия,Hungary,HUN,Hungaroring,Трасса Хунгароринг,Budapest,Hungary,HUN,Венгрия,Будапешт,2025-08-03 15:00:00+02:00,Cloudy,22.0,31.4,57.0,1.98,Облачно,03.08.2025
2025,2025151,2025-08-31,15,24,17,1,15,8,1,1,Dutch Grand Prix,Dutch Grand Prix,Гран-при Нидерландов,Гран-при Нидерландов,Нидерланды,Netherlands,NLD,Circuit Zandvoort,Трасса Зандворт,Zandvoort,Netherlands,NLD,Нидерланды,Зандворт,2025-08-31 15:00:00+02:00,Cloudy,20.0,27.7,71.9,2.36,Облачно,31.08.2025
2025,2025161,2025-09-07,16,24,18,1,20,22,1,1,Italian Grand Prix,Italian Grand Prix,Гран-при Италии,Гран-при Италии,Италия,Italy,ITA,Monza Circuit,Национальный автодром Монцы,Monza,Italy,ITA,Италия,Монца,2025-09-07 15:00:00+02:00,Sunny,27.0,42.7,41.8,2.46,Солнечно,07.09.2025
2025,2025171,2025-09-21,17,24,19,1,5,5,1,1,Azerbaijan Grand Prix,Azerbaijan Grand Prix,Гран-при Азербайджана,Гран-при Азербайджана,Азербайджан,Azerbaijan,AZR,Baku City Circuit,Городская трасса Баку,Baku,Azerbaijan,AZR,Азербайджан,Баку,2025-09-21 15:00:00+04:00,Cloudy,20.5,25.2,60.0,1.52,Облачно,21.09.2025
2025,2025181,2025-10-05,18,24,20,1,33,20,1,1,Singapore Grand Prix,Singapore Grand Prix,Гран-при Сингапура,Гран-при Сингапура,Сингапур,Singapore,SGP,Marina Bay Street Circuit,Городская трасса Марина-Бей,Marina Bay,Singapore,SGP,Сингапур,Марина Бэй,2025-10-05 20:00:00+08:00,Clear,29.2,33.8,73.0,1.17,Ясно,05.10.2025
2025,2025190,2025-10-18,19,24,21,0,40,12,1,1,"United States Grand Prix, sprint",United States Grand Prix,"Гран-при США, спринт",Гран-при США,США,USA,USA*,Circuit of the Americas,Трасса Америк,Austin,USA,USA,США,Остин,2025-10-19 14:00:00-05:00,Sunny,30.4,43.0,54.5,2.83,Солнечно,18.10.2025
2025,2025191,2025-10-19,19,24,22,1,39,12,1,1,United States Grand Prix,United States Grand Prix,Гран-при США,Гран-при США,США,USA,USA,Circuit of the Americas,Трасса Америк,Austin,USA,USA,США,Остин,2025-10-19 14:00:00-05:00,Sunny,28.8,45.7,20.9,1.72,Солнечно,19.10.2025
2025,2025201,2025-10-26,20,24,23,1,24,3,1,1,Mexico City Grand Prix,Mexico City Grand Prix,Гран-при Мехико,Гран-при Мехико,Мехико,Mexico,MEX,Autodromo Hermanos Rodriguez,Автодром имени братьев Родригес,Mexico,Mexico,MEX,Мексика,Мехико,2025-10-26 14:00:00-06:00,Sunny,26.7,49.8,22.5,1.92,Солнечно,26.10.2025
2025,2025210,2025-11-08,21,24,24,0,37,15,1,1,"Sao Paulo Grand Prix, sprint",São Paulo Grand Prix,"Гран-при Сан-Паулу, спринт",Гран-при Сан-Паулу,Сан-Паулу,Sao Paulo,BRA*,Interlagos Circuit,Автодром имени Жозе Карлуса Пасе (Интерлагос),Sao Paulo,Brazil,BRA,Бразилия,Сан-Паулу,2025-11-09 14:00:00-03:00,Cloudy,23.3,28.2,69.4,2.3,Облачно,08.11.2025
2025,2025211,2025-11-09,21,24,25,1,36,15,1,1,Sao Paulo Grand Prix,São Paulo Grand Prix,Гран-при Сан-Паулу,Гран-при Сан-Паулу,Сан-Паулу,Sao Paulo,BRA,Interlagos Circuit,Автодром имени Жозе Карлуса Пасе (Интерлагос),Sao Paulo,Brazil,BRA,Бразилия,Сан-Паулу,2025-11-09 14:00:00-03:00,Cloudy,17.4,30.8,69.8,1.55,Облачно,09.11.2025
2025,2025221,2025-11-22,22,24,26,1,23,18,1,1,Las Vegas Grand Prix,Las Vegas Grand Prix,Гран-при Лас-Вегаса,Гран-при Лас-Вегаса,Лас-Вегас,Las Vegas,LVG,Las Vegas Strip Circuit,Городская трасса Лас-Вегас,Las Vegas,USA,USA,США,Лас-Вегас,2025-11-22 20:00:00-08:00,Clear,16.6,17.4,38.4,1.88,Ясно,22.11.2025
2025,2025230,2025-11-29,23,24,27,0,30,19,1,1,"Qatar Grand Prix, sprint",Qatar Grand Prix,"Гран-при Катара, спринт",Гран-при Катара,Катар,Qatar,QAT*,Lusail International Circuit,Международный автодром Лусаил,Lusail,Qatar,QAT,Катар,Лусаил,2025-11-30 19:00:00+03:00,Clear,24.8,30.9,50.1,1.79,Ясно,29.11.2025
2025,2025231,2025-11-30,23,24,28,1,29,19,1,1,Qatar Grand Prix,Qatar Grand Prix,Гран-при Катара,Гран-при Катара,Катар,Qatar,QAT,Lusail International Circuit,Международный автодром Лусаил,Lusail,Qatar,QAT,Катар,Лусаил,2025-11-30 19:00:00+03:00,Clear,22.3,27.7,70.7,0.91,Ясно,30.11.2025
2025,2025241,2025-12-07,24,24,29,1,1,28,1,1,Abu Dhabi Grand Prix,Abu Dhabi Grand Prix,Гран-при Абу-Даби,Гран-при Абу-Даби,Абу-Даби,Abu Dhabi,ARE,Yas Marina Circuit,Трасса Яс Марина,Yas Marina,Abu Dhabi,ARE,ОАЭ,Остров Яс,2025-12-07 17:00:00+04:00,Clear,26.4,30.3,63.3,1.64,Ясно,07.12.2025
