Number,Abbreviation,Laptime,LapNumber,Stint,PitOutTime,PitInTime,Compound,TrackStatus,TyreLife,Position,RaceID,SafetyCarEnter,SafetyCarLeave,VirtualSafetyCarEnter,VirtualSafetyCarLeave,LaptimeDiff,LaptimeNaN,LaptimeMovingAverage,LaptimeClear,LaptimeClearPace,Pace,PaceMarker,PaceClearMarker,PaceDiff,PaceDiffClear,Consistency,ConsistencySign,ConsistencyClear,CompoundColor,LaptimeOutlier,TheOnlyValueInGroup,LaptimeMistake,MistakesLosses,PitLap,StintMeanLaptime,StintMeanConsistency,StintVerticalLine,StintLabel,LapsLeading,LaptimeSeriesActual,FullName,FirstName,LastName,Color,Overtakes
44,HAM,-,1.0,1.0,,,M,1,7,1,2025020,0,0,0,0,-,1,,-,-,96.937,,,-,-,-,,-,#F0E628,1,1,0,,0,96.937,0.206,0,0,1,1,Lewis Hamilton,Lewis,Hamilton,#CC1400,
44,HAM,-,2.0,1.0,,,M,1,8,1,2025020,0,0,0,0,-,1,,-,-,96.937,,,-,-,-,,-,#F0E628,1,0,0,,0,96.937,0.206,0,0,1,1,Lewis Hamilton,Lewis,Hamilton,#CC1400,0.0
44,HAM,96.151,3.0,1.0,,,M,1,9,1,2025020,0,0,0,0,-,0,,96.151,-,96.937,96.966,96.966,-0.815,-0.815,-,,-,#F0E628,0,0,0,,0,96.937,0.206,0,0,1,1,Lewis Hamilton,Lewis,Hamilton,#CC1400,0.0
44,HAM,96.064,4.0,1.0,,,M,1,10,1,2025020,0,0,0,0,0.087,0,96.107,96.064,96.107,96.937,96.969,96.93,-0.866,-0.866,0.043,-0.043,0.043,#F0E628,0,0,0,,0,96.937,0.206,0,0,1,1,Lewis Hamilton,Lewis,Hamilton,#CC1400,0.0
44,HAM,96.684,5.0,1.0,,,M,1,11,1,2025020,0,0,0,0,0.620,0,96.374,96.206,96.135,96.937,97.268,97.181,-0.497,-0.975,0.549,0.549,-,#F0E628,1,0,1,0.5487,0,96.937,0.206,0,0,1,1,Lewis Hamilton,Lewis,Hamilton,#CC1400,0.0
44,HAM,96.349,6.0,1.0,,,M,1,12,1,2025020,0,0,0,0,0.335,0,96.517,96.349,96.278,96.937,97.324,97.278,-0.929,-0.929,0.071,0.071,0.071,#F0E628,0,0,0,,0,96.937,0.206,0,0,1,1,Lewis Hamilton,Lewis,Hamilton,#CC1400,0.0
44,HAM,96.617,7.0,1.0,,,M,1,13,1,2025020,0,0,0,0,0.268,0,96.483,96.617,96.483,96.937,97.342,97.317,-0.700,-0.700,0.134,0.134,0.134,#F0E628,0,0,0,,0,96.937,0.206,0,0,1,1,Lewis Hamilton,Lewis,Hamilton,#CC1400,0.0
44,HAM,96.003,8.0,1.0,,,M,1,14,1,2025020,0,0,0,0,0.614,0,96.31,96.003,96.31,96.937,97.557,97.557,-1.554,-1.554,0.307,-0.307,0.307,#F0E628,0,0,0,,0,96.937,0.206,0,0,1,1,Lewis Hamilton,Lewis,Hamilton,#CC1400,0.0
44,HAM,96.941,9.0,1.0,,,M,1,15,1,2025020,0,0,0,0,0.938,0,96.472,96.438,96.22,96.937,98.052,97.892,-0.951,-1.454,0.721,0.721,-,#F0E628,1,0,1,0.7208,0,96.937,0.206,0,0,1,1,Lewis Hamilton,Lewis,Hamilton,#CC1400,0.0
44,HAM,96.872,10.0,1.0,,,M,1,16,1,2025020,0,0,0,0,0.069,0,96.906,96.872,96.655,96.937,98.221,98.196,-1.324,-1.324,0.217,0.217,0.217,#F0E628,0,0,0,,0,96.937,0.206,0,0,1,1,Lewis Hamilton,Lewis,Hamilton,#CC1400,0.0
44,HAM,96.702,11.0,1.0,,,M,1,17,1,2025020,0,0,0,0,0.170,0,96.787,96.702,96.787,96.937,98.552,98.418,-1.716,-1.716,0.085,-0.085,0.085,#F0E628,0,0,0,,0,96.937,0.206,0,1,1,1,Lewis Hamilton,Lewis,Hamilton,#CC1400,0.0
44,HAM,96.926,12.0,1.0,,,M,1,18,1,2025020,0,0,0,0,0.224,0,96.814,96.926,96.814,96.937,98.4,98.4,-1.474,-1.474,0.112,0.112,0.112,#F0E628,0,0,0,,0,96.937,0.206,0,0,1,1,Lewis Hamilton,Lewis,Hamilton,#CC1400,0.0
44,HAM,97.366,13.0,1.0,,,M,1,19,1,2025020,0,0,0,0,0.440,0,97.146,97.366,97.146,96.937,98.361,98.361,-0.995,-0.995,0.220,0.22,0.220,#F0E628,0,0,0,,0,96.937,0.206,0,0,1,1,Lewis Hamilton,Lewis,Hamilton,#CC1400,0.0
44,HAM,97.507,14.0,1.0,,,M,1,20,1,2025020,0,0,0,0,0.141,0,97.436,97.507,97.436,96.937,98.708,98.679,-1.172,-1.172,0.071,0.071,0.071,#F0E628,0,0,0,,0,96.937,0.206,0,0,1,1,Lewis Hamilton,Lewis,Hamilton,#CC1400,0.0
44,HAM,98.03,15.0,1.0,,,M,1,21,1,2025020,0,0,0,0,0.523,0,97.768,97.568,97.538,96.937,99.096,98.902,-0.872,-1.334,0.492,0.492,-,#F0E628,1,0,1,0.4925,0,96.937,0.206,0,0,1,1,Lewis Hamilton,Lewis,Hamilton,#CC1400,0.0
44,HAM,97.629,16.0,1.0,,,M,1,22,1,2025020,0,0,0,0,0.401,0,97.83,97.629,97.598,96.937,98.947,98.915,-1.286,-1.286,0.031,0.031,0.031,#F0E628,0,0,0,,0,96.937,0.206,0,0,1,1,Lewis Hamilton,Lewis,Hamilton,#CC1400,0.0
44,HAM,97.611,17.0,1.0,,,M,1,23,1,2025020,0,0,0,0,0.018,0,97.62,97.611,97.62,96.937,99.25,99.032,-1.421,-1.421,0.009,-0.009,0.009,#F0E628,0,0,0,,0,96.937,0.206,0,0,1,1,Lewis Hamilton,Lewis,Hamilton,#CC1400,0.0
44,HAM,97.349,18.0,1.0,,,M,1,24,1,2025020,0,0,0,0,0.262,0,97.48,97.349,97.48,96.937,99.244,99.219,-1.870,-1.870,0.131,-0.131,0.131,#F0E628,0,0,0,,0,96.937,0.206,0,0,1,1,Lewis Hamilton,Lewis,Hamilton,#CC1400,0.0
44,HAM,97.132,19.0,1.0,,,M,1,25,1,2025020,0,0,0,0,0.217,0,97.24,97.132,97.24,96.937,100.692,100.692,-3.560,-3.560,0.108,-0.108,0.108,#F0E628,0,0,0,,0,96.937,0.206,0,0,1,1,Lewis Hamilton,Lewis,Hamilton,#CC1400,0.0
81,PIA,-,1.0,1.0,,,M,1,5,3,2025020,0,0,0,0,-,1,,-,-,97.179,,,-,-,-,,-,#F0E628,1,1,0,,0,97.179,0.210,0,0,0,1,Oscar Piastri,Oscar,Piastri,#FF8000,
81,PIA,-,2.0,1.0,,,M,1,6,3,2025020,0,0,0,0,-,1,,-,-,97.179,,,-,-,-,,-,#F0E628,1,0,0,,0,97.179,0.210,0,0,0,1,Oscar Piastri,Oscar,Piastri,#FF8000,0.0
81,PIA,96.116,3.0,1.0,,,M,1,7,3,2025020,0,0,0,0,-,0,,96.116,-,97.179,96.966,96.966,-0.850,-0.850,-,,-,#F0E628,0,0,0,,0,97.179,0.210,0,0,0,1,Oscar Piastri,Oscar,Piastri,#FF8000,0.0
81,PIA,95.893,4.0,1.0,,,M,1,8,3,2025020,0,0,0,0,0.223,0,96.004,95.893,96.004,97.179,96.969,96.93,-1.037,-1.037,0.112,-0.112,0.112,#F0E628,0,0,0,,0,97.179,0.210,0,0,0,1,Oscar Piastri,Oscar,Piastri,#FF8000,0.0
81,PIA,96.349,5.0,1.0,,,M,1,9,3,2025020,0,0,0,0,0.456,0,96.121,96.349,96.121,97.179,97.268,97.181,-0.832,-0.832,0.228,0.228,0.228,#F0E628,0,0,0,,0,97.179,0.210,0,0,0,1,Oscar Piastri,Oscar,Piastri,#FF8000,0.0
81,PIA,96.316,6.0,1.0,,,M,1,10,3,2025020,0,0,0,0,0.033,0,96.333,96.316,96.333,97.179,97.324,97.278,-0.962,-0.962,0.017,-0.017,0.017,#F0E628,0,0,0,,0,97.179,0.210,0,0,0,1,Oscar Piastri,Oscar,Piastri,#FF8000,0.0
81,PIA,95.854,7.0,1.0,,,M,1,11,3,2025020,0,0,0,0,0.462,0,96.085,95.854,96.085,97.179,97.342,97.317,-1.463,-1.463,0.231,-0.231,0.231,#F0E628,0,0,0,,0,97.179,0.210,0,0,0,1,Oscar Piastri,Oscar,Piastri,#FF8000,0.0
81,PIA,96.666,8.0,1.0,,,M,1,12,3,2025020,0,0,0,0,0.812,0,96.26,96.666,96.26,97.179,97.557,97.557,-0.891,-0.891,0.406,0.406,0.406,#F0E628,0,0,0,,0,97.179,0.210,0,0,0,1,Oscar Piastri,Oscar,Piastri,#FF8000,0.0
81,PIA,97.157,9.0,1.0,,,M,1,13,3,2025020,0,0,0,0,0.491,0,96.911,97.157,96.911,97.179,98.052,97.892,-0.735,-0.735,0.246,0.246,0.246,#F0E628,0,0,0,,0,97.179,0.210,0,0,0,1,Oscar Piastri,Oscar,Piastri,#FF8000,0.0
81,PIA,96.399,10.0,1.0,,,M,1,14,3,2025020,0,0,0,0,0.758,0,96.778,96.399,96.778,97.179,98.221,98.196,-1.797,-1.797,0.379,-0.379,0.379,#F0E628,0,0,0,,0,97.179,0.210,0,0,0,1,Oscar Piastri,Oscar,Piastri,#FF8000,0.0
81,PIA,96.851,11.0,1.0,,,M,1,15,3,2025020,0,0,0,0,0.452,0,96.625,96.851,96.625,97.179,98.552,98.418,-1.567,-1.567,0.226,0.226,0.226,#F0E628,0,0,0,,0,97.179,0.210,0,1,0,1,Oscar Piastri,Oscar,Piastri,#FF8000,0.0
81,PIA,97.326,12.0,1.0,,,M,1,16,3,2025020,0,0,0,0,0.475,0,97.088,97.326,97.088,97.179,98.4,98.4,-1.074,-1.074,0.237,0.237,0.237,#F0E628,0,0,0,,0,97.179,0.210,0,0,0,1,Oscar Piastri,Oscar,Piastri,#FF8000,0.0
81,PIA,97.212,13.0,1.0,,,M,1,17,3,2025020,0,0,0,0,0.114,0,97.269,97.212,97.269,97.179,98.361,98.361,-1.149,-1.149,0.057,-0.057,0.057,#F0E628,0,0,0,,0,97.179,0.210,0,0,0,1,Oscar Piastri,Oscar,Piastri,#FF8000,0.0
81,PIA,97.852,14.0,1.0,,,M,1,18,3,2025020,0,0,0,0,0.640,0,97.532,97.852,97.532,97.179,98.708,98.679,-0.827,-0.827,0.320,0.32,0.320,#F0E628,0,0,0,,0,97.179,0.210,0,0,0,1,Oscar Piastri,Oscar,Piastri,#FF8000,0.0
81,PIA,98.117,15.0,1.0,,,M,1,19,2,2025020,0,0,0,0,0.265,0,97.984,98.117,97.984,97.179,99.096,98.902,-0.785,-0.785,0.133,0.133,0.133,#F0E628,0,0,0,,0,97.179,0.210,0,0,0,1,Oscar Piastri,Oscar,Piastri,#FF8000,1.0
81,PIA,98.741,16.0,1.0,,,M,1,20,2,2025020,0,0,0,0,0.624,0,98.429,98.741,98.429,97.179,98.947,98.915,-0.174,-0.174,0.312,0.312,0.312,#F0E628,0,0,0,,0,97.179,0.210,0,0,0,1,Oscar Piastri,Oscar,Piastri,#FF8000,0.0
81,PIA,98.748,17.0,1.0,,,M,1,21,2,2025020,0,0,0,0,0.007,0,98.744,98.748,98.744,97.179,99.25,99.032,-0.284,-0.284,0.004,0.004,0.004,#F0E628,0,0,0,,0,97.179,0.210,0,0,0,1,Oscar Piastri,Oscar,Piastri,#FF8000,0.0
81,PIA,98.612,18.0,1.0,,,M,1,22,2,2025020,0,0,0,0,0.136,0,98.68,98.612,98.68,97.179,99.244,99.219,-0.607,-0.607,0.068,-0.068,0.068,#F0E628,0,0,0,,0,97.179,0.210,0,0,0,1,Oscar Piastri,Oscar,Piastri,#FF8000,0.0
81,PIA,97.836,19.0,1.0,,,M,1,23,2,2025020,0,0,0,0,0.776,0,98.224,97.836,98.224,97.179,100.692,100.692,-2.856,-2.856,0.388,-0.388,0.388,#F0E628,0,0,0,,0,97.179,0.210,0,0,0,1,Oscar Piastri,Oscar,Piastri,#FF8000,0.0
1,VER,-,1.0,1.0,,,M,1,4,2,2025020,0,0,0,0,-,1,,-,-,97.448,,,-,-,-,,-,#F0E628,1,1,0,,0,97.448,0.290,0,0,0,1,Max Verstappen,Max,Verstappen,#3671C6,
1,VER,-,2.0,1.0,,,M,1,5,2,2025020,0,0,0,0,-,1,,-,-,97.448,,,-,-,-,,-,#F0E628,1,0,0,,0,97.448,0.290,0,0,0,1,Max Verstappen,Max,Verstappen,#3671C6,0.0
1,VER,95.997,3.0,1.0,,,M,1,6,2,2025020,0,0,0,0,-,0,,95.997,-,97.448,96.966,96.966,-0.969,-0.969,-,,-,#F0E628,0,0,0,,0,97.448,0.290,0,0,0,1,Max Verstappen,Max,Verstappen,#3671C6,0.0
1,VER,96.083,4.0,1.0,,,M,1,7,2,2025020,0,0,0,0,0.086,0,96.04,96.083,96.04,97.448,96.969,96.93,-0.847,-0.847,0.043,0.043,0.043,#F0E628,0,0,0,,0,97.448,0.290,0,0,0,1,Max Verstappen,Max,Verstappen,#3671C6,0.0
1,VER,96.728,5.0,1.0,,,M,1,8,2,2025020,0,0,0,0,0.645,0,96.405,96.373,96.228,97.448,97.268,97.181,-0.453,-0.808,0.500,0.5,-,#F0E628,1,0,1,0.5,0,97.448,0.290,0,0,0,1,Max Verstappen,Max,Verstappen,#3671C6,0.0
1,VER,96.663,6.0,1.0,,,M,1,9,2,2025020,0,0,0,0,0.065,0,96.696,96.663,96.518,97.448,97.324,97.278,-0.615,-0.615,0.145,0.145,0.145,#F0E628,0,0,0,,0,97.448,0.290,0,0,0,1,Max Verstappen,Max,Verstappen,#3671C6,0.0
1,VER,95.943,7.0,1.0,,,M,1,10,2,2025020,0,0,0,0,0.720,0,96.303,95.943,96.303,97.448,97.342,97.317,-1.374,-1.374,0.360,-0.36,0.360,#F0E628,0,0,0,,0,97.448,0.290,0,0,0,1,Max Verstappen,Max,Verstappen,#3671C6,0.0
1,VER,95.955,8.0,1.0,,,M,1,11,2,2025020,0,0,0,0,0.012,0,95.949,95.955,95.949,97.448,97.557,97.557,-1.602,-1.602,0.006,0.006,0.006,#F0E628,0,0,0,,0,97.448,0.290,0,0,0,1,Max Verstappen,Max,Verstappen,#3671C6,0.0
1,VER,97.444,9.0,1.0,,,M,1,12,2,2025020,0,0,0,0,1.489,0,96.7,96.502,96.229,97.448,98.052,97.892,-0.448,-1.389,1.215,1.215,-,#F0E628,1,0,1,1.2153,0,97.448,0.290,0,0,0,1,Max Verstappen,Max,Verstappen,#3671C6,0.0
1,VER,97.05,10.0,1.0,,,M,1,13,2,2025020,0,0,0,0,0.394,0,97.247,97.05,96.776,97.448,98.221,98.196,-1.146,-1.146,0.274,0.274,0.274,#F0E628,0,0,0,,0,97.448,0.290,0,0,0,1,Max Verstappen,Max,Verstappen,#3671C6,0.0
1,VER,96.859,11.0,1.0,,,M,1,14,2,2025020,0,0,0,0,0.191,0,96.954,96.859,96.954,97.448,98.552,98.418,-1.559,-1.559,0.096,-0.096,0.096,#F0E628,0,0,0,,0,97.448,0.290,0,1,0,1,Max Verstappen,Max,Verstappen,#3671C6,0.0
1,VER,97.239,12.0,1.0,,,M,1,15,2,2025020,0,0,0,0,0.380,0,97.049,97.239,97.049,97.448,98.4,98.4,-1.161,-1.161,0.190,0.19,0.190,#F0E628,0,0,0,,0,97.448,0.290,0,0,0,1,Max Verstappen,Max,Verstappen,#3671C6,0.0
1,VER,97.481,13.0,1.0,,,M,1,16,2,2025020,0,0,0,0,0.242,0,97.36,97.481,97.36,97.448,98.361,98.361,-0.880,-0.880,0.121,0.121,0.121,#F0E628,0,0,0,,0,97.448,0.290,0,0,0,1,Max Verstappen,Max,Verstappen,#3671C6,0.0
1,VER,97.723,14.0,1.0,,,M,1,17,2,2025020,0,0,0,0,0.242,0,97.602,97.723,97.602,97.448,98.708,98.679,-0.956,-0.956,0.121,0.121,0.121,#F0E628,0,0,0,,0,97.448,0.290,0,0,0,1,Max Verstappen,Max,Verstappen,#3671C6,0.0
1,VER,99.172,15.0,1.0,,,M,1,18,3,2025020,0,0,0,0,1.449,0,98.447,99.172,98.447,97.448,99.096,98.902,0.270,0.270,0.725,0.725,0.725,#F0E628,0,0,0,,0,97.448,0.290,0,0,0,1,Max Verstappen,Max,Verstappen,#3671C6,-1.0
1,VER,99.625,16.0,1.0,,,M,1,19,3,2025020,0,0,0,0,0.453,0,99.398,99.625,99.398,97.448,98.947,98.915,0.710,0.710,0.227,0.227,0.227,#F0E628,0,0,0,,0,97.448,0.290,0,0,0,1,Max Verstappen,Max,Verstappen,#3671C6,0.0
1,VER,99.163,17.0,1.0,,,M,1,20,3,2025020,0,0,0,0,0.462,0,99.394,99.163,99.394,97.448,99.25,99.032,0.131,0.131,0.231,-0.231,0.231,#F0E628,0,0,0,,0,97.448,0.290,0,0,0,1,Max Verstappen,Max,Verstappen,#3671C6,0.0
1,VER,99.102,18.0,1.0,,,M,1,21,3,2025020,0,0,0,0,0.061,0,99.132,99.102,99.132,97.448,99.244,99.219,-0.117,-0.117,0.030,-0.03,0.030,#F0E628,0,0,0,,0,97.448,0.290,0,0,0,1,Max Verstappen,Max,Verstappen,#3671C6,0.0
1,VER,98.393,19.0,1.0,,,M,1,22,3,2025020,0,0,0,0,0.709,0,98.748,98.393,98.748,97.448,100.692,100.692,-2.299,-2.299,0.355,-0.355,0.355,#F0E628,0,0,0,,0,97.448,0.290,0,0,0,1,Max Verstappen,Max,Verstappen,#3671C6,0.0
63,RUS,-,1.0,1.0,,,M,1,9,4,2025020,0,0,0,0,-,1,,-,-,97.363,,,-,-,-,,-,#F0E628,1,1,0,,0,97.363,0.164,0,0,0,1,George Russell,George,Russell,#27F4D2,
63,RUS,-,2.0,1.0,,,M,1,10,4,2025020,0,0,0,0,-,1,,-,-,97.363,,,-,-,-,,-,#F0E628,1,0,0,,0,97.363,0.164,0,0,0,1,George Russell,George,Russell,#27F4D2,0.0
63,RUS,96.045,3.0,1.0,,,M,1,11,4,2025020,0,0,0,0,-,0,,96.045,-,97.363,96.966,96.966,-0.921,-0.921,-,,-,#F0E628,0,0,0,,0,97.363,0.164,0,0,0,1,George Russell,George,Russell,#27F4D2,0.0
63,RUS,95.891,4.0,1.0,,,M,1,12,4,2025020,0,0,0,0,0.154,0,95.968,95.891,95.968,97.363,96.969,96.93,-1.039,-1.039,0.077,-0.077,0.077,#F0E628,0,0,0,,0,97.363,0.164,0,0,0,1,George Russell,George,Russell,#27F4D2,0.0
63,RUS,96.394,5.0,1.0,,,M,1,13,4,2025020,0,0,0,0,0.503,0,96.143,96.126,96.008,97.363,97.268,97.181,-0.787,-1.055,0.386,0.386,-,#F0E628,1,0,1,0.3855,0,97.363,0.164,0,0,0,1,George Russell,George,Russell,#27F4D2,0.0
63,RUS,96.361,6.0,1.0,,,M,1,14,4,2025020,0,0,0,0,0.033,0,96.378,96.361,96.244,97.363,97.324,97.278,-0.917,-0.917,0.117,0.117,0.117,#F0E628,0,0,0,,0,97.363,0.164,0,0,0,1,George Russell,George,Russell,#27F4D2,0.0
63,RUS,96.653,7.0,1.0,,,M,1,15,4,2025020,0,0,0,0,0.292,0,96.507,96.653,96.507,97.363,97.342,97.317,-0.664,-0.664,0.146,0.146,0.146,#F0E628,0,0,0,,0,97.363,0.164,0,0,0,1,George Russell,George,Russell,#27F4D2,0.0
63,RUS,96.719,8.0,1.0,,,M,1,16,4,2025020,0,0,0,0,0.066,0,96.686,96.719,96.686,97.363,97.557,97.557,-0.838,-0.838,0.033,0.033,0.033,#F0E628,0,0,0,,0,97.363,0.164,0,0,0,1,George Russell,George,Russell,#27F4D2,0.0
63,RUS,96.949,9.0,1.0,,,M,1,17,4,2025020,0,0,0,0,0.230,0,96.834,96.949,96.834,97.363,98.052,97.892,-0.943,-0.943,0.115,0.115,0.115,#F0E628,0,0,0,,0,97.363,0.164,0,0,0,1,George Russell,George,Russell,#27F4D2,0.0
63,RUS,97.323,10.0,1.0,,,M,1,18,4,2025020,0,0,0,0,0.374,0,97.136,97.323,97.136,97.363,98.221,98.196,-0.873,-0.873,0.187,0.187,0.187,#F0E628,0,0,0,,0,97.363,0.164,0,0,0,1,George Russell,George,Russell,#27F4D2,0.0
63,RUS,97.753,11.0,1.0,,,M,1,19,4,2025020,0,0,0,0,0.430,0,97.538,97.506,97.414,97.363,98.552,98.418,-0.665,-0.912,0.339,0.339,-,#F0E628,1,0,1,0.3388,0,97.363,0.164,0,1,0,1,George Russell,George,Russell,#27F4D2,0.0
63,RUS,97.688,12.0,1.0,,,M,1,20,4,2025020,0,0,0,0,0.065,0,97.72,97.688,97.597,97.363,98.4,98.4,-0.712,-0.712,0.091,0.091,0.091,#F0E628,0,0,0,,0,97.363,0.164,0,0,0,1,George Russell,George,Russell,#27F4D2,0.0
63,RUS,97.442,13.0,1.0,,,M,1,21,4,2025020,0,0,0,0,0.246,0,97.565,97.442,97.565,97.363,98.361,98.361,-0.919,-0.919,0.123,-0.123,0.123,#F0E628,0,0,0,,0,97.363,0.164,0,0,0,1,George Russell,George,Russell,#27F4D2,0.0
63,RUS,98.041,14.0,1.0,,,M,1,22,4,2025020,0,0,0,0,0.599,0,97.742,98.041,97.742,97.363,98.708,98.679,-0.638,-0.638,0.299,0.299,0.299,#F0E628,0,0,0,,0,97.363,0.164,0,0,0,1,George Russell,George,Russell,#27F4D2,0.0
63,RUS,98.304,15.0,1.0,,,M,1,23,4,2025020,0,0,0,0,0.263,0,98.172,98.304,98.172,97.363,99.096,98.902,-0.598,-0.598,0.132,0.132,0.132,#F0E628,0,0,0,,0,97.363,0.164,0,0,0,1,George Russell,George,Russell,#27F4D2,0.0
63,RUS,98.083,16.0,1.0,,,M,1,24,4,2025020,0,0,0,0,0.221,0,98.194,98.083,98.194,97.363,98.947,98.915,-0.832,-0.832,0.111,-0.111,0.111,#F0E628,0,0,0,,0,97.363,0.164,0,0,0,1,George Russell,George,Russell,#27F4D2,0.0
63,RUS,98.186,17.0,1.0,,,M,1,25,4,2025020,0,0,0,0,0.103,0,98.134,98.186,98.134,97.363,99.25,99.032,-0.846,-0.846,0.052,0.052,0.052,#F0E628,0,0,0,,0,97.363,0.164,0,0,0,1,George Russell,George,Russell,#27F4D2,0.0
63,RUS,98.313,18.0,1.0,,,M,1,26,4,2025020,0,0,0,0,0.127,0,98.25,98.313,98.25,97.363,99.244,99.219,-0.906,-0.906,0.063,0.063,0.063,#F0E628,0,0,0,,0,97.363,0.164,0,0,0,1,George Russell,George,Russell,#27F4D2,0.0
63,RUS,99.034,19.0,1.0,,,M,1,27,4,2025020,0,0,0,0,0.721,0,98.674,99.034,98.674,97.363,100.692,100.692,-1.658,-1.658,0.361,0.361,0.361,#F0E628,0,0,0,,0,97.363,0.164,0,0,0,1,George Russell,George,Russell,#27F4D2,0.0
16,LEC,-,1.0,1.0,,,M,1,7,5,2025020,0,0,0,0,-,1,,-,-,97.351,,,-,-,-,,-,#F0E628,1,1,0,,0,97.351,0.179,0,0,0,1,Charles Leclerc,Charles,Leclerc,#CC1400,
16,LEC,-,2.0,1.0,,,M,1,8,5,2025020,0,0,0,0,-,1,,-,-,97.351,,,-,-,-,,-,#F0E628,1,0,0,,0,97.351,0.179,0,0,0,1,Charles Leclerc,Charles,Leclerc,#CC1400,0.0
16,LEC,96.292,3.0,1.0,,,M,1,9,5,2025020,0,0,0,0,-,0,,96.292,-,97.351,96.966,96.966,-0.674,-0.674,-,,-,#F0E628,0,0,0,,0,97.351,0.179,0,0,0,1,Charles Leclerc,Charles,Leclerc,#CC1400,0.0
16,LEC,96.255,4.0,1.0,,,M,1,10,5,2025020,0,0,0,0,0.037,0,96.274,96.255,96.274,97.351,96.969,96.93,-0.675,-0.675,0.019,-0.019,0.019,#F0E628,0,0,0,,0,97.351,0.179,0,0,0,1,Charles Leclerc,Charles,Leclerc,#CC1400,0.0
16,LEC,96.524,5.0,1.0,,,M,1,11,5,2025020,0,0,0,0,0.269,0,96.39,96.524,96.39,97.351,97.268,97.181,-0.657,-0.657,0.135,0.135,0.135,#F0E628,0,0,0,,0,97.351,0.179,0,0,0,1,Charles Leclerc,Charles,Leclerc,#CC1400,0.0
16,LEC,96.344,6.0,1.0,,,M,1,12,5,2025020,0,0,0,0,0.180,0,96.434,96.344,96.434,97.351,97.324,97.278,-0.934,-0.934,0.090,-0.09,0.090,#F0E628,0,0,0,,0,97.351,0.179,0,0,0,1,Charles Leclerc,Charles,Leclerc,#CC1400,0.0
16,LEC,96.643,7.0,1.0,,,M,1,13,5,2025020,0,0,0,0,0.299,0,96.494,96.643,96.494,97.351,97.342,97.317,-0.674,-0.674,0.150,0.15,0.150,#F0E628,0,0,0,,0,97.351,0.179,0,0,0,1,Charles Leclerc,Charles,Leclerc,#CC1400,0.0
16,LEC,97.014,8.0,1.0,,,M,1,14,5,2025020,0,0,0,0,0.371,0,96.828,97.014,96.828,97.351,97.557,97.557,-0.543,-0.543,0.186,0.186,0.186,#F0E628,0,0,0,,0,97.351,0.179,0,0,0,1,Charles Leclerc,Charles,Leclerc,#CC1400,0.0
16,LEC,97.288,9.0,1.0,,,M,1,15,5,2025020,0,0,0,0,0.274,0,97.151,97.288,97.151,97.351,98.052,97.892,-0.604,-0.604,0.137,0.137,0.137,#F0E628,0,0,0,,0,97.351,0.179,0,0,0,1,Charles Leclerc,Charles,Leclerc,#CC1400,0.0
16,LEC,97.63,10.0,1.0,,,M,1,16,5,2025020,0,0,0,0,0.342,0,97.459,97.63,97.459,97.351,98.221,98.196,-0.566,-0.566,0.171,0.171,0.171,#F0E628,0,0,0,,0,97.351,0.179,0,0,0,1,Charles Leclerc,Charles,Leclerc,#CC1400,0.0
16,LEC,98.021,11.0,1.0,,,M,1,17,5,2025020,0,0,0,0,0.391,0,97.826,98.021,97.826,97.351,98.552,98.418,-0.397,-0.397,0.195,0.195,0.195,#F0E628,0,0,0,,0,97.351,0.179,0,1,0,1,Charles Leclerc,Charles,Leclerc,#CC1400,0.0
16,LEC,98.226,12.0,1.0,,,M,1,18,5,2025020,0,0,0,0,0.205,0,98.124,98.226,98.124,97.351,98.4,98.4,-0.174,-0.174,0.102,0.102,0.102,#F0E628,0,0,0,,0,97.351,0.179,0,0,0,1,Charles Leclerc,Charles,Leclerc,#CC1400,0.0
16,LEC,97.825,13.0,1.0,,,M,1,19,5,2025020,0,0,0,0,0.401,0,98.026,97.825,98.026,97.351,98.361,98.361,-0.536,-0.536,0.200,-0.2,0.200,#F0E628,0,0,0,,0,97.351,0.179,0,0,0,1,Charles Leclerc,Charles,Leclerc,#CC1400,0.0
16,LEC,97.267,14.0,1.0,,,M,1,20,5,2025020,0,0,0,0,0.558,0,97.546,97.267,97.546,97.351,98.708,98.679,-1.412,-1.412,0.279,-0.279,0.279,#F0E628,0,0,0,,0,97.351,0.179,0,0,0,1,Charles Leclerc,Charles,Leclerc,#CC1400,0.0
16,LEC,97.295,15.0,1.0,,,M,1,21,5,2025020,0,0,0,0,0.028,0,97.281,97.295,97.281,97.351,99.096,98.902,-1.607,-1.607,0.014,0.014,0.014,#F0E628,0,0,0,,0,97.351,0.179,0,0,0,1,Charles Leclerc,Charles,Leclerc,#CC1400,0.0
16,LEC,97.633,16.0,1.0,,,M,1,22,5,2025020,0,0,0,0,0.338,0,97.464,97.633,97.464,97.351,98.947,98.915,-1.282,-1.282,0.169,0.169,0.169,#F0E628,0,0,0,,0,97.351,0.179,0,0,0,1,Charles Leclerc,Charles,Leclerc,#CC1400,0.0
16,LEC,97.34,17.0,1.0,,,M,1,23,5,2025020,0,0,0,0,0.293,0,97.486,97.34,97.486,97.351,99.25,99.032,-1.692,-1.692,0.147,-0.147,0.147,#F0E628,0,0,0,,0,97.351,0.179,0,0,0,1,Charles Leclerc,Charles,Leclerc,#CC1400,0.0
16,LEC,98.284,18.0,1.0,,,M,1,24,5,2025020,0,0,0,0,0.944,0,97.812,98.284,97.812,97.351,99.244,99.219,-0.935,-0.935,0.472,0.472,0.472,#F0E628,0,0,0,,0,97.351,0.179,0,0,0,1,Charles Leclerc,Charles,Leclerc,#CC1400,0.0
16,LEC,99.086,19.0,1.0,,,M,1,25,5,2025020,0,0,0,0,0.802,0,98.685,99.086,98.685,97.351,100.692,100.692,-1.606,-1.606,0.401,0.401,0.401,#F0E628,0,0,0,,0,97.351,0.179,0,0,0,1,Charles Leclerc,Charles,Leclerc,#CC1400,0.0
22,TSU,-,1.0,1.0,,,M,1,4,6,2025020,0,0,0,0,-,1,,-,-,97.901,,,-,-,-,,-,#F0E628,1,1,0,,0,97.901,0.146,0,0,0,1,Yuki Tsunoda,Yuki,Tsunoda,#6692FF,
22,TSU,-,2.0,1.0,,,M,1,5,6,2025020,0,0,0,0,-,1,,-,-,97.901,,,-,-,-,,-,#F0E628,1,0,0,,0,97.901,0.146,0,0,0,1,Yuki Tsunoda,Yuki,Tsunoda,#6692FF,0.0
22,TSU,96.488,3.0,1.0,,,M,1,6,6,2025020,0,0,0,0,-,0,,96.488,-,97.901,96.966,96.966,-0.478,-0.478,-,,-,#F0E628,0,0,0,,0,97.901,0.146,0,0,0,1,Yuki Tsunoda,Yuki,Tsunoda,#6692FF,0.0
22,TSU,96.388,4.0,1.0,,,M,1,7,6,2025020,0,0,0,0,0.100,0,96.438,96.388,96.438,97.901,96.969,96.93,-0.542,-0.542,0.050,-0.05,0.050,#F0E628,0,0,0,,0,97.901,0.146,0,0,0,1,Yuki Tsunoda,Yuki,Tsunoda,#6692FF,0.0
22,TSU,96.527,5.0,1.0,,,M,1,8,6,2025020,0,0,0,0,0.139,0,96.458,96.527,96.458,97.901,97.268,97.181,-0.654,-0.654,0.069,0.069,0.069,#F0E628,0,0,0,,0,97.901,0.146,0,0,0,1,Yuki Tsunoda,Yuki,Tsunoda,#6692FF,0.0
22,TSU,96.85,6.0,1.0,,,M,1,9,6,2025020,0,0,0,0,0.323,0,96.688,96.85,96.688,97.901,97.324,97.278,-0.428,-0.428,0.161,0.161,0.161,#F0E628,0,0,0,,0,97.901,0.146,0,0,0,1,Yuki Tsunoda,Yuki,Tsunoda,#6692FF,0.0
22,TSU,96.8,7.0,1.0,,,M,1,10,6,2025020,0,0,0,0,0.050,0,96.825,96.8,96.825,97.901,97.342,97.317,-0.517,-0.517,0.025,-0.025,0.025,#F0E628,0,0,0,,0,97.901,0.146,0,0,0,1,Yuki Tsunoda,Yuki,Tsunoda,#6692FF,0.0
22,TSU,97.176,8.0,1.0,,,M,1,11,6,2025020,0,0,0,0,0.376,0,96.988,97.176,96.988,97.901,97.557,97.557,-0.381,-0.381,0.188,0.188,0.188,#F0E628,0,0,0,,0,97.901,0.146,0,0,0,1,Yuki Tsunoda,Yuki,Tsunoda,#6692FF,0.0
22,TSU,97.444,9.0,1.0,,,M,1,12,6,2025020,0,0,0,0,0.268,0,97.31,97.444,97.31,97.901,98.052,97.892,-0.448,-0.448,0.134,0.134,0.134,#F0E628,0,0,0,,0,97.901,0.146,0,0,0,1,Yuki Tsunoda,Yuki,Tsunoda,#6692FF,0.0
22,TSU,97.642,10.0,1.0,,,M,1,13,6,2025020,0,0,0,0,0.198,0,97.543,97.642,97.543,97.901,98.221,98.196,-0.554,-0.554,0.099,0.099,0.099,#F0E628,0,0,0,,0,97.901,0.146,0,0,0,1,Yuki Tsunoda,Yuki,Tsunoda,#6692FF,0.0
22,TSU,98.185,11.0,1.0,,,M,1,14,6,2025020,0,0,0,0,0.543,0,97.914,97.908,97.775,97.901,98.552,98.418,-0.233,-0.510,0.410,0.41,-,#F0E628,1,0,1,0.41,0,97.901,0.146,0,1,0,1,Yuki Tsunoda,Yuki,Tsunoda,#6692FF,0.0
22,TSU,98.174,12.0,1.0,,,M,1,15,6,2025020,0,0,0,0,0.011,0,98.18,98.174,98.041,97.901,98.4,98.4,-0.226,-0.226,0.133,0.133,0.133,#F0E628,0,0,0,,0,97.901,0.146,0,0,0,1,Yuki Tsunoda,Yuki,Tsunoda,#6692FF,0.0
22,TSU,98.608,13.0,1.0,,,M,1,16,6,2025020,0,0,0,0,0.434,0,98.391,98.608,98.391,97.901,98.361,98.361,0.247,0.247,0.217,0.217,0.217,#F0E628,0,0,0,,0,97.901,0.146,0,0,0,1,Yuki Tsunoda,Yuki,Tsunoda,#6692FF,0.0
22,TSU,98.639,14.0,1.0,,,M,1,17,6,2025020,0,0,0,0,0.031,0,98.624,98.639,98.624,97.901,98.708,98.679,-0.040,-0.040,0.015,0.015,0.015,#F0E628,0,0,0,,0,97.901,0.146,0,0,0,1,Yuki Tsunoda,Yuki,Tsunoda,#6692FF,0.0
22,TSU,99.093,15.0,1.0,,,M,1,18,6,2025020,0,0,0,0,0.454,0,98.866,98.782,98.711,97.901,99.096,98.902,0.191,-0.119,0.382,0.382,-,#F0E628,1,0,1,0.3823,0,97.901,0.146,0,0,0,1,Yuki Tsunoda,Yuki,Tsunoda,#6692FF,0.0
22,TSU,98.926,16.0,1.0,,,M,1,19,6,2025020,0,0,0,0,0.167,0,99.01,98.926,98.854,97.901,98.947,98.915,0.011,0.011,0.072,0.072,0.072,#F0E628,0,0,0,,0,97.901,0.146,0,0,0,1,Yuki Tsunoda,Yuki,Tsunoda,#6692FF,0.0
22,TSU,99.038,17.0,1.0,,,M,1,20,6,2025020,0,0,0,0,0.112,0,98.982,99.038,98.982,97.901,99.25,99.032,0.006,0.006,0.056,0.056,0.056,#F0E628,0,0,0,,0,97.901,0.146,0,0,0,1,Yuki Tsunoda,Yuki,Tsunoda,#6692FF,0.0
22,TSU,99.344,18.0,1.0,,,M,1,21,6,2025020,0,0,0,0,0.306,0,99.191,99.344,99.191,97.901,99.244,99.219,0.125,0.125,0.153,0.153,0.153,#F0E628,0,0,0,,0,97.901,0.146,0,0,0,1,Yuki Tsunoda,Yuki,Tsunoda,#6692FF,0.0
22,TSU,98.994,19.0,1.0,,,M,1,22,6,2025020,0,0,0,0,0.350,0,99.169,98.994,99.169,97.901,100.692,100.692,-1.698,-1.698,0.175,-0.175,0.175,#F0E628,0,0,0,,0,97.901,0.146,0,0,0,1,Yuki Tsunoda,Yuki,Tsunoda,#6692FF,0.0
12,ANT,-,1.0,1.0,,,M,1,8,7,2025020,0,0,0,0,-,1,,-,-,97.921,,,-,-,-,,-,#F0E628,1,1,0,,0,97.921,0.140,0,0,0,1,Kimi Antonelli,Kimi,Antonelli,#27F4D2,
12,ANT,-,2.0,1.0,,,M,1,9,7,2025020,0,0,0,0,-,1,,-,-,97.921,,,-,-,-,,-,#F0E628,1,0,0,,0,97.921,0.140,0,0,0,1,Kimi Antonelli,Kimi,Antonelli,#27F4D2,0.0
12,ANT,96.659,3.0,1.0,,,M,1,10,7,2025020,0,0,0,0,-,0,,96.659,-,97.921,96.966,96.966,-0.307,-0.307,-,,-,#F0E628,0,0,0,,0,97.921,0.140,0,0,0,1,Kimi Antonelli,Kimi,Antonelli,#27F4D2,0.0
12,ANT,96.518,4.0,1.0,,,M,1,11,7,2025020,0,0,0,0,0.141,0,96.589,96.518,96.589,97.921,96.969,96.93,-0.412,-0.412,0.071,-0.071,0.071,#F0E628,0,0,0,,0,97.921,0.140,0,0,0,1,Kimi Antonelli,Kimi,Antonelli,#27F4D2,0.0
12,ANT,96.311,5.0,1.0,,,M,1,12,7,2025020,0,0,0,0,0.207,0,96.414,96.311,96.414,97.921,97.268,97.181,-0.870,-0.870,0.103,-0.103,0.103,#F0E628,0,0,0,,0,97.921,0.140,0,0,0,1,Kimi Antonelli,Kimi,Antonelli,#27F4D2,0.0
12,ANT,96.859,6.0,1.0,,,M,1,13,7,2025020,0,0,0,0,0.548,0,96.585,96.511,96.411,97.921,97.324,97.278,-0.419,-0.767,0.448,0.448,-,#F0E628,1,0,1,0.448,0,97.921,0.140,0,0,0,1,Kimi Antonelli,Kimi,Antonelli,#27F4D2,0.0
12,ANT,96.711,7.0,1.0,,,M,1,14,7,2025020,0,0,0,0,0.148,0,96.785,96.711,96.611,97.921,97.342,97.317,-0.606,-0.606,0.100,0.1,0.100,#F0E628,0,0,0,,0,97.921,0.140,0,0,0,1,Kimi Antonelli,Kimi,Antonelli,#27F4D2,0.0
12,ANT,97.259,8.0,1.0,,,M,1,15,7,2025020,0,0,0,0,0.548,0,96.985,97.259,96.985,97.921,97.557,97.557,-0.298,-0.298,0.274,0.274,0.274,#F0E628,0,0,0,,0,97.921,0.140,0,0,0,1,Kimi Antonelli,Kimi,Antonelli,#27F4D2,0.0
12,ANT,97.318,9.0,1.0,,,M,1,16,7,2025020,0,0,0,0,0.059,0,97.288,97.318,97.288,97.921,98.052,97.892,-0.574,-0.574,0.029,0.029,0.029,#F0E628,0,0,0,,0,97.921,0.140,0,0,0,1,Kimi Antonelli,Kimi,Antonelli,#27F4D2,0.0
12,ANT,97.745,10.0,1.0,,,M,1,17,7,2025020,0,0,0,0,0.427,0,97.532,97.745,97.532,97.921,98.221,98.196,-0.451,-0.451,0.214,0.214,0.214,#F0E628,0,0,0,,0,97.921,0.140,0,0,0,1,Kimi Antonelli,Kimi,Antonelli,#27F4D2,0.0
12,ANT,98.266,11.0,1.0,,,M,1,18,7,2025020,0,0,0,0,0.521,0,98.006,98.266,98.006,97.921,98.552,98.418,-0.152,-0.152,0.260,0.26,0.260,#F0E628,0,0,0,,0,97.921,0.140,0,1,0,1,Kimi Antonelli,Kimi,Antonelli,#27F4D2,0.0
12,ANT,98.306,12.0,1.0,,,M,1,19,7,2025020,0,0,0,0,0.040,0,98.286,98.306,98.286,97.921,98.4,98.4,-0.094,-0.094,0.020,0.02,0.020,#F0E628,0,0,0,,0,97.921,0.140,0,0,0,1,Kimi Antonelli,Kimi,Antonelli,#27F4D2,0.0
12,ANT,98.56,13.0,1.0,,,M,1,20,7,2025020,0,0,0,0,0.254,0,98.433,98.56,98.433,97.921,98.361,98.361,0.199,0.199,0.127,0.127,0.127,#F0E628,0,0,0,,0,97.921,0.140,0,0,0,1,Kimi Antonelli,Kimi,Antonelli,#27F4D2,0.0
12,ANT,98.596,14.0,1.0,,,M,1,21,7,2025020,0,0,0,0,0.036,0,98.578,98.596,98.578,97.921,98.708,98.679,-0.083,-0.083,0.018,0.018,0.018,#F0E628,0,0,0,,0,97.921,0.140,0,0,0,1,Kimi Antonelli,Kimi,Antonelli,#27F4D2,0.0
12,ANT,98.995,15.0,1.0,,,M,1,22,7,2025020,0,0,0,0,0.399,0,98.796,98.995,98.796,97.921,99.096,98.902,0.093,0.093,0.200,0.2,0.200,#F0E628,0,0,0,,0,97.921,0.140,0,0,0,1,Kimi Antonelli,Kimi,Antonelli,#27F4D2,0.0
12,ANT,98.941,16.0,1.0,,,M,1,23,7,2025020,0,0,0,0,0.054,0,98.968,98.941,98.968,97.921,98.947,98.915,0.026,0.026,0.027,-0.027,0.027,#F0E628,0,0,0,,0,97.921,0.140,0,0,0,1,Kimi Antonelli,Kimi,Antonelli,#27F4D2,0.0
12,ANT,99.278,17.0,1.0,,,M,1,24,7,2025020,0,0,0,0,0.337,0,99.11,99.278,99.11,97.921,99.25,99.032,0.246,0.246,0.169,0.169,0.169,#F0E628,0,0,0,,0,97.921,0.140,0,0,0,1,Kimi Antonelli,Kimi,Antonelli,#27F4D2,0.0
12,ANT,99.083,18.0,1.0,,,M,1,25,7,2025020,0,0,0,0,0.195,0,99.18,99.083,99.18,97.921,99.244,99.219,-0.136,-0.136,0.097,-0.097,0.097,#F0E628,0,0,0,,0,97.921,0.140,0,0,0,1,Kimi Antonelli,Kimi,Antonelli,#27F4D2,0.0
12,ANT,99.249,19.0,1.0,,,M,1,26,7,2025020,0,0,0,0,0.166,0,99.166,99.249,99.166,97.921,100.692,100.692,-1.443,-1.443,0.083,0.083,0.083,#F0E628,0,0,0,,0,97.921,0.140,0,0,0,1,Kimi Antonelli,Kimi,Antonelli,#27F4D2,0.0
4,NOR,-,1.0,1.0,,,M,1,4,9,2025020,0,0,0,0,-,1,,-,-,97.872,,,-,-,-,,-,#F0E628,1,1,0,,0,97.872,0.235,0,0,0,1,Lando Norris,Lando,Norris,#FF8000,
4,NOR,-,2.0,1.0,,,M,1,5,9,2025020,0,0,0,0,-,1,,-,-,97.872,,,-,-,-,,-,#F0E628,1,0,0,,0,97.872,0.235,0,0,0,1,Lando Norris,Lando,Norris,#FF8000,0.0
4,NOR,97.101,3.0,1.0,,,M,1,6,9,2025020,0,0,0,0,-,0,,97.101,-,97.872,96.966,96.966,0.135,0.135,-,,-,#F0E628,0,0,0,,0,97.872,0.235,0,0,0,1,Lando Norris,Lando,Norris,#FF8000,0.0
4,NOR,96.708,4.0,1.0,,,M,1,7,9,2025020,0,0,0,0,0.393,0,96.904,96.708,96.904,97.872,96.969,96.93,-0.222,-0.222,0.197,-0.197,0.197,#F0E628,0,0,0,,0,97.872,0.235,0,0,0,1,Lando Norris,Lando,Norris,#FF8000,0.0
4,NOR,97.537,5.0,1.0,,,M,1,8,9,2025020,0,0,0,0,0.829,0,97.122,96.893,96.801,97.872,97.268,97.181,0.356,-0.288,0.736,0.736,-,#F0E628,1,0,1,0.7363,0,97.872,0.235,0,0,0,1,Lando Norris,Lando,Norris,#FF8000,0.0
4,NOR,97.079,6.0,1.0,,,M,1,9,9,2025020,0,0,0,0,0.458,0,97.308,97.079,96.986,97.872,97.324,97.278,-0.199,-0.199,0.093,0.093,0.093,#F0E628,0,0,0,,0,97.872,0.235,0,0,0,1,Lando Norris,Lando,Norris,#FF8000,0.0
4,NOR,97.098,7.0,1.0,,,M,1,10,9,2025020,0,0,0,0,0.019,0,97.088,97.098,97.088,97.872,97.342,97.317,-0.219,-0.219,0.010,0.01,0.010,#F0E628,0,0,0,,0,97.872,0.235,0,0,0,1,Lando Norris,Lando,Norris,#FF8000,0.0
4,NOR,97.262,8.0,1.0,,,M,1,11,9,2025020,0,0,0,0,0.164,0,97.18,97.262,97.18,97.872,97.557,97.557,-0.295,-0.295,0.082,0.082,0.082,#F0E628,0,0,0,,0,97.872,0.235,0,0,0,1,Lando Norris,Lando,Norris,#FF8000,0.0
4,NOR,97.882,9.0,1.0,,,M,1,12,9,2025020,0,0,0,0,0.620,0,97.572,97.566,97.414,97.872,98.052,97.892,-0.010,-0.326,0.468,0.468,-,#F0E628,1,0,1,0.4683,0,97.872,0.235,0,0,0,1,Lando Norris,Lando,Norris,#FF8000,0.0
4,NOR,97.869,10.0,1.0,,,M,1,13,9,2025020,0,0,0,0,0.013,0,97.876,97.869,97.717,97.872,98.221,98.196,-0.327,-0.327,0.152,0.152,0.152,#F0E628,0,0,0,,0,97.872,0.235,0,0,0,1,Lando Norris,Lando,Norris,#FF8000,0.0
4,NOR,98.227,11.0,1.0,,,M,1,14,9,2025020,0,0,0,0,0.358,0,98.048,98.227,98.048,97.872,98.552,98.418,-0.191,-0.191,0.179,0.179,0.179,#F0E628,0,0,0,,0,97.872,0.235,0,1,0,1,Lando Norris,Lando,Norris,#FF8000,0.0
4,NOR,97.62,12.0,1.0,,,M,1,15,9,2025020,0,0,0,0,0.607,0,97.924,97.62,97.924,97.872,98.4,98.4,-0.780,-0.780,0.303,-0.303,0.303,#F0E628,0,0,0,,0,97.872,0.235,0,0,0,1,Lando Norris,Lando,Norris,#FF8000,0.0
4,NOR,97.937,13.0,1.0,,,M,1,16,9,2025020,0,0,0,0,0.317,0,97.779,97.937,97.779,97.872,98.361,98.361,-0.424,-0.424,0.158,0.158,0.158,#F0E628,0,0,0,,0,97.872,0.235,0,0,0,1,Lando Norris,Lando,Norris,#FF8000,0.0
4,NOR,97.913,14.0,1.0,,,M,1,17,9,2025020,0,0,0,0,0.024,0,97.925,97.913,97.925,97.872,98.708,98.679,-0.766,-0.766,0.012,-0.012,0.012,#F0E628,0,0,0,,0,97.872,0.235,0,0,0,1,Lando Norris,Lando,Norris,#FF8000,0.0
4,NOR,98.984,15.0,1.0,,,M,1,18,9,2025020,0,0,0,0,1.071,0,98.448,98.338,98.125,97.872,99.096,98.902,0.082,-0.564,0.859,0.859,-,#F0E628,1,0,1,0.8588,0,97.872,0.235,0,0,0,1,Lando Norris,Lando,Norris,#FF8000,0.0
4,NOR,98.762,16.0,1.0,,,M,1,19,9,2025020,0,0,0,0,0.222,0,98.873,98.762,98.55,97.872,98.947,98.915,-0.153,-0.153,0.212,0.212,0.212,#F0E628,0,0,0,,0,97.872,0.235,0,0,0,1,Lando Norris,Lando,Norris,#FF8000,0.0
4,NOR,98.722,17.0,1.0,,,M,1,20,8,2025020,0,0,0,0,0.040,0,98.742,98.722,98.742,97.872,99.25,99.032,-0.310,-0.310,0.020,-0.02,0.020,#F0E628,0,0,0,,0,97.872,0.235,0,0,0,1,Lando Norris,Lando,Norris,#FF8000,1.0
4,NOR,98.424,18.0,1.0,,,M,1,21,8,2025020,0,0,0,0,0.298,0,98.573,98.424,98.573,97.872,99.244,99.219,-0.795,-0.795,0.149,-0.149,0.149,#F0E628,0,0,0,,0,97.872,0.235,0,0,0,1,Lando Norris,Lando,Norris,#FF8000,0.0
4,NOR,98.697,19.0,1.0,,,M,1,22,8,2025020,0,0,0,0,0.273,0,98.56,98.697,98.56,97.872,100.692,100.692,-1.995,-1.995,0.136,0.136,0.136,#F0E628,0,0,0,,0,97.872,0.235,0,0,0,1,Lando Norris,Lando,Norris,#FF8000,0.0
18,STR,-,1.0,1.0,,,M,1,4,8,2025020,0,0,0,0,-,1,,-,-,97.988,,,-,-,-,,-,#F0E628,1,1,0,,0,97.988,0.246,0,0,0,1,Lance Stroll,Lance,Stroll,#229971,
18,STR,-,2.0,1.0,,,M,1,5,8,2025020,0,0,0,0,-,1,,-,-,97.988,,,-,-,-,,-,#F0E628,1,0,0,,0,97.988,0.246,0,0,0,1,Lance Stroll,Lance,Stroll,#229971,0.0
18,STR,96.914,3.0,1.0,,,M,1,6,8,2025020,0,0,0,0,-,0,,96.914,-,97.988,96.966,96.966,-0.052,-0.052,-,,-,#F0E628,0,0,0,,0,97.988,0.246,0,0,0,1,Lance Stroll,Lance,Stroll,#229971,0.0
18,STR,96.435,4.0,1.0,,,M,1,7,8,2025020,0,0,0,0,0.479,0,96.674,96.435,96.674,97.988,96.969,96.93,-0.495,-0.495,0.239,-0.239,0.239,#F0E628,0,0,0,,0,97.988,0.246,0,0,0,1,Lance Stroll,Lance,Stroll,#229971,0.0
18,STR,96.903,5.0,1.0,,,M,1,8,8,2025020,0,0,0,0,0.468,0,96.669,96.903,96.669,97.988,97.268,97.181,-0.278,-0.278,0.234,0.234,0.234,#F0E628,0,0,0,,0,97.988,0.246,0,0,0,1,Lance Stroll,Lance,Stroll,#229971,0.0
18,STR,97.075,6.0,1.0,,,M,1,9,8,2025020,0,0,0,0,0.172,0,96.989,97.075,96.989,97.988,97.324,97.278,-0.203,-0.203,0.086,0.086,0.086,#F0E628,0,0,0,,0,97.988,0.246,0,0,0,1,Lance Stroll,Lance,Stroll,#229971,0.0
18,STR,96.895,7.0,1.0,,,M,1,10,8,2025020,0,0,0,0,0.180,0,96.985,96.895,96.985,97.988,97.342,97.317,-0.422,-0.422,0.090,-0.09,0.090,#F0E628,0,0,0,,0,97.988,0.246,0,0,0,1,Lance Stroll,Lance,Stroll,#229971,0.0
18,STR,97.136,8.0,1.0,,,M,1,11,8,2025020,0,0,0,0,0.241,0,97.016,97.136,97.016,97.988,97.557,97.557,-0.421,-0.421,0.120,0.12,0.120,#F0E628,0,0,0,,0,97.988,0.246,0,0,0,1,Lance Stroll,Lance,Stroll,#229971,0.0
18,STR,97.32,9.0,1.0,,,M,1,12,8,2025020,0,0,0,0,0.184,0,97.228,97.32,97.228,97.988,98.052,97.892,-0.572,-0.572,0.092,0.092,0.092,#F0E628,0,0,0,,0,97.988,0.246,0,0,0,1,Lance Stroll,Lance,Stroll,#229971,0.0
18,STR,97.23,10.0,1.0,,,M,1,13,8,2025020,0,0,0,0,0.090,0,97.275,97.23,97.275,97.988,98.221,98.196,-0.966,-0.966,0.045,-0.045,0.045,#F0E628,0,0,0,,0,97.988,0.246,0,0,0,1,Lance Stroll,Lance,Stroll,#229971,0.0
18,STR,98.062,11.0,1.0,,,M,1,14,8,2025020,0,0,0,0,0.832,0,97.646,98.062,97.646,97.988,98.552,98.418,-0.356,-0.356,0.416,0.416,0.416,#F0E628,0,0,0,,0,97.988,0.246,0,1,0,1,Lance Stroll,Lance,Stroll,#229971,0.0
18,STR,98.22,12.0,1.0,,,M,1,15,8,2025020,0,0,0,0,0.158,0,98.141,98.22,98.141,97.988,98.4,98.4,-0.180,-0.180,0.079,0.079,0.079,#F0E628,0,0,0,,0,97.988,0.246,0,0,0,1,Lance Stroll,Lance,Stroll,#229971,0.0
18,STR,98.441,13.0,1.0,,,M,1,16,8,2025020,0,0,0,0,0.221,0,98.33,98.441,98.33,97.988,98.361,98.361,0.080,0.080,0.111,0.111,0.111,#F0E628,0,0,0,,0,97.988,0.246,0,0,0,1,Lance Stroll,Lance,Stroll,#229971,0.0
18,STR,98.976,14.0,1.0,,,M,1,17,8,2025020,0,0,0,0,0.535,0,98.708,98.976,98.708,97.988,98.708,98.679,0.297,0.297,0.267,0.267,0.267,#F0E628,0,0,0,,0,97.988,0.246,0,0,0,1,Lance Stroll,Lance,Stroll,#229971,0.0
18,STR,99.505,15.0,1.0,,,M,1,18,8,2025020,0,0,0,0,0.529,0,99.24,99.505,99.24,97.988,99.096,98.902,0.603,0.603,0.264,0.264,0.264,#F0E628,0,0,0,,0,97.988,0.246,0,0,0,1,Lance Stroll,Lance,Stroll,#229971,0.0
18,STR,98.678,16.0,1.0,,,M,1,19,8,2025020,0,0,0,0,0.827,0,99.092,98.678,99.092,97.988,98.947,98.915,-0.237,-0.237,0.413,-0.413,0.413,#F0E628,0,0,0,,0,97.988,0.246,0,0,0,1,Lance Stroll,Lance,Stroll,#229971,0.0
18,STR,100.063,17.0,1.0,,,M,1,20,9,2025020,0,0,0,0,1.385,0,99.37,98.872,98.775,97.988,99.25,99.032,1.031,-0.160,1.288,1.288,-,#F0E628,1,0,1,1.288,0,97.988,0.246,0,0,0,1,Lance Stroll,Lance,Stroll,#229971,-1.0
18,STR,99.066,18.0,1.0,,,M,1,21,9,2025020,0,0,0,0,0.997,0,99.565,99.066,98.969,97.988,99.244,99.219,-0.153,-0.153,0.097,0.097,0.097,#F0E628,0,0,0,,0,97.988,0.246,0,0,0,1,Lance Stroll,Lance,Stroll,#229971,0.0
18,STR,98.885,19.0,1.0,,,M,1,22,9,2025020,0,0,0,0,0.181,0,98.976,98.885,98.976,97.988,100.692,100.692,-1.807,-1.807,0.091,-0.091,0.091,#F0E628,0,0,0,,0,97.988,0.246,0,0,0,1,Lance Stroll,Lance,Stroll,#229971,0.0
14,ALO,-,1.0,1.0,,,M,1,4,10,2025020,0,0,0,0,-,1,,-,-,98.682,,,-,-,-,,-,#F0E628,1,1,0,,0,98.682,0.187,0,0,0,1,Fernando Alonso,Fernando,Alonso,#229971,
14,ALO,-,2.0,1.0,,,M,1,5,10,2025020,0,0,0,0,-,1,,-,-,98.682,,,-,-,-,,-,#F0E628,1,0,0,,0,98.682,0.187,0,0,0,1,Fernando Alonso,Fernando,Alonso,#229971,0.0
14,ALO,97.505,3.0,1.0,,,M,1,6,10,2025020,0,0,0,0,-,0,,97.505,-,98.682,96.966,96.966,0.539,0.539,-,,-,#F0E628,0,0,0,,0,98.682,0.187,0,0,0,1,Fernando Alonso,Fernando,Alonso,#229971,0.0
14,ALO,97.473,4.0,1.0,,,M,1,7,10,2025020,0,0,0,0,0.032,0,97.489,97.473,97.489,98.682,96.969,96.93,0.543,0.543,0.016,-0.016,0.016,#F0E628,0,0,0,,0,98.682,0.187,0,0,0,1,Fernando Alonso,Fernando,Alonso,#229971,0.0
14,ALO,97.603,5.0,1.0,,,M,1,8,10,2025020,0,0,0,0,0.130,0,97.538,97.603,97.538,98.682,97.268,97.181,0.422,0.422,0.065,0.065,0.065,#F0E628,0,0,0,,0,98.682,0.187,0,0,0,1,Fernando Alonso,Fernando,Alonso,#229971,0.0
14,ALO,97.623,6.0,1.0,,,M,1,9,10,2025020,0,0,0,0,0.020,0,97.613,97.623,97.613,98.682,97.324,97.278,0.345,0.345,0.010,0.01,0.010,#F0E628,0,0,0,,0,98.682,0.187,0,0,0,1,Fernando Alonso,Fernando,Alonso,#229971,0.0
14,ALO,97.269,7.0,1.0,,,M,1,10,10,2025020,0,0,0,0,0.354,0,97.446,97.269,97.446,98.682,97.342,97.317,-0.048,-0.048,0.177,-0.177,0.177,#F0E628,0,0,0,,0,98.682,0.187,0,0,0,1,Fernando Alonso,Fernando,Alonso,#229971,0.0
14,ALO,97.058,8.0,1.0,,,M,1,11,10,2025020,0,0,0,0,0.211,0,97.164,97.058,97.164,98.682,97.557,97.557,-0.499,-0.499,0.105,-0.105,0.105,#F0E628,0,0,0,,0,98.682,0.187,0,0,0,1,Fernando Alonso,Fernando,Alonso,#229971,0.0
14,ALO,97.646,9.0,1.0,,,M,1,12,10,2025020,0,0,0,0,0.588,0,97.352,97.646,97.352,98.682,98.052,97.892,-0.246,-0.246,0.294,0.294,0.294,#F0E628,0,0,0,,0,98.682,0.187,0,0,0,1,Fernando Alonso,Fernando,Alonso,#229971,0.0
14,ALO,98.041,10.0,1.0,,,M,1,13,10,2025020,0,0,0,0,0.395,0,97.844,98.041,97.844,98.682,98.221,98.196,-0.155,-0.155,0.197,0.197,0.197,#F0E628,0,0,0,,0,98.682,0.187,0,0,0,1,Fernando Alonso,Fernando,Alonso,#229971,0.0
14,ALO,98.384,11.0,1.0,,,M,1,14,10,2025020,0,0,0,0,0.343,0,98.212,98.384,98.212,98.682,98.552,98.418,-0.034,-0.034,0.171,0.171,0.171,#F0E628,0,0,0,,0,98.682,0.187,0,1,0,1,Fernando Alonso,Fernando,Alonso,#229971,0.0
14,ALO,98.886,12.0,1.0,,,M,1,15,10,2025020,0,0,0,0,0.502,0,98.635,98.886,98.635,98.682,98.4,98.4,0.486,0.486,0.251,0.251,0.251,#F0E628,0,0,0,,0,98.682,0.187,0,0,0,1,Fernando Alonso,Fernando,Alonso,#229971,0.0
14,ALO,99.229,13.0,1.0,,,M,1,16,10,2025020,0,0,0,0,0.343,0,99.058,99.229,99.058,98.682,98.361,98.361,0.868,0.868,0.171,0.171,0.171,#F0E628,0,0,0,,0,98.682,0.187,0,0,0,1,Fernando Alonso,Fernando,Alonso,#229971,0.0
14,ALO,99.602,14.0,1.0,,,M,1,17,10,2025020,0,0,0,0,0.373,0,99.416,99.602,99.416,98.682,98.708,98.679,0.923,0.923,0.186,0.186,0.186,#F0E628,0,0,0,,0,98.682,0.187,0,0,0,1,Fernando Alonso,Fernando,Alonso,#229971,0.0
14,ALO,100.376,15.0,1.0,,,M,1,18,10,2025020,0,0,0,0,0.774,0,99.989,99.83,99.716,98.682,99.096,98.902,1.474,0.929,0.660,0.66,-,#F0E628,1,0,1,0.6598,0,98.682,0.187,0,0,0,1,Fernando Alonso,Fernando,Alonso,#229971,0.0
14,ALO,100.059,16.0,1.0,,,M,1,19,10,2025020,0,0,0,0,0.317,0,100.218,100.059,99.945,98.682,98.947,98.915,1.144,1.144,0.114,0.114,0.114,#F0E628,0,0,0,,0,98.682,0.187,0,0,0,1,Fernando Alonso,Fernando,Alonso,#229971,0.0
14,ALO,100.072,17.0,1.0,,,M,1,20,10,2025020,0,0,0,0,0.013,0,100.066,100.072,100.066,98.682,99.25,99.032,1.040,1.040,0.007,0.007,0.007,#F0E628,0,0,0,,0,98.682,0.187,0,0,0,1,Fernando Alonso,Fernando,Alonso,#229971,0.0
14,ALO,99.905,18.0,1.0,,,M,1,21,10,2025020,0,0,0,0,0.167,0,99.988,99.905,99.988,98.682,99.244,99.219,0.686,0.686,0.084,-0.084,0.084,#F0E628,0,0,0,,0,98.682,0.187,0,0,0,1,Fernando Alonso,Fernando,Alonso,#229971,0.0
14,ALO,100.867,19.0,1.0,,,M,1,22,10,2025020,0,0,0,0,0.962,0,100.386,100.867,100.386,98.682,100.692,100.692,0.175,0.175,0.481,0.481,0.481,#F0E628,0,0,0,,0,98.682,0.187,0,0,0,1,Fernando Alonso,Fernando,Alonso,#229971,0.0
23,ALB,-,1.0,1.0,,,M,1,5,11,2025020,0,0,0,0,-,1,,-,-,98.715,,,-,-,-,,-,#F0E628,1,1,0,,0,98.715,0.177,0,0,0,1,Alexander Albon,Alexander,Albon,#64C4FF,
23,ALB,-,2.0,1.0,,,M,1,6,11,2025020,0,0,0,0,-,1,,-,-,98.715,,,-,-,-,,-,#F0E628,1,0,0,,0,98.715,0.177,0,0,0,1,Alexander Albon,Alexander,Albon,#64C4FF,0.0
23,ALB,97.347,3.0,1.0,,,M,1,7,11,2025020,0,0,0,0,-,0,,97.347,-,98.715,96.966,96.966,0.381,0.381,-,,-,#F0E628,0,0,0,,0,98.715,0.177,0,0,0,1,Alexander Albon,Alexander,Albon,#64C4FF,0.0
23,ALB,97.695,4.0,1.0,,,M,1,8,11,2025020,0,0,0,0,0.348,0,97.521,97.458,97.403,98.715,96.969,96.93,0.765,0.528,0.292,0.292,-,#F0E628,1,0,1,0.2922,0,98.715,0.177,0,0,0,1,Alexander Albon,Alexander,Albon,#64C4FF,0.0
23,ALB,97.57,5.0,1.0,,,M,1,9,11,2025020,0,0,0,0,0.125,0,97.632,97.57,97.514,98.715,97.268,97.181,0.389,0.389,0.056,0.056,0.056,#F0E628,0,0,0,,0,98.715,0.177,0,0,0,1,Alexander Albon,Alexander,Albon,#64C4FF,0.0
23,ALB,97.6,6.0,1.0,,,M,1,10,11,2025020,0,0,0,0,0.030,0,97.585,97.6,97.585,98.715,97.324,97.278,0.322,0.322,0.015,0.015,0.015,#F0E628,0,0,0,,0,98.715,0.177,0,0,0,1,Alexander Albon,Alexander,Albon,#64C4FF,0.0
23,ALB,97.344,7.0,1.0,,,M,1,11,11,2025020,0,0,0,0,0.256,0,97.472,97.344,97.472,98.715,97.342,97.317,0.027,0.027,0.128,-0.128,0.128,#F0E628,0,0,0,,0,98.715,0.177,0,0,0,1,Alexander Albon,Alexander,Albon,#64C4FF,0.0
23,ALB,97.887,8.0,1.0,,,M,1,12,11,2025020,0,0,0,0,0.543,0,97.616,97.887,97.616,98.715,97.557,97.557,0.330,0.330,0.272,0.272,0.272,#F0E628,0,0,0,,0,98.715,0.177,0,0,0,1,Alexander Albon,Alexander,Albon,#64C4FF,0.0
23,ALB,98.512,9.0,1.0,,,M,1,13,11,2025020,0,0,0,0,0.625,0,98.2,98.09,97.988,98.715,98.052,97.892,0.620,0.198,0.524,0.524,-,#F0E628,1,0,1,0.5238,0,98.715,0.177,0,0,0,1,Alexander Albon,Alexander,Albon,#64C4FF,0.0
23,ALB,98.292,10.0,1.0,,,M,1,14,11,2025020,0,0,0,0,0.220,0,98.402,98.292,98.191,98.715,98.221,98.196,0.096,0.096,0.101,0.101,0.101,#F0E628,0,0,0,,0,98.715,0.177,0,0,0,1,Alexander Albon,Alexander,Albon,#64C4FF,0.0
23,ALB,98.264,11.0,1.0,,,M,1,15,11,2025020,0,0,0,0,0.028,0,98.278,98.264,98.278,98.715,98.552,98.418,-0.154,-0.154,0.014,-0.014,0.014,#F0E628,0,0,0,,0,98.715,0.177,0,1,0,1,Alexander Albon,Alexander,Albon,#64C4FF,0.0
23,ALB,98.326,12.0,1.0,,,M,1,16,11,2025020,0,0,0,0,0.062,0,98.295,98.326,98.295,98.715,98.4,98.4,-0.074,-0.074,0.031,0.031,0.031,#F0E628,0,0,0,,0,98.715,0.177,0,0,0,1,Alexander Albon,Alexander,Albon,#64C4FF,0.0
23,ALB,99.222,13.0,1.0,,,M,1,17,11,2025020,0,0,0,0,0.896,0,98.774,99.222,98.774,98.715,98.361,98.361,0.861,0.861,0.448,0.448,0.448,#F0E628,0,0,0,,0,98.715,0.177,0,0,0,1,Alexander Albon,Alexander,Albon,#64C4FF,0.0
23,ALB,99.444,14.0,1.0,,,M,1,18,11,2025020,0,0,0,0,0.222,0,99.333,99.444,99.333,98.715,98.708,98.679,0.765,0.765,0.111,0.111,0.111,#F0E628,0,0,0,,0,98.715,0.177,0,0,0,1,Alexander Albon,Alexander,Albon,#64C4FF,0.0
23,ALB,99.841,15.0,1.0,,,M,1,19,11,2025020,0,0,0,0,0.397,0,99.642,99.841,99.642,98.715,99.096,98.902,0.939,0.939,0.198,0.198,0.198,#F0E628,0,0,0,,0,98.715,0.177,0,0,0,1,Alexander Albon,Alexander,Albon,#64C4FF,0.0
23,ALB,100.109,16.0,1.0,,,M,1,20,11,2025020,0,0,0,0,0.268,0,99.975,100.109,99.975,98.715,98.947,98.915,1.194,1.194,0.134,0.134,0.134,#F0E628,0,0,0,,0,98.715,0.177,0,0,0,1,Alexander Albon,Alexander,Albon,#64C4FF,0.0
23,ALB,100.072,17.0,1.0,,,M,1,21,11,2025020,0,0,0,0,0.037,0,100.09,100.072,100.09,98.715,99.25,99.032,1.040,1.040,0.018,-0.018,0.018,#F0E628,0,0,0,,0,98.715,0.177,0,0,0,1,Alexander Albon,Alexander,Albon,#64C4FF,0.0
23,ALB,100.565,18.0,1.0,,,M,1,22,11,2025020,0,0,0,0,0.493,0,100.318,100.069,100.071,98.715,99.244,99.219,1.346,0.850,0.494,0.494,-,#F0E628,1,0,1,0.4945,0,98.715,0.177,0,0,0,1,Alexander Albon,Alexander,Albon,#64C4FF,0.0
23,ALB,100.066,19.0,1.0,,,M,1,23,11,2025020,0,0,0,0,0.499,0,100.316,100.066,100.068,98.715,100.692,100.692,-0.626,-0.626,0.001,-0.001,0.001,#F0E628,0,0,0,,0,98.715,0.177,0,0,0,1,Alexander Albon,Alexander,Albon,#64C4FF,0.0
10,GAS,-,1.0,1.0,,,M,1,7,14,2025020,0,0,0,0,-,1,,-,-,98.621,,,-,-,-,,-,#F0E628,1,1,0,,0,98.621,0.252,0,0,0,1,Pierre Gasly,Pierre,Gasly,#0093CC,
10,GAS,-,2.0,1.0,,,M,1,8,14,2025020,0,0,0,0,-,1,,-,-,98.621,,,-,-,-,,-,#F0E628,1,0,0,,0,98.621,0.252,0,0,0,1,Pierre Gasly,Pierre,Gasly,#0093CC,0.0
10,GAS,97.481,3.0,1.0,,,M,1,9,14,2025020,0,0,0,0,-,0,,97.481,-,98.621,96.966,96.966,0.515,0.515,-,,-,#F0E628,0,0,0,,0,98.621,0.252,0,0,0,1,Pierre Gasly,Pierre,Gasly,#0093CC,0.0
10,GAS,97.697,4.0,1.0,,,M,1,10,14,2025020,0,0,0,0,0.216,0,97.589,97.697,97.589,98.621,96.969,96.93,0.767,0.767,0.108,0.108,0.108,#F0E628,0,0,0,,0,98.621,0.252,0,0,0,1,Pierre Gasly,Pierre,Gasly,#0093CC,0.0
10,GAS,97.838,5.0,1.0,,,M,1,11,14,2025020,0,0,0,0,0.141,0,97.768,97.838,97.768,98.621,97.268,97.181,0.657,0.657,0.070,0.07,0.070,#F0E628,0,0,0,,0,98.621,0.252,0,0,0,1,Pierre Gasly,Pierre,Gasly,#0093CC,0.0
10,GAS,97.905,6.0,1.0,,,M,1,12,14,2025020,0,0,0,0,0.067,0,97.872,97.905,97.872,98.621,97.324,97.278,0.627,0.627,0.034,0.034,0.034,#F0E628,0,0,0,,0,98.621,0.252,0,0,0,1,Pierre Gasly,Pierre,Gasly,#0093CC,0.0
10,GAS,97.897,7.0,1.0,,,M,1,13,14,2025020,0,0,0,0,0.008,0,97.901,97.897,97.901,98.621,97.342,97.317,0.580,0.580,0.004,-0.004,0.004,#F0E628,0,0,0,,0,98.621,0.252,0,0,0,1,Pierre Gasly,Pierre,Gasly,#0093CC,0.0
10,GAS,98.669,8.0,1.0,,,M,1,14,14,2025020,0,0,0,0,0.772,0,98.283,98.669,98.283,98.621,97.557,97.557,1.112,1.112,0.386,0.386,0.386,#F0E628,0,0,0,,0,98.621,0.252,0,0,0,1,Pierre Gasly,Pierre,Gasly,#0093CC,0.0
10,GAS,99.469,9.0,1.0,,,M,1,15,15,2025020,0,0,0,0,0.800,0,99.069,98.442,98.556,98.621,98.052,97.892,1.577,0.551,0.913,0.913,-,#F0E628,1,0,1,0.9133,0,98.621,0.252,0,0,0,1,Pierre Gasly,Pierre,Gasly,#0093CC,-1.0
10,GAS,98.216,10.0,1.0,,,M,1,16,13,2025020,0,0,0,0,1.253,0,98.842,98.216,98.329,98.621,98.221,98.196,0.020,0.020,0.113,-0.113,0.113,#F0E628,0,0,0,,0,98.621,0.252,0,0,0,1,Pierre Gasly,Pierre,Gasly,#0093CC,2.0
10,GAS,98.861,11.0,1.0,,,M,1,17,13,2025020,0,0,0,0,0.645,0,98.538,98.861,98.538,98.621,98.552,98.418,0.443,0.443,0.323,0.323,0.323,#F0E628,0,0,0,,0,98.621,0.252,0,1,0,1,Pierre Gasly,Pierre,Gasly,#0093CC,0.0
10,GAS,98.912,12.0,1.0,,,M,1,18,13,2025020,0,0,0,0,0.051,0,98.887,98.912,98.887,98.621,98.4,98.4,0.512,0.512,0.025,0.025,0.025,#F0E628,0,0,0,,0,98.621,0.252,0,0,0,1,Pierre Gasly,Pierre,Gasly,#0093CC,0.0
10,GAS,99.379,13.0,1.0,,,M,1,19,13,2025020,0,0,0,0,0.467,0,99.146,99.379,99.146,98.621,98.361,98.361,1.018,1.018,0.234,0.234,0.234,#F0E628,0,0,0,,0,98.621,0.252,0,0,0,1,Pierre Gasly,Pierre,Gasly,#0093CC,0.0
10,GAS,99.184,14.0,1.0,,,M,1,20,13,2025020,0,0,0,0,0.195,0,99.282,99.184,99.282,98.621,98.708,98.679,0.505,0.505,0.097,-0.097,0.097,#F0E628,0,0,0,,0,98.621,0.252,0,0,0,1,Pierre Gasly,Pierre,Gasly,#0093CC,0.0
10,GAS,98.843,15.0,1.0,,,M,1,21,13,2025020,0,0,0,0,0.341,0,99.014,98.843,99.014,98.621,99.096,98.902,-0.059,-0.059,0.170,-0.17,0.170,#F0E628,0,0,0,,0,98.621,0.252,0,0,0,1,Pierre Gasly,Pierre,Gasly,#0093CC,0.0
10,GAS,99.645,16.0,1.0,,,M,1,22,13,2025020,0,0,0,0,0.802,0,99.244,99.01,98.926,98.621,98.947,98.915,0.730,0.094,0.719,0.719,-,#F0E628,1,0,1,0.7187,0,98.621,0.252,0,0,0,1,Pierre Gasly,Pierre,Gasly,#0093CC,0.0
10,GAS,99.176,17.0,1.0,,,M,1,23,12,2025020,0,0,0,0,0.469,0,99.41,99.176,99.093,98.621,99.25,99.032,0.144,0.144,0.083,0.083,0.083,#F0E628,0,0,0,,0,98.621,0.252,0,0,0,1,Pierre Gasly,Pierre,Gasly,#0093CC,1.0
10,GAS,98.356,18.0,1.0,,,M,1,24,12,2025020,0,0,0,0,0.820,0,98.766,98.356,98.766,98.621,99.244,99.219,-0.863,-0.863,0.410,-0.41,0.410,#F0E628,0,0,0,,0,98.621,0.252,0,0,0,1,Pierre Gasly,Pierre,Gasly,#0093CC,0.0
10,GAS,99.025,19.0,1.0,,,M,1,25,12,2025020,0,0,0,0,0.669,0,98.69,99.025,98.69,98.621,100.692,100.692,-1.667,-1.667,0.335,0.335,0.335,#F0E628,0,0,0,,0,98.621,0.252,0,0,0,1,Pierre Gasly,Pierre,Gasly,#0093CC,0.0
6,HAD,-,1.0,1.0,,,M,1,3,16,2025020,0,0,0,0,-,1,,-,-,98.721,,,-,-,-,,-,#F0E628,1,1,0,,0,98.721,0.270,0,0,0,1,Isack Hadjar,Isack,Hadjar,#6692FF,
6,HAD,-,2.0,1.0,,,M,1,4,16,2025020,0,0,0,0,-,1,,-,-,98.721,,,-,-,-,,-,#F0E628,1,0,0,,0,98.721,0.270,0,0,0,1,Isack Hadjar,Isack,Hadjar,#6692FF,0.0
6,HAD,97.549,3.0,1.0,,,M,1,5,16,2025020,0,0,0,0,-,0,,97.549,-,98.721,96.966,96.966,0.583,0.583,-,,-,#F0E628,0,0,0,,0,98.721,0.270,0,0,0,1,Isack Hadjar,Isack,Hadjar,#6692FF,0.0
6,HAD,97.585,4.0,1.0,,,M,1,6,16,2025020,0,0,0,0,0.036,0,97.567,97.585,97.567,98.721,96.969,96.93,0.655,0.655,0.018,0.018,0.018,#F0E628,0,0,0,,0,98.721,0.270,0,0,0,1,Isack Hadjar,Isack,Hadjar,#6692FF,0.0
6,HAD,97.915,5.0,1.0,,,M,1,7,16,2025020,0,0,0,0,0.330,0,97.75,97.915,97.75,98.721,97.268,97.181,0.734,0.734,0.165,0.165,0.165,#F0E628,0,0,0,,0,98.721,0.270,0,0,0,1,Isack Hadjar,Isack,Hadjar,#6692FF,0.0
6,HAD,97.915,6.0,1.0,,,M,1,8,16,2025020,0,0,0,0,0.000,0,97.915,97.915,97.915,98.721,97.324,97.278,0.637,0.637,0.000,0.0,0.000,#F0E628,0,0,0,,0,98.721,0.270,0,0,0,1,Isack Hadjar,Isack,Hadjar,#6692FF,0.0
6,HAD,97.731,7.0,1.0,,,M,1,9,15,2025020,0,0,0,0,0.184,0,97.823,97.731,97.823,98.721,97.342,97.317,0.414,0.414,0.092,-0.092,0.092,#F0E628,0,0,0,,0,98.721,0.270,0,0,0,1,Isack Hadjar,Isack,Hadjar,#6692FF,1.0
6,HAD,98.147,8.0,1.0,,,M,1,10,15,2025020,0,0,0,0,0.416,0,97.939,98.147,97.939,98.721,97.557,97.557,0.590,0.590,0.208,0.208,0.208,#F0E628,0,0,0,,0,98.721,0.270,0,0,0,1,Isack Hadjar,Isack,Hadjar,#6692FF,0.0
6,HAD,98.854,9.0,1.0,,,M,1,11,14,2025020,0,0,0,0,0.707,0,98.5,98.854,98.5,98.721,98.052,97.892,0.962,0.962,0.353,0.353,0.353,#F0E628,0,0,0,,0,98.721,0.270,0,0,0,1,Isack Hadjar,Isack,Hadjar,#6692FF,1.0
6,HAD,99.245,10.0,1.0,,,M,1,12,15,2025020,0,0,0,0,0.391,0,99.05,99.245,99.05,98.721,98.221,98.196,1.049,1.049,0.196,0.196,0.196,#F0E628,0,0,0,,0,98.721,0.270,0,0,0,1,Isack Hadjar,Isack,Hadjar,#6692FF,-1.0
6,HAD,99.799,11.0,1.0,,,M,1,13,14,2025020,0,0,0,0,0.554,0,99.522,99.799,99.522,98.721,98.552,98.418,1.381,1.381,0.277,0.277,0.277,#F0E628,0,0,0,,0,98.721,0.270,0,1,0,1,Isack Hadjar,Isack,Hadjar,#6692FF,0.0
6,HAD,98.373,12.0,1.0,,,M,1,14,14,2025020,0,0,0,0,1.426,0,99.086,98.373,99.086,98.721,98.4,98.4,-0.027,-0.027,0.713,-0.713,0.713,#F0E628,0,0,0,,0,98.721,0.270,0,0,0,1,Isack Hadjar,Isack,Hadjar,#6692FF,0.0
6,HAD,98.644,13.0,1.0,,,M,1,15,14,2025020,0,0,0,0,0.271,0,98.508,98.644,98.508,98.721,98.361,98.361,0.283,0.283,0.136,0.136,0.136,#F0E628,0,0,0,,0,98.721,0.270,0,0,0,1,Isack Hadjar,Isack,Hadjar,#6692FF,0.0
6,HAD,99.094,14.0,1.0,,,M,1,16,14,2025020,0,0,0,0,0.450,0,98.869,99.094,98.869,98.721,98.708,98.679,0.415,0.415,0.225,0.225,0.225,#F0E628,0,0,0,,0,98.721,0.270,0,0,0,1,Isack Hadjar,Isack,Hadjar,#6692FF,0.0
6,HAD,99.143,15.0,1.0,,,M,1,17,14,2025020,0,0,0,0,0.049,0,99.118,99.143,99.118,98.721,99.096,98.902,0.241,0.241,0.025,0.025,0.025,#F0E628,0,0,0,,0,98.721,0.270,0,0,0,1,Isack Hadjar,Isack,Hadjar,#6692FF,0.0
6,HAD,99.534,16.0,1.0,,,M,1,18,14,2025020,0,0,0,0,0.391,0,99.339,99.534,99.339,98.721,98.947,98.915,0.619,0.619,0.195,0.195,0.195,#F0E628,0,0,0,,0,98.721,0.270,0,0,0,1,Isack Hadjar,Isack,Hadjar,#6692FF,0.0
6,HAD,100.727,17.0,1.0,,,M,1,19,14,2025020,0,0,0,0,1.193,0,100.131,99.533,99.534,98.721,99.25,99.032,1.695,0.501,1.194,1.194,-,#F0E628,1,0,1,1.1935,0,98.721,0.270,0,0,0,1,Isack Hadjar,Isack,Hadjar,#6692FF,0.0
6,HAD,99.532,18.0,1.0,,,M,1,20,13,2025020,0,0,0,0,1.195,0,100.13,99.532,99.532,98.721,99.244,99.219,0.313,0.313,0.001,-0.001,0.001,#F0E628,0,0,0,,0,98.721,0.270,0,0,0,1,Isack Hadjar,Isack,Hadjar,#6692FF,1.0
6,HAD,98.476,19.0,1.0,,,M,1,21,13,2025020,0,0,0,0,1.056,0,99.004,98.476,99.004,98.721,100.692,100.692,-2.216,-2.216,0.528,-0.528,0.528,#F0E628,0,0,0,,0,98.721,0.270,0,0,0,1,Isack Hadjar,Isack,Hadjar,#6692FF,0.0
30,LAW,-,1.0,1.0,,,M,1,6,19,2025020,0,0,0,0,-,1,,-,-,98.77,,,-,-,-,,-,#F0E628,1,1,0,,0,98.77,0.271,0,0,0,1,Liam Lawson,Liam,Lawson,#3671C6,
30,LAW,-,2.0,1.0,,,M,1,7,19,2025020,0,0,0,0,-,1,,-,-,98.77,,,-,-,-,,-,#F0E628,1,0,0,,0,98.77,0.271,0,0,0,1,Liam Lawson,Liam,Lawson,#3671C6,0.0
30,LAW,97.724,3.0,1.0,,,M,1,8,19,2025020,0,0,0,0,-,0,,97.724,-,98.77,96.966,96.966,0.758,0.758,-,,-,#F0E628,0,0,0,,0,98.77,0.271,0,0,0,1,Liam Lawson,Liam,Lawson,#3671C6,0.0
30,LAW,97.163,4.0,1.0,,,M,1,9,18,2025020,0,0,0,0,0.561,0,97.444,97.163,97.444,98.77,96.969,96.93,0.233,0.233,0.281,-0.281,0.281,#F0E628,0,0,0,,0,98.77,0.271,0,0,0,1,Liam Lawson,Liam,Lawson,#3671C6,1.0
30,LAW,97.629,5.0,1.0,,,M,1,10,18,2025020,0,0,0,0,0.466,0,97.396,97.629,97.396,98.77,97.268,97.181,0.448,0.448,0.233,0.233,0.233,#F0E628,0,0,0,,0,98.77,0.271,0,0,0,1,Liam Lawson,Liam,Lawson,#3671C6,0.0
30,LAW,97.509,6.0,1.0,,,M,1,11,17,2025020,0,0,0,0,0.120,0,97.569,97.509,97.569,98.77,97.324,97.278,0.231,0.231,0.060,-0.06,0.060,#F0E628,0,0,0,,0,98.77,0.271,0,0,0,1,Liam Lawson,Liam,Lawson,#3671C6,1.0
30,LAW,98.073,7.0,1.0,,,M,1,12,17,2025020,0,0,0,0,0.564,0,97.791,98.073,97.791,98.77,97.342,97.317,0.756,0.756,0.282,0.282,0.282,#F0E628,0,0,0,,0,98.77,0.271,0,0,0,1,Liam Lawson,Liam,Lawson,#3671C6,0.0
30,LAW,98.113,8.0,1.0,,,M,1,13,17,2025020,0,0,0,0,0.040,0,98.093,98.113,98.093,98.77,97.557,97.557,0.556,0.556,0.020,0.02,0.020,#F0E628,0,0,0,,0,98.77,0.271,0,0,0,1,Liam Lawson,Liam,Lawson,#3671C6,0.0
30,LAW,98.644,9.0,1.0,,,M,1,14,17,2025020,0,0,0,0,0.531,0,98.378,98.644,98.378,98.77,98.052,97.892,0.752,0.752,0.266,0.266,0.266,#F0E628,0,0,0,,0,98.77,0.271,0,0,0,1,Liam Lawson,Liam,Lawson,#3671C6,0.0
30,LAW,99.088,10.0,1.0,,,M,1,15,16,2025020,0,0,0,0,0.444,0,98.866,99.088,98.866,98.77,98.221,98.196,0.892,0.892,0.222,0.222,0.222,#F0E628,0,0,0,,0,98.77,0.271,0,0,0,1,Liam Lawson,Liam,Lawson,#3671C6,1.0
30,LAW,99.743,11.0,1.0,,,M,1,16,15,2025020,0,0,0,0,0.655,0,99.416,99.743,99.416,98.77,98.552,98.418,1.325,1.325,0.328,0.328,0.328,#F0E628,0,0,0,,0,98.77,0.271,0,1,0,1,Liam Lawson,Liam,Lawson,#3671C6,0.0
30,LAW,98.507,12.0,1.0,,,M,1,17,15,2025020,0,0,0,0,1.236,0,99.125,98.507,99.125,98.77,98.4,98.4,0.107,0.107,0.618,-0.618,0.618,#F0E628,0,0,0,,0,98.77,0.271,0,0,0,1,Liam Lawson,Liam,Lawson,#3671C6,0.0
30,LAW,98.495,13.0,1.0,,,M,1,18,15,2025020,0,0,0,0,0.012,0,98.501,98.495,98.501,98.77,98.361,98.361,0.134,0.134,0.006,-0.006,0.006,#F0E628,0,0,0,,0,98.77,0.271,0,0,0,1,Liam Lawson,Liam,Lawson,#3671C6,0.0
30,LAW,99.401,14.0,1.0,,,M,1,19,15,2025020,0,0,0,0,0.906,0,98.948,98.818,98.657,98.77,98.708,98.679,0.722,0.139,0.744,0.744,-,#F0E628,1,0,1,0.7445,0,98.77,0.271,0,0,0,1,Liam Lawson,Liam,Lawson,#3671C6,0.0
30,LAW,99.141,15.0,1.0,,,M,1,20,15,2025020,0,0,0,0,0.260,0,99.271,99.141,98.98,98.77,99.096,98.902,0.239,0.239,0.162,0.162,0.162,#F0E628,0,0,0,,0,98.77,0.271,0,0,0,1,Liam Lawson,Liam,Lawson,#3671C6,0.0
30,LAW,99.497,16.0,1.0,,,M,1,21,15,2025020,0,0,0,0,0.356,0,99.319,99.497,99.319,98.77,98.947,98.915,0.582,0.582,0.178,0.178,0.178,#F0E628,0,0,0,,0,98.77,0.271,0,0,0,1,Liam Lawson,Liam,Lawson,#3671C6,0.0
30,LAW,100.299,17.0,1.0,,,M,1,22,15,2025020,0,0,0,0,0.802,0,99.898,99.696,99.596,98.77,99.25,99.032,1.267,0.664,0.703,0.703,-,#F0E628,1,0,1,0.7025,0,98.77,0.271,0,0,0,1,Liam Lawson,Liam,Lawson,#3671C6,0.0
30,LAW,99.895,18.0,1.0,,,M,1,23,15,2025020,0,0,0,0,0.404,0,100.097,99.895,99.796,98.77,99.244,99.219,0.676,0.676,0.099,0.099,0.099,#F0E628,0,0,0,,0,98.77,0.271,0,0,0,1,Liam Lawson,Liam,Lawson,#3671C6,0.0
30,LAW,100.163,19.0,1.0,,,M,1,24,14,2025020,0,0,0,0,0.268,0,100.029,100.163,100.029,98.77,100.692,100.692,-0.529,-0.529,0.134,0.134,0.134,#F0E628,0,0,0,,0,98.77,0.271,0,0,0,1,Liam Lawson,Liam,Lawson,#3671C6,0.0
87,BEA,-,1.0,1.0,,,M,1,4,12,2025020,0,0,0,0,-,1,,-,-,99.041,,,-,-,-,,-,#F0E628,1,1,0,,0,99.041,0.254,0,0,0,1,Oliver Bearman,Oliver,Bearman,#505050,
87,BEA,-,2.0,1.0,,,M,1,5,12,2025020,0,0,0,0,-,1,,-,-,99.041,,,-,-,-,,-,#F0E628,1,0,0,,0,99.041,0.254,0,0,0,1,Oliver Bearman,Oliver,Bearman,#505050,0.0
87,BEA,97.135,3.0,1.0,,,M,1,6,12,2025020,0,0,0,0,-,0,,97.135,-,99.041,96.966,96.966,0.169,0.169,-,,-,#F0E628,0,0,0,,0,99.041,0.254,0,0,0,1,Oliver Bearman,Oliver,Bearman,#505050,0.0
87,BEA,97.959,4.0,1.0,,,M,1,7,12,2025020,0,0,0,0,0.824,0,97.547,97.414,97.275,99.041,96.969,96.93,1.029,0.484,0.684,0.684,-,#F0E628,1,0,1,0.6842,0,99.041,0.254,0,0,0,1,Oliver Bearman,Oliver,Bearman,#505050,0.0
87,BEA,97.694,5.0,1.0,,,M,1,8,12,2025020,0,0,0,0,0.265,0,97.827,97.694,97.554,99.041,97.268,97.181,0.513,0.513,0.140,0.14,0.140,#F0E628,0,0,0,,0,99.041,0.254,0,0,0,1,Oliver Bearman,Oliver,Bearman,#505050,0.0
87,BEA,97.893,6.0,1.0,,,M,1,9,12,2025020,0,0,0,0,0.199,0,97.794,97.893,97.794,99.041,97.324,97.278,0.615,0.615,0.100,0.1,0.100,#F0E628,0,0,0,,0,99.041,0.254,0,0,0,1,Oliver Bearman,Oliver,Bearman,#505050,0.0
87,BEA,97.739,7.0,1.0,,,M,1,10,12,2025020,0,0,0,0,0.154,0,97.816,97.739,97.816,99.041,97.342,97.317,0.422,0.422,0.077,-0.077,0.077,#F0E628,0,0,0,,0,99.041,0.254,0,0,0,1,Oliver Bearman,Oliver,Bearman,#505050,0.0
87,BEA,98.237,8.0,1.0,,,M,1,11,12,2025020,0,0,0,0,0.498,0,97.988,98.237,97.988,99.041,97.557,97.557,0.680,0.680,0.249,0.249,0.249,#F0E628,0,0,0,,0,99.041,0.254,0,0,0,1,Oliver Bearman,Oliver,Bearman,#505050,0.0
87,BEA,98.37,9.0,1.0,,,M,1,12,12,2025020,0,0,0,0,0.133,0,98.304,98.37,98.304,99.041,98.052,97.892,0.478,0.478,0.067,0.067,0.067,#F0E628,0,0,0,,0,99.041,0.254,0,0,0,1,Oliver Bearman,Oliver,Bearman,#505050,0.0
87,BEA,98.313,10.0,1.0,,,M,1,13,12,2025020,0,0,0,0,0.057,0,98.342,98.313,98.342,99.041,98.221,98.196,0.117,0.117,0.028,-0.028,0.028,#F0E628,0,0,0,,0,99.041,0.254,0,0,0,1,Oliver Bearman,Oliver,Bearman,#505050,0.0
87,BEA,98.36,11.0,1.0,,,M,1,14,12,2025020,0,0,0,0,0.047,0,98.336,98.36,98.336,99.041,98.552,98.418,-0.058,-0.058,0.023,0.023,0.023,#F0E628,0,0,0,,0,99.041,0.254,0,1,0,1,Oliver Bearman,Oliver,Bearman,#505050,0.0
87,BEA,99.023,12.0,1.0,,,M,1,15,12,2025020,0,0,0,0,0.663,0,98.691,99.023,98.691,99.041,98.4,98.4,0.623,0.623,0.332,0.332,0.332,#F0E628,0,0,0,,0,99.041,0.254,0,0,0,1,Oliver Bearman,Oliver,Bearman,#505050,0.0
87,BEA,99.056,13.0,1.0,,,M,1,16,12,2025020,0,0,0,0,0.033,0,99.04,99.056,99.04,99.041,98.361,98.361,0.695,0.695,0.016,0.016,0.016,#F0E628,0,0,0,,0,99.041,0.254,0,0,0,1,Oliver Bearman,Oliver,Bearman,#505050,0.0
87,BEA,100.129,14.0,1.0,,,M,1,17,12,2025020,0,0,0,0,1.073,0,99.592,100.129,99.592,99.041,98.708,98.679,1.450,1.450,0.537,0.537,0.537,#F0E628,0,0,0,,0,99.041,0.254,0,0,0,1,Oliver Bearman,Oliver,Bearman,#505050,0.0
87,BEA,100.522,15.0,1.0,,,M,1,18,12,2025020,0,0,0,0,0.393,0,100.326,100.522,100.326,99.041,99.096,98.902,1.620,1.620,0.197,0.197,0.197,#F0E628,0,0,0,,0,99.041,0.254,0,0,0,1,Oliver Bearman,Oliver,Bearman,#505050,0.0
87,BEA,100.214,16.0,1.0,,,M,1,19,12,2025020,0,0,0,0,0.308,0,100.368,100.214,100.368,99.041,98.947,98.915,1.299,1.299,0.154,-0.154,0.154,#F0E628,0,0,0,,0,99.041,0.254,0,0,0,1,Oliver Bearman,Oliver,Bearman,#505050,0.0
87,BEA,101.315,17.0,1.0,,,M,1,20,13,2025020,0,0,0,0,1.101,0,100.764,100.362,100.288,99.041,99.25,99.032,2.283,1.330,1.027,1.027,-,#F0E628,1,0,1,1.0267,0,99.041,0.254,0,0,0,1,Oliver Bearman,Oliver,Bearman,#505050,-1.0
87,BEA,100.511,18.0,1.0,,,M,1,21,14,2025020,0,0,0,0,0.804,0,100.913,100.511,100.437,99.041,99.244,99.219,1.292,1.292,0.074,0.074,0.074,#F0E628,0,0,0,,0,99.041,0.254,0,0,0,1,Oliver Bearman,Oliver,Bearman,#505050,-1.0
87,BEA,101.224,19.0,1.0,,,M,1,22,15,2025020,0,0,0,0,0.713,0,100.868,101.224,100.868,99.041,100.692,100.692,0.532,0.532,0.356,0.356,0.356,#F0E628,0,0,0,,0,99.041,0.254,0,0,0,1,Oliver Bearman,Oliver,Bearman,#505050,0.0
31,OCO,-,1.0,1.0,,,M,1,7,17,2025020,0,0,0,0,-,1,,-,-,98.913,,,-,-,-,,-,#F0E628,1,1,0,,0,98.913,0.203,0,0,0,1,Esteban Ocon,Esteban,Ocon,#505050,
31,OCO,-,2.0,1.0,,,M,1,8,17,2025020,0,0,0,0,-,1,,-,-,98.913,,,-,-,-,,-,#F0E628,1,0,0,,0,98.913,0.203,0,0,0,1,Esteban Ocon,Esteban,Ocon,#505050,0.0
31,OCO,97.554,3.0,1.0,,,M,1,9,17,2025020,0,0,0,0,-,0,,97.554,-,98.913,96.966,96.966,0.588,0.588,-,,-,#F0E628,0,0,0,,0,98.913,0.203,0,0,0,1,Esteban Ocon,Esteban,Ocon,#505050,0.0
31,OCO,97.632,4.0,1.0,,,M,1,10,17,2025020,0,0,0,0,0.078,0,97.593,97.632,97.593,98.913,96.969,96.93,0.702,0.702,0.039,0.039,0.039,#F0E628,0,0,0,,0,98.913,0.203,0,0,0,1,Esteban Ocon,Esteban,Ocon,#505050,0.0
31,OCO,97.754,5.0,1.0,,,M,1,11,17,2025020,0,0,0,0,0.122,0,97.693,97.754,97.693,98.913,97.268,97.181,0.573,0.573,0.061,0.061,0.061,#F0E628,0,0,0,,0,98.913,0.203,0,0,0,1,Esteban Ocon,Esteban,Ocon,#505050,0.0
31,OCO,98.579,6.0,1.0,,,M,1,12,18,2025020,0,0,0,0,0.825,0,98.166,98.012,97.883,98.913,97.324,97.278,1.301,0.733,0.696,0.696,-,#F0E628,1,0,1,0.6962,0,98.913,0.203,0,0,0,1,Esteban Ocon,Esteban,Ocon,#505050,-1.0
31,OCO,98.269,7.0,1.0,,,M,1,13,18,2025020,0,0,0,0,0.310,0,98.424,98.269,98.14,98.913,97.342,97.317,0.952,0.952,0.129,0.129,0.129,#F0E628,0,0,0,,0,98.913,0.203,0,0,0,1,Esteban Ocon,Esteban,Ocon,#505050,0.0
31,OCO,98.443,8.0,1.0,,,M,1,14,18,2025020,0,0,0,0,0.174,0,98.356,98.443,98.356,98.913,97.557,97.557,0.886,0.886,0.087,0.087,0.087,#F0E628,0,0,0,,0,98.913,0.203,0,0,0,1,Esteban Ocon,Esteban,Ocon,#505050,0.0
31,OCO,98.514,9.0,1.0,,,M,1,15,18,2025020,0,0,0,0,0.071,0,98.478,98.514,98.478,98.913,98.052,97.892,0.622,0.622,0.035,0.035,0.035,#F0E628,0,0,0,,0,98.913,0.203,0,0,0,1,Esteban Ocon,Esteban,Ocon,#505050,0.0
31,OCO,99.393,10.0,1.0,,,M,1,16,18,2025020,0,0,0,0,0.879,0,98.953,99.393,98.953,98.913,98.221,98.196,1.197,1.197,0.440,0.44,0.440,#F0E628,0,0,0,,0,98.913,0.203,0,0,0,1,Esteban Ocon,Esteban,Ocon,#505050,0.0
31,OCO,100.137,11.0,1.0,,,M,1,17,17,2025020,0,0,0,0,0.744,0,99.765,99.348,99.371,98.913,98.552,98.418,1.719,0.931,0.766,0.766,-,#F0E628,1,0,1,0.7662,0,98.913,0.203,0,1,0,1,Esteban Ocon,Esteban,Ocon,#505050,0.0
31,OCO,99.304,12.0,1.0,,,M,1,18,17,2025020,0,0,0,0,0.833,0,99.72,99.304,99.326,98.913,98.4,98.4,0.904,0.904,0.022,-0.022,0.022,#F0E628,0,0,0,,0,98.913,0.203,0,0,0,1,Esteban Ocon,Esteban,Ocon,#505050,0.0
31,OCO,98.871,13.0,1.0,,,M,1,19,17,2025020,0,0,0,0,0.433,0,99.088,98.871,99.088,98.913,98.361,98.361,0.510,0.510,0.217,-0.217,0.217,#F0E628,0,0,0,,0,98.913,0.203,0,0,0,1,Esteban Ocon,Esteban,Ocon,#505050,0.0
31,OCO,99.18,14.0,1.0,,,M,1,20,17,2025020,0,0,0,0,0.309,0,99.026,99.18,99.026,98.913,98.708,98.679,0.501,0.501,0.155,0.155,0.155,#F0E628,0,0,0,,0,98.913,0.203,0,0,0,1,Esteban Ocon,Esteban,Ocon,#505050,0.0
31,OCO,99.454,15.0,1.0,,,M,1,21,17,2025020,0,0,0,0,0.274,0,99.317,99.454,99.317,98.913,99.096,98.902,0.552,0.552,0.137,0.137,0.137,#F0E628,0,0,0,,0,98.913,0.203,0,0,0,1,Esteban Ocon,Esteban,Ocon,#505050,0.0
31,OCO,99.226,16.0,1.0,,,M,1,22,17,2025020,0,0,0,0,0.228,0,99.34,99.226,99.34,98.913,98.947,98.915,0.311,0.311,0.114,-0.114,0.114,#F0E628,0,0,0,,0,98.913,0.203,0,0,0,1,Esteban Ocon,Esteban,Ocon,#505050,0.0
31,OCO,99.565,17.0,1.0,,,M,1,23,17,2025020,0,0,0,0,0.339,0,99.396,99.565,99.396,98.913,99.25,99.032,0.533,0.533,0.169,0.169,0.169,#F0E628,0,0,0,,0,98.913,0.203,0,0,0,1,Esteban Ocon,Esteban,Ocon,#505050,0.0
31,OCO,99.736,18.0,1.0,,,M,1,24,17,2025020,0,0,0,0,0.171,0,99.65,99.736,99.65,98.913,99.244,99.219,0.517,0.517,0.086,0.086,0.086,#F0E628,0,0,0,,0,98.913,0.203,0,0,0,1,Esteban Ocon,Esteban,Ocon,#505050,0.0
31,OCO,99.916,19.0,1.0,,,M,1,25,16,2025020,0,0,0,0,0.180,0,99.826,99.916,99.826,98.913,100.692,100.692,-0.776,-0.776,0.090,0.09,0.090,#F0E628,0,0,0,,0,98.913,0.203,0,0,0,1,Esteban Ocon,Esteban,Ocon,#505050,0.0
55,SAI,-,1.0,1.0,,,M,1,5,13,2025020,0,0,0,0,-,1,,-,-,97.877,,,-,-,-,,-,#F0E628,1,1,0,,0,98.266,0.175,0,0,0,1,Carlos Sainz,Carlos,Sainz,#64C4FF,
55,SAI,-,2.0,1.0,,,M,1,6,13,2025020,0,0,0,0,-,1,,-,-,97.877,,,-,-,-,,-,#F0E628,1,0,0,,0,98.266,0.175,0,0,0,1,Carlos Sainz,Carlos,Sainz,#64C4FF,0.0
55,SAI,97.302,3.0,1.0,,,M,1,7,13,2025020,0,0,0,0,-,0,,97.302,-,97.877,96.966,96.966,0.336,0.336,-,,-,#F0E628,0,0,0,,0,98.266,0.175,0,0,0,1,Carlos Sainz,Carlos,Sainz,#64C4FF,0.0
55,SAI,97.705,4.0,1.0,,,M,1,8,13,2025020,0,0,0,0,0.403,0,97.504,97.705,97.504,97.877,96.969,96.93,0.775,0.775,0.201,0.201,0.201,#F0E628,0,0,0,,0,98.266,0.175,0,0,0,1,Carlos Sainz,Carlos,Sainz,#64C4FF,0.0
55,SAI,97.803,5.0,1.0,,,M,1,9,13,2025020,0,0,0,0,0.098,0,97.754,97.803,97.754,97.877,97.268,97.181,0.622,0.622,0.049,0.049,0.049,#F0E628,0,0,0,,0,98.266,0.175,0,0,0,1,Carlos Sainz,Carlos,Sainz,#64C4FF,0.0
55,SAI,97.885,6.0,1.0,,,M,1,10,13,2025020,0,0,0,0,0.082,0,97.844,97.885,97.844,97.877,97.324,97.278,0.607,0.607,0.041,0.041,0.041,#F0E628,0,0,0,,0,98.266,0.175,0,1,0,1,Carlos Sainz,Carlos,Sainz,#64C4FF,0.0
55,SAI,97.943,7.0,1.0,,,M,1,11,13,2025020,0,0,0,0,0.058,0,97.914,97.943,97.914,97.877,97.342,97.317,0.626,0.626,0.029,0.029,0.029,#F0E628,0,0,0,,0,98.266,0.175,0,0,0,1,Carlos Sainz,Carlos,Sainz,#64C4FF,0.0
55,SAI,98.39,8.0,1.0,,,M,1,12,13,2025020,0,0,0,0,0.447,0,98.166,98.39,98.166,97.877,97.557,97.557,0.833,0.833,0.224,0.224,0.224,#F0E628,0,0,0,,0,98.266,0.175,0,0,0,1,Carlos Sainz,Carlos,Sainz,#64C4FF,0.0
55,SAI,99.349,9.0,1.0,,,M,1,13,13,2025020,0,0,0,0,0.959,0,98.87,99.349,98.87,97.877,98.052,97.892,1.457,1.457,0.480,0.48,0.480,#F0E628,0,0,0,,0,98.266,0.175,0,0,0,1,Carlos Sainz,Carlos,Sainz,#64C4FF,0.0
55,SAI,99.751,10.0,1.0,,,M,1,14,14,2025020,0,0,0,0,0.402,0,99.55,99.751,99.55,97.877,98.221,98.196,1.555,1.555,0.201,0.201,0.201,#F0E628,0,0,0,,0,98.266,0.175,0,0,0,1,Carlos Sainz,Carlos,Sainz,#64C4FF,-1.0
55,SAI,-,11.0,1.0,,0 days 01:03:26.879000,M,1,15,20,2025020,0,0,0,0,-,1,,-,-,97.877,98.552,98.418,-,-,-,,-,#F0E628,1,0,0,,1,98.266,0.175,1,0,0,1,Carlos Sainz,Carlos,Sainz,#64C4FF,0.0
55,SAI,-,12.0,2.0,0 days 01:03:49.392000,,M,1,7,20,2025020,0,0,0,0,-,1,,-,-,97.877,98.4,98.4,-,-,-,,-,#F0E628,1,0,0,,1,97.432,0.395,0,0,0,1,Carlos Sainz,Carlos,Sainz,#64C4FF,0.0
55,SAI,95.819,13.0,2.0,,,M,1,8,20,2025020,0,0,0,0,-,0,,95.819,-,97.877,98.361,98.361,-2.542,-2.542,-,,-,#F0E628,0,0,0,,0,97.432,0.395,0,0,0,1,Carlos Sainz,Carlos,Sainz,#64C4FF,0.0
55,SAI,96.602,14.0,2.0,,,M,1,9,20,2025020,0,0,0,0,0.783,0,96.21,96.602,96.21,97.877,98.708,98.679,-2.077,-2.077,0.392,0.392,0.392,#F0E628,0,0,0,,0,97.432,0.395,0,0,0,1,Carlos Sainz,Carlos,Sainz,#64C4FF,0.0
55,SAI,97.355,15.0,2.0,,,M,1,10,20,2025020,0,0,0,0,0.753,0,96.978,96.956,96.779,97.877,99.096,98.902,-1.547,-1.946,0.576,0.576,-,#F0E628,1,0,1,0.5763,0,97.432,0.395,0,0,0,1,Carlos Sainz,Carlos,Sainz,#64C4FF,0.0
55,SAI,97.309,16.0,2.0,,,M,1,11,20,2025020,0,0,0,0,0.046,0,97.332,97.309,97.132,97.877,98.947,98.915,-1.606,-1.606,0.177,0.177,0.177,#F0E628,0,0,0,,0,97.432,0.395,0,1,0,1,Carlos Sainz,Carlos,Sainz,#64C4FF,0.0
55,SAI,97.842,17.0,2.0,,,M,1,12,20,2025020,0,0,0,0,0.533,0,97.576,97.842,97.576,97.877,99.25,99.032,-1.190,-1.190,0.266,0.266,0.266,#F0E628,0,0,0,,0,97.432,0.395,0,0,0,1,Carlos Sainz,Carlos,Sainz,#64C4FF,0.0
55,SAI,97.675,18.0,2.0,,,M,1,13,20,2025020,0,0,0,0,0.167,0,97.758,97.675,97.758,97.877,99.244,99.219,-1.544,-1.544,0.084,-0.084,0.084,#F0E628,0,0,0,,0,97.432,0.395,0,0,0,1,Carlos Sainz,Carlos,Sainz,#64C4FF,0.0
55,SAI,99.421,19.0,2.0,,,M,1,14,17,2025020,0,0,0,0,1.746,0,98.548,99.421,98.548,97.877,100.692,100.692,-1.271,-1.271,0.873,0.873,0.873,#F0E628,0,0,0,,0,97.432,0.395,0,0,0,1,Carlos Sainz,Carlos,Sainz,#64C4FF,0.0
5,BOR,-,1.0,1.0,,,M,1,7,15,2025020,0,0,0,0,-,1,,-,-,99.432,,,-,-,-,,-,#F0E628,1,1,0,,0,99.432,0.516,0,0,0,1,Gabriel Bortoleto,Gabriel,Bortoleto,#52E252,
5,BOR,-,2.0,1.0,,,M,1,8,15,2025020,0,0,0,0,-,1,,-,-,99.432,,,-,-,-,,-,#F0E628,1,0,0,,0,99.432,0.516,0,0,0,1,Gabriel Bortoleto,Gabriel,Bortoleto,#52E252,0.0
5,BOR,97.475,3.0,1.0,,,M,1,9,15,2025020,0,0,0,0,-,0,,97.475,-,99.432,96.966,96.966,0.509,0.509,-,,-,#F0E628,0,0,0,,0,99.432,0.516,0,0,0,1,Gabriel Bortoleto,Gabriel,Bortoleto,#52E252,0.0
5,BOR,97.608,4.0,1.0,,,M,1,10,15,2025020,0,0,0,0,0.133,0,97.542,97.608,97.542,99.432,96.969,96.93,0.678,0.678,0.067,0.067,0.067,#F0E628,0,0,0,,0,99.432,0.516,0,0,0,1,Gabriel Bortoleto,Gabriel,Bortoleto,#52E252,0.0
5,BOR,97.963,5.0,1.0,,,M,1,11,15,2025020,0,0,0,0,0.355,0,97.786,97.963,97.786,99.432,97.268,97.181,0.782,0.782,0.177,0.177,0.177,#F0E628,0,0,0,,0,99.432,0.516,0,0,0,1,Gabriel Bortoleto,Gabriel,Bortoleto,#52E252,0.0
5,BOR,97.901,6.0,1.0,,,M,1,12,15,2025020,0,0,0,0,0.062,0,97.932,97.901,97.932,99.432,97.324,97.278,0.623,0.623,0.031,-0.031,0.031,#F0E628,0,0,0,,0,99.432,0.516,0,0,0,1,Gabriel Bortoleto,Gabriel,Bortoleto,#52E252,0.0
5,BOR,98.622,7.0,1.0,,,M,1,13,16,2025020,0,0,0,0,0.721,0,98.262,98.127,98.014,99.432,97.342,97.317,1.305,0.810,0.608,0.608,-,#F0E628,1,0,1,0.608,0,99.432,0.516,0,0,0,1,Gabriel Bortoleto,Gabriel,Bortoleto,#52E252,-1.0
5,BOR,98.353,8.0,1.0,,,M,1,14,16,2025020,0,0,0,0,0.269,0,98.488,98.353,98.24,99.432,97.557,97.557,0.796,0.796,0.113,0.113,0.113,#F0E628,0,0,0,,0,99.432,0.516,0,0,0,1,Gabriel Bortoleto,Gabriel,Bortoleto,#52E252,0.0
5,BOR,98.949,9.0,1.0,,,M,1,15,16,2025020,0,0,0,0,0.596,0,98.651,98.949,98.651,99.432,98.052,97.892,1.057,1.057,0.298,0.298,0.298,#F0E628,0,0,0,,0,99.432,0.516,0,0,0,1,Gabriel Bortoleto,Gabriel,Bortoleto,#52E252,0.0
5,BOR,99.917,10.0,1.0,,,M,1,16,17,2025020,0,0,0,0,0.968,0,99.433,99.416,99.182,99.432,98.221,98.196,1.721,1.220,0.734,0.734,-,#F0E628,1,0,1,0.7345,0,99.432,0.516,0,0,0,1,Gabriel Bortoleto,Gabriel,Bortoleto,#52E252,-1.0
5,BOR,99.883,11.0,1.0,,,M,1,17,16,2025020,0,0,0,0,0.034,0,99.9,99.883,99.649,99.432,98.552,98.418,1.465,1.465,0.234,0.234,0.234,#F0E628,0,0,0,,0,99.432,0.516,0,1,0,1,Gabriel Bortoleto,Gabriel,Bortoleto,#52E252,0.0
5,BOR,99.156,12.0,1.0,,,M,1,18,16,2025020,0,0,0,0,0.727,0,99.52,99.156,99.52,99.432,98.4,98.4,0.756,0.756,0.363,-0.363,0.363,#F0E628,0,0,0,,0,99.432,0.516,0,0,0,1,Gabriel Bortoleto,Gabriel,Bortoleto,#52E252,0.0
5,BOR,98.925,13.0,1.0,,,M,1,19,16,2025020,0,0,0,0,0.231,0,99.041,98.925,99.041,99.432,98.361,98.361,0.564,0.564,0.116,-0.116,0.116,#F0E628,0,0,0,,0,99.432,0.516,0,0,0,1,Gabriel Bortoleto,Gabriel,Bortoleto,#52E252,0.0
5,BOR,99.19,14.0,1.0,,,M,1,20,16,2025020,0,0,0,0,0.265,0,99.058,99.19,99.058,99.432,98.708,98.679,0.511,0.511,0.132,0.132,0.132,#F0E628,0,0,0,,0,99.432,0.516,0,0,0,1,Gabriel Bortoleto,Gabriel,Bortoleto,#52E252,0.0
5,BOR,99.531,15.0,1.0,,,M,1,21,16,2025020,0,0,0,0,0.341,0,99.36,99.531,99.36,99.432,99.096,98.902,0.629,0.629,0.171,0.171,0.171,#F0E628,0,0,0,,0,99.432,0.516,0,0,0,1,Gabriel Bortoleto,Gabriel,Bortoleto,#52E252,0.0
5,BOR,99.126,16.0,1.0,,,M,1,22,16,2025020,0,0,0,0,0.405,0,99.328,99.126,99.328,99.432,98.947,98.915,0.211,0.211,0.203,-0.203,0.203,#F0E628,0,0,0,,0,99.432,0.516,0,0,0,1,Gabriel Bortoleto,Gabriel,Bortoleto,#52E252,0.0
5,BOR,99.802,17.0,1.0,,,M,1,23,16,2025020,0,0,0,0,0.676,0,99.464,99.384,99.255,99.432,99.25,99.032,0.770,0.352,0.547,0.547,-,#F0E628,1,0,1,0.547,0,99.432,0.516,0,0,0,1,Gabriel Bortoleto,Gabriel,Bortoleto,#52E252,0.0
5,BOR,99.642,18.0,1.0,,,M,1,24,16,2025020,0,0,0,0,0.160,0,99.722,99.642,99.513,99.432,99.244,99.219,0.423,0.423,0.129,0.129,0.129,#F0E628,0,0,0,,0,99.432,0.516,0,0,0,1,Gabriel Bortoleto,Gabriel,Bortoleto,#52E252,0.0
5,BOR,108.294,19.0,1.0,,,M,12,25,18,2025020,0,0,0,0,8.652,0,103.968,108.294,103.968,99.432,100.692,100.692,7.602,7.602,4.326,4.326,4.326,#F0E628,0,0,0,,0,99.432,0.516,0,0,0,1,Gabriel Bortoleto,Gabriel,Bortoleto,#52E252,0.0
27,HUL,-,1.0,2.0,0 days 00:45:23.777000,,M,1,7,20,2025020,0,0,0,0,-,1,,-,-,99.313,,,-,-,-,,-,#F0E628,1,1,0,,1,99.313,0.502,0,0,0,1,Nico Hulkenberg,Nico,Hulkenberg,#52E252,
27,HUL,-,2.0,2.0,,,M,1,8,20,2025020,0,0,0,0,-,1,,-,-,99.313,,,-,-,-,,-,#F0E628,1,0,0,,0,99.313,0.502,0,0,0,1,Nico Hulkenberg,Nico,Hulkenberg,#52E252,0.0
27,HUL,96.804,3.0,2.0,,,M,1,9,20,2025020,0,0,0,0,-,0,,96.804,-,99.313,96.966,96.966,-0.162,-0.162,-,,-,#F0E628,0,0,0,,0,99.313,0.502,0,0,0,1,Nico Hulkenberg,Nico,Hulkenberg,#52E252,0.0
27,HUL,96.529,4.0,2.0,,,M,1,10,20,2025020,0,0,0,0,0.275,0,96.666,96.529,96.666,99.313,96.969,96.93,-0.401,-0.401,0.138,-0.138,0.138,#F0E628,0,0,0,,0,99.313,0.502,0,0,0,1,Nico Hulkenberg,Nico,Hulkenberg,#52E252,0.0
27,HUL,97.761,5.0,2.0,,,M,1,11,20,2025020,0,0,0,0,1.232,0,97.145,97.761,97.145,99.313,97.268,97.181,0.580,0.580,0.616,0.616,0.616,#F0E628,0,0,0,,0,99.313,0.502,0,0,0,1,Nico Hulkenberg,Nico,Hulkenberg,#52E252,0.0
27,HUL,97.968,6.0,2.0,,,M,1,12,20,2025020,0,0,0,0,0.207,0,97.864,97.968,97.864,99.313,97.324,97.278,0.690,0.690,0.104,0.104,0.104,#F0E628,0,0,0,,0,99.313,0.502,0,0,0,1,Nico Hulkenberg,Nico,Hulkenberg,#52E252,0.0
27,HUL,98.493,7.0,2.0,,,M,1,13,20,2025020,0,0,0,0,0.525,0,98.23,98.493,98.23,99.313,97.342,97.317,1.176,1.176,0.262,0.262,0.262,#F0E628,0,0,0,,0,99.313,0.502,0,0,0,1,Nico Hulkenberg,Nico,Hulkenberg,#52E252,0.0
27,HUL,98.228,8.0,2.0,,,M,1,14,20,2025020,0,0,0,0,0.265,0,98.36,98.228,98.36,99.313,97.557,97.557,0.671,0.671,0.133,-0.133,0.133,#F0E628,0,0,0,,0,99.313,0.502,0,0,0,1,Nico Hulkenberg,Nico,Hulkenberg,#52E252,0.0
27,HUL,98.551,9.0,2.0,,,M,1,15,20,2025020,0,0,0,0,0.323,0,98.39,98.551,98.39,99.313,98.052,97.892,0.659,0.659,0.162,0.162,0.162,#F0E628,0,0,0,,0,99.313,0.502,0,0,0,1,Nico Hulkenberg,Nico,Hulkenberg,#52E252,0.0
27,HUL,99.068,10.0,2.0,,,M,1,16,20,2025020,0,0,0,0,0.517,0,98.81,99.068,98.81,99.313,98.221,98.196,0.872,0.872,0.258,0.258,0.258,#F0E628,0,0,0,,0,99.313,0.502,0,0,0,1,Nico Hulkenberg,Nico,Hulkenberg,#52E252,0.0
27,HUL,100.03,11.0,2.0,,,M,1,17,19,2025020,0,0,0,0,0.962,0,99.549,99.436,99.252,99.313,98.552,98.418,1.612,1.019,0.778,0.778,-,#F0E628,1,0,1,0.7777,0,99.313,0.502,0,1,0,1,Nico Hulkenberg,Nico,Hulkenberg,#52E252,0.0
27,HUL,99.805,12.0,2.0,,,M,1,18,19,2025020,0,0,0,0,0.225,0,99.918,99.805,99.621,99.313,98.4,98.4,1.405,1.405,0.184,0.184,0.184,#F0E628,0,0,0,,0,99.313,0.502,0,0,0,1,Nico Hulkenberg,Nico,Hulkenberg,#52E252,0.0
27,HUL,99.191,13.0,2.0,,,M,1,19,19,2025020,0,0,0,0,0.614,0,99.498,99.191,99.498,99.313,98.361,98.361,0.830,0.830,0.307,-0.307,0.307,#F0E628,0,0,0,,0,99.313,0.502,0,0,0,1,Nico Hulkenberg,Nico,Hulkenberg,#52E252,0.0
27,HUL,99.867,14.0,2.0,,,M,1,20,19,2025020,0,0,0,0,0.676,0,99.529,99.867,99.529,99.313,98.708,98.679,1.188,1.188,0.338,0.338,0.338,#F0E628,0,0,0,,0,99.313,0.502,0,0,0,1,Nico Hulkenberg,Nico,Hulkenberg,#52E252,0.0
27,HUL,99.418,15.0,2.0,,,M,1,21,18,2025020,0,0,0,0,0.449,0,99.643,99.418,99.643,99.313,99.096,98.902,0.516,0.516,0.225,-0.225,0.225,#F0E628,0,0,0,,0,99.313,0.502,0,0,0,1,Nico Hulkenberg,Nico,Hulkenberg,#52E252,1.0
27,HUL,98.597,16.0,2.0,,,M,1,22,18,2025020,0,0,0,0,0.821,0,99.008,98.597,99.008,99.313,98.947,98.915,-0.318,-0.318,0.410,-0.41,0.410,#F0E628,0,0,0,,0,99.313,0.502,0,0,0,1,Nico Hulkenberg,Nico,Hulkenberg,#52E252,0.0
27,HUL,99.338,17.0,2.0,,,M,1,23,18,2025020,0,0,0,0,0.741,0,98.968,99.338,98.968,99.313,99.25,99.032,0.306,0.306,0.370,0.37,0.370,#F0E628,0,0,0,,0,99.313,0.502,0,0,0,1,Nico Hulkenberg,Nico,Hulkenberg,#52E252,0.0
27,HUL,101.825,18.0,2.0,,,M,1,24,19,2025020,0,0,0,0,2.487,0,100.582,101.825,100.582,99.313,99.244,99.219,2.606,2.606,1.243,1.243,1.243,#F0E628,0,0,0,,0,99.313,0.502,0,0,0,1,Nico Hulkenberg,Nico,Hulkenberg,#52E252,-1.0
27,HUL,106.846,19.0,2.0,,,M,12,25,19,2025020,0,0,0,0,5.021,0,104.336,106.846,104.336,99.313,100.692,100.692,6.154,6.154,2.511,2.511,2.511,#F0E628,0,0,0,,0,99.313,0.502,0,0,0,1,Nico Hulkenberg,Nico,Hulkenberg,#52E252,0.0
7,DOO,-,1.0,1.0,,,M,1,7,18,2025020,0,0,0,0,-,1,,-,-,99.707,,,-,-,-,,-,#F0E628,1,1,0,,0,99.707,0.655,0,0,0,1,Jack Doohan,Jack,Doohan,#0093CC,
7,DOO,-,2.0,1.0,,,M,1,8,18,2025020,0,0,0,0,-,1,,-,-,99.707,,,-,-,-,,-,#F0E628,1,0,0,,0,99.707,0.655,0,0,0,1,Jack Doohan,Jack,Doohan,#0093CC,0.0
7,DOO,97.686,3.0,1.0,,,M,1,9,18,2025020,0,0,0,0,-,0,,97.686,-,99.707,96.966,96.966,0.720,0.720,-,,-,#F0E628,0,0,0,,0,99.707,0.655,0,0,0,1,Jack Doohan,Jack,Doohan,#0093CC,0.0
7,DOO,98.101,4.0,1.0,,,M,1,10,19,2025020,0,0,0,0,0.415,0,97.894,98.101,97.894,99.707,96.969,96.93,1.171,1.171,0.207,0.207,0.207,#F0E628,0,0,0,,0,99.707,0.655,0,0,0,1,Jack Doohan,Jack,Doohan,#0093CC,-1.0
7,DOO,97.88,5.0,1.0,,,M,1,11,19,2025020,0,0,0,0,0.221,0,97.99,97.88,97.99,99.707,97.268,97.181,0.699,0.699,0.111,-0.111,0.111,#F0E628,0,0,0,,0,99.707,0.655,0,0,0,1,Jack Doohan,Jack,Doohan,#0093CC,0.0
7,DOO,97.803,6.0,1.0,,,M,1,12,19,2025020,0,0,0,0,0.077,0,97.842,97.803,97.842,99.707,97.324,97.278,0.525,0.525,0.038,-0.038,0.038,#F0E628,0,0,0,,0,99.707,0.655,0,0,0,1,Jack Doohan,Jack,Doohan,#0093CC,0.0
7,DOO,98.236,7.0,1.0,,,M,1,13,19,2025020,0,0,0,0,0.433,0,98.02,98.236,98.02,99.707,97.342,97.317,0.919,0.919,0.217,0.217,0.217,#F0E628,0,0,0,,0,99.707,0.655,0,0,0,1,Jack Doohan,Jack,Doohan,#0093CC,0.0
7,DOO,98.419,8.0,1.0,,,M,1,14,19,2025020,0,0,0,0,0.183,0,98.328,98.419,98.328,99.707,97.557,97.557,0.862,0.862,0.091,0.091,0.091,#F0E628,0,0,0,,0,99.707,0.655,0,0,0,1,Jack Doohan,Jack,Doohan,#0093CC,0.0
7,DOO,98.449,9.0,1.0,,,M,1,15,19,2025020,0,0,0,0,0.030,0,98.434,98.449,98.434,99.707,98.052,97.892,0.557,0.557,0.015,0.015,0.015,#F0E628,0,0,0,,0,99.707,0.655,0,0,0,1,Jack Doohan,Jack,Doohan,#0093CC,0.0
7,DOO,99.341,10.0,1.0,,,M,1,16,19,2025020,0,0,0,0,0.892,0,98.895,99.341,98.895,99.707,98.221,98.196,1.145,1.145,0.446,0.446,0.446,#F0E628,0,0,0,,0,99.707,0.655,0,0,0,1,Jack Doohan,Jack,Doohan,#0093CC,0.0
7,DOO,100.104,11.0,1.0,,,M,1,17,18,2025020,0,0,0,0,0.763,0,99.722,99.46,99.4,99.707,98.552,98.418,1.686,1.042,0.704,0.704,-,#F0E628,1,0,1,0.7035,0,99.707,0.655,0,1,0,1,Jack Doohan,Jack,Doohan,#0093CC,0.0
7,DOO,99.579,12.0,1.0,,,M,1,18,18,2025020,0,0,0,0,0.525,0,99.842,99.579,99.52,99.707,98.4,98.4,1.179,1.179,0.059,0.059,0.059,#F0E628,0,0,0,,0,99.707,0.655,0,0,0,1,Jack Doohan,Jack,Doohan,#0093CC,0.0
7,DOO,99.515,13.0,1.0,,,M,1,19,18,2025020,0,0,0,0,0.064,0,99.547,99.515,99.547,99.707,98.361,98.361,1.154,1.154,0.032,-0.032,0.032,#F0E628,0,0,0,,0,99.707,0.655,0,0,0,1,Jack Doohan,Jack,Doohan,#0093CC,0.0
7,DOO,99.952,14.0,1.0,,,M,1,20,18,2025020,0,0,0,0,0.437,0,99.733,99.952,99.733,99.707,98.708,98.679,1.273,1.273,0.219,0.219,0.219,#F0E628,0,0,0,,0,99.707,0.655,0,0,0,1,Jack Doohan,Jack,Doohan,#0093CC,0.0
7,DOO,100.804,15.0,1.0,,,M,1,21,19,2025020,0,0,0,0,0.852,0,100.378,99.28,99.616,99.707,99.096,98.902,1.902,0.379,1.188,1.188,-,#F0E628,1,0,1,1.1878,0,99.707,0.655,0,0,0,1,Jack Doohan,Jack,Doohan,#0093CC,-1.0
7,DOO,98.609,16.0,1.0,,,M,1,22,19,2025020,0,0,0,0,2.195,0,99.706,98.609,98.945,99.707,98.947,98.915,-0.306,-0.306,0.336,-0.336,0.336,#F0E628,0,0,0,,0,99.707,0.655,0,0,0,1,Jack Doohan,Jack,Doohan,#0093CC,0.0
7,DOO,98.645,17.0,1.0,,,M,1,23,19,2025020,0,0,0,0,0.036,0,98.627,98.645,98.627,99.707,99.25,99.032,-0.387,-0.387,0.018,0.018,0.018,#F0E628,0,0,0,,0,99.707,0.655,0,0,0,1,Jack Doohan,Jack,Doohan,#0093CC,0.0
7,DOO,99.658,18.0,1.0,,,M,1,24,18,2025020,0,0,0,0,1.013,0,99.152,99.658,99.152,99.707,99.244,99.219,0.439,0.439,0.507,0.507,0.507,#F0E628,0,0,0,,0,99.707,0.655,0,0,0,1,Jack Doohan,Jack,Doohan,#0093CC,1.0
7,DOO,112.236,19.0,1.0,,,M,12,25,20,2025020,0,0,0,0,12.578,0,105.947,112.236,105.947,99.707,100.692,100.692,11.544,11.544,6.289,6.289,6.289,#F0E628,0,0,0,,0,99.707,0.655,0,0,0,1,Jack Doohan,Jack,Doohan,#0093CC,0.0
