SeasonID,RaceID,DriverID,FirstName,LastName,Abbreviation,Number,Team,Color,FullName,RaceNumber,SprintIndex,CountryCode,DriverIDT,CountryCodeEng,CountryCodeRus,CountryColor,Engine,EngineColor,EventAbbreviation,EventNameEng,EventNameShortEng,EventNameRus,EventNameShortRus,ClassifiedPosition,Status,PointsOfficial,QualiParticipated,QualificationPosition,QualificationPositionNormalized,QualificationTeammateDiscrete,QualificationTeammateDiscreteClear,QualificationTeammateNormalized,GridPositionLabel,NotStarted,PitLaneStart,GridRow,GridPosition,ClassifiedPositionLabel,Retired,Disqualified,ClassifiedPositionOrder,FinishTeammate,FinishTeammateClear,DistanceComplitedLaps,DistanceComplitedPerc,Overtakes,OvertakesGain,OvertakesLost,OvertakesTotal,FirstLapPosition,Start,StartGain,StartLost,StartTotal,LaptimeSeriesActual,Pace,PaceSec,Consistency,ConsistencyClear,ConsistencyMistakesDiff,RankConsistency,PointsConsistency,RankPace,PointsPace,RankStart,PointsStart,RankOvertakes,PointsOvertakes,RankPoints,PointsClassified,RankStartChart,RankTiming,PointsTiming,RankActions,PointsActions,MistakesCount,MistakesCountPerLap,MistakesLosses,MistakesLossesPerLap,ConsistencyNormalized,StartNormalized,PaceNormalized,OvertakesNormalized,MistakesLossesPerLapNormalized,ConsistencyNormalizedRaceMean,PaceNormalizedRaceMean,StartNormalizedRaceMean,OvertakesNormalizedRaceMean,ConsistencyTeammateDiscrete,ConsistencyTeammateNormalized,PaceTeammateDiscrete,PaceTeammateNormalized,StartTeammateDiscrete,StartTeammateNormalized,OvertakesTeammateDiscrete,OvertakesTeammateNormalized,RankMistakes,MistakesTeammateDiscrete,MistakesTeammateNormalized,TeamPointsOfficial,EnginePointsOfficial,CountryPointsOfficial,Card,CardMultiple,CardPoints,CardConsistency,CardPace,CardStart,CardOvertakes,CardsEvent,FastestLap,Win,Second,Third,Podium,WinQualification,SecondQualification,ThirdQualification,PodiumQualification,LapsLeading,Consistency1,Consistency2,Consistency3,PaceDiff,PaceDiffByWorst,PaceDiffClear,PaceDiffClearByWorst,WinnerQualificationSprint,WinnerRace,WinnerSprint,SecondRace,SecondSprint,ThirdRace,ThirdSprint,LevelNormalized,,Points,RankPointsStr
2025,2025130,2,Max,Verstappen,VER,1,Red Bull Racing,#3671C6,Max Verstappen,13,0,NLD,2_Red_Bull_Racing,Netherlands,Нидерланды,#F75600,Honda,#DE0000,BEL*,"Belgian Grand Prix, sprint","Belgium, спринт","Гран-при Бельгии, спринт","Бельгия, спринт",1,Finished,8,1,2.0,9.53,1,1.0,0.6655027932960893,2,0,0,1.0,2,1,0,0,1,1.0,1.0,15.0,100.0,0,0.0,0.0,0.0,1,1,1.0,0.0,1,1,106.428,01:46.428,0.079,0.062,0.017,2,3.90,2,1.95,1,2.00,5,1.80,1,1,1,1,5.85,1,3.80,1,0.06666666666666667,0.300,0.01999999999999981,9.31,10.00,9.73,5.50,8.94,7.19,4.89,5.50,5.50,1.0,0.5236220472440944,1.0,0.7035430224150397,1.0,0.6451612903225806,1.0,0.5,6.0,1.0,0.5786407766990291,8.0,9.0,8.0,1.0,1,1.0,0.0,0.0,1.0,0.0,2.0,0.0,1.0,0.0,0.0,1.0,0.0,1.0,0.0,1.0,15,-,-,-,-,-,-,-,,,,,,,,8.790000000000001,,9.65,
2025,2025130,13,Esteban,Ocon,OCO,31,Haas F1 Team,#505050,Esteban Ocon,13,0,FRA,13_Haas_F1_Team,France,Франция,#004CA2,Ferrari,#DC0004,BEL*,"Belgian Grand Prix, sprint","Belgium, спринт","Гран-при Бельгии, спринт","Бельгия, спринт",5,Finished,4,1,5.0,8.11,1,1.0,0.5311067452521283,5,0,0,3.0,5,5,0,0,5,1.0,1.0,15.0,100.0,0,0.0,0.0,0.0,5,0,0.0,0.0,0,1,107.226,01:47.226,0.062,0.050,0.011999999999999997,1,4.00,5,1.80,4,1.85,6,1.75,2,1,4,2,5.80,2,3.60,1,0.06666666666666667,0.173,0.011533333333333454,10.00,5.50,6.14,5.50,10.0,7.19,4.89,5.50,5.50,1.0,0.6631299734748011,1.0,0.548704200178731,1.0,0.5,1.0,0.5,1.0,1.0,0.7062146892655368,6.0,11.0,5.0,1.0,0,0.0,1.0,0.0,0.0,0.0,1.0,0.0,0.0,0.0,0.0,0.0,0.0,0.0,0.0,0.0,0,-,-,-,-,-,-,-,,,,,,,,8.5,,9.40,
2025,2025130,8,Carlos,Sainz,SAI,55,Williams,#64C4FF,Carlos Sainz,13,0,ESP,8_Williams,Spain,Испания,#F7B800,Mercedes,#707070,BEL*,"Belgian Grand Prix, sprint","Belgium, спринт","Гран-при Бельгии, спринт","Бельгия, спринт",6,Finished,3,1,6.0,7.63,1,1.0,0.7252851711026617,6,0,0,3.0,6,6,0,0,6,1.0,1.0,15.0,100.0,0,0.0,0.0,0.0,6,0,0.0,0.0,0,1,107.243,01:47.243,0.090,0.059,0.031,3,3.80,6,1.75,5,1.80,7,1.70,3,1,5,4,5.55,3,3.50,2,0.13333333333333333,0.377,0.02513333333333397,8.87,5.50,6.06,5.50,8.3,7.19,4.89,5.50,5.50,1.0,0.6474452554744525,1.0,0.6870748299319728,1.0,0.5,1.0,0.6285714285714286,9.0,1.0,0.6797706797706797,3.0,16.0,3.0,0.0,0,0.0,0.0,0.0,0.0,0.0,0.0,0.0,0.0,0.0,0.0,0.0,0.0,0.0,0.0,0.0,0,-,-,-,-,-,-,-,,,,,,,,7.746666666666666,,9.05,
2025,2025130,4,Lando,Norris,NOR,4,McLaren,#FF8000,Lando Norris,13,0,GBR,4_McLaren,Great Britain,Великобритания,#314486,Mercedes,#707070,BEL*,"Belgian Grand Prix, sprint","Belgium, спринт","Гран-при Бельгии, спринт","Бельгия, спринт",3,Finished,6,1,3.0,9.05,0,0.0,0.47506561679790027,3,0,0,2.0,3,3,0,0,3,0.0,0.0,15.0,100.0,1,1.0,0.0,1.0,4,-1,0.0,1.0,1,1,106.367,01:46.367,0.090,0.074,0.016,4,3.70,1,2.00,19,1.10,2,1.95,4,1,19,3,5.70,12,3.05,1,0.06666666666666667,0.246,0.016399999999999675,8.87,1.00,10.00,7.75,9.39,7.19,4.89,5.50,5.50,1.0,0.5045506257110353,1.0,0.5089058524173028,0.0,0.5,1.0,0.5849056603773585,4.0,1.0,0.533826037521319,13.0,16.0,8.0,1.0,0,0.0,0.0,1.0,0.0,0.0,1.0,1.0,0.0,0.0,1.0,1.0,0.0,0.0,1.0,1.0,0,-,-,-,-,-,-,-,,,,,,,,7.371666666666666,,8.75,
2025,2025130,28,Oscar,Piastri,PIA,81,McLaren,#FF8000,Oscar Piastri,13,0,AUS,28_McLaren,Australia,Австралия,#F7C900,Mercedes,#707070,BEL*,"Belgian Grand Prix, sprint","Belgium, спринт","Гран-при Бельгии, спринт","Бельгия, спринт",2,Finished,7,1,1.0,10.0,1,1.0,0.5249343832020997,1,0,0,1.0,1,2,0,0,2,1.0,1.0,15.0,100.0,0,0.0,0.0,0.0,2,-1,0.0,1.0,1,1,106.444,01:46.444,0.094,0.062,0.032,6,3.50,3,1.90,18,1.15,4,1.85,5,1,18,5,5.40,13,3.00,1,0.06666666666666667,0.390,0.026000000000000037,8.71,1.00,9.65,5.50,8.2,7.19,4.89,5.50,5.50,0.0,0.49544937428896485,0.0,0.49109414758269726,1.0,0.5,0.0,0.41509433962264153,10.0,0.0,0.46617396247868104,13.0,16.0,7.0,0.0,0,0.0,0.0,0.0,0.0,0.0,0.0,0.0,0.0,1.0,0.0,1.0,1.0,0.0,0.0,1.0,0,-,-,-,-,-,-,-,,,,,,,,6.890000000000001,,8.40,
2025,2025130,17,Pierre,Gasly,GAS,10,Alpine,#0093CC,Pierre Gasly,13,0,FRA,17_Alpine,France,Франция,#004CA2,Renault,#FAEF00,BEL*,"Belgian Grand Prix, sprint","Belgium, спринт","Гран-при Бельгии, спринт","Бельгия, спринт",-,Retired,0,1,8.0,6.68,1,1.0,0.8196319018404907,8,0,0,4.0,8,DNF,1,0,20,0.0,,12.0,80.0,0,0.0,0.0,0.0,20,0,0.0,0.0,0,1,107.836,01:47.836,0.096,0.063,0.033,7,3.40,14,1.35,7,1.70,9,1.60,6,1,7,8,4.75,5,3.30,1,0.08333333333333333,0.259,0.02158333333333336,8.63,5.50,3.40,5.50,8.75,7.19,4.89,5.50,5.50,1.0,0.5121661721068249,1.0,0.7727272727272726,1.0,0.5,1.0,0.5,7.0,0.0,0.4910213243546577,0.0,0.0,5.0,0.0,0,0.0,0.0,0.0,0.0,0.0,0.0,0.0,0.0,0.0,0.0,0.0,0.0,0.0,0.0,0.0,0,-,-,-,-,-,-,-,,,,,,,,7.586666666666667,,8.05,
2025,2025130,14,George,Russell,RUS,63,Mercedes,#27F4D2,George Russell,13,0,GBR,14_Mercedes,Great Britain,Великобритания,#314486,Mercedes,#707070,BEL*,"Belgian Grand Prix, sprint","Belgium, спринт","Гран-при Бельгии, спринт","Бельгия, спринт",12,Finished,0,1,13.0,4.32,1,1.0,0.8120300751879699,13,0,0,7.0,13,12,0,0,12,1.0,1.0,15.0,100.0,0,0.0,0.0,0.0,12,0,0.0,0.0,0,1,107.739,01:47.739,0.093,0.074,0.019000000000000003,5,3.60,13,1.40,12,1.45,14,1.35,7,1,12,6,5.00,16,2.80,1,0.06666666666666667,0.237,0.01579999999999965,8.75,5.50,3.83,5.50,9.47,7.19,4.89,5.50,5.50,1.0,0.6618759455370651,1.0,0.5716417910447761,1.0,0.5,0.0,0.41509433962264153,3.0,1.0,0.5287548855388051,0.0,16.0,8.0,0.0,0,0.0,0.0,0.0,0.0,0.0,0.0,0.0,0.0,0.0,0.0,0.0,0.0,0.0,0.0,0.0,0,-,-,-,-,-,-,-,,,,,,,,7.666666666666667,,7.80,
2025,2025130,33,Isack,Hadjar,HAD,6,Racing Bulls,#6692FF,Isack Hadjar,13,0,FRA,33_Racing_Bulls,France,Франция,#004CA2,Honda,#DE0000,BEL*,"Belgian Grand Prix, sprint","Belgium, спринт","Гран-при Бельгии, спринт","Бельгия, спринт",8,Finished,1,1,9.0,6.21,1,1.0,0.5414123801220576,9,0,0,5.0,9,8,0,0,8,1.0,1.0,15.0,100.0,0,0.0,0.0,0.0,8,0,0.0,0.0,0,1,107.461,01:47.461,0.140,0.056,0.08400000000000002,13,2.80,7,1.70,8,1.65,10,1.55,8,1,8,10,4.50,7,3.20,4,0.26666666666666666,1.189,0.0792666666666681,6.85,5.50,5.08,5.50,1.56,7.19,4.89,5.50,5.50,0.0,0.45454545454545453,1.0,0.5433155080213904,1.0,0.5,1.0,0.5,18.0,0.0,0.13903743315508021,1.0,9.0,5.0,0.0,0,0.0,0.0,0.0,0.0,0.0,0.0,0.0,0.0,0.0,0.0,0.0,0.0,0.0,0.0,0.0,0,-,-,-,-,-,-,-,,,,,,,,6.3999999999999995,,7.70,
2025,2025130,9,Yuki,Tsunoda,TSU,22,Red Bull Racing,#3671C6,Yuki Tsunoda,13,0,JPN,9_Red_Bull_Racing,Japan,Япония,#C60018,Honda,#DE0000,BEL*,"Belgian Grand Prix, sprint","Belgium, спринт","Гран-при Бельгии, спринт","Бельгия, спринт",11,Finished,0,1,12.0,4.79,0,0.0,0.3344972067039106,12,0,0,6.0,12,11,0,0,11,0.0,0.0,15.0,100.0,0,0.0,0.0,0.0,11,0,0.0,0.0,0,1,107.68,01:47.680,0.100,0.052,0.04800000000000001,8,3.30,11,1.50,11,1.50,13,1.40,9,1,11,7,4.80,15,2.90,2,0.13333333333333333,0.593,0.03953333333333452,8.47,5.50,4.10,5.50,6.51,7.19,4.89,5.50,5.50,0.0,0.4763779527559055,0.0,0.2964569775849602,0.0,0.3548387096774194,0.0,0.5,13.0,0.0,0.42135922330097086,8.0,9.0,0.0,0.0,0,0.0,0.0,0.0,0.0,0.0,0.0,0.0,0.0,0.0,0.0,0.0,0.0,0.0,0.0,0.0,0,-,-,-,-,-,-,-,,,,,,,,7.48,,7.70,
2025,2025130,29,Liam,Lawson,LAW,30,Racing Bulls,#6692FF,Liam Lawson,13,0,NZL,29_Racing_Bulls,New Zealand,Новая Зеландия,#0D1168,Honda,#DE0000,BEL*,"Belgian Grand Prix, sprint","Belgium, спринт","Гран-при Бельгии, спринт","Бельгия, спринт",10,Finished,0,1,11.0,5.26,0,0.0,0.4585876198779425,11,0,0,6.0,11,10,0,0,10,0.0,0.0,15.0,100.0,0,0.0,0.0,0.0,10,0,0.0,0.0,0,1,107.641,01:47.641,0.106,0.088,0.018000000000000002,11,3.00,10,1.55,10,1.55,12,1.45,10,1,10,9,4.55,14,3.00,1,0.06666666666666667,0.214,0.014266666666666575,8.22,5.50,4.27,5.50,9.66,7.19,4.89,5.50,5.50,1.0,0.5454545454545455,0.0,0.4566844919786096,0.0,0.5,0.0,0.5,2.0,1.0,0.8609625668449198,1.0,9.0,0.0,0.0,0,0.0,0.0,0.0,0.0,0.0,0.0,0.0,0.0,0.0,0.0,0.0,0.0,0.0,0.0,0.0,0,-,-,-,-,-,-,-,,,,,,,,7.3133333333333335,,7.55,
2025,2025130,10,Lance,Stroll,STR,18,Aston Martin,#229971,Lance Stroll,13,0,CAN,10_Aston_Martin,Canada,Канада,#E30000,Mercedes,#707070,BEL*,"Belgian Grand Prix, sprint","Belgium, спринт","Гран-при Бельгии, спринт","Бельгия, спринт",13,Finished,0,1,15.0,3.37,0,0.0,0.46740638002773927,15,0,0,8.0,15,13,0,0,13,1.0,1.0,15.0,100.0,0,0.0,0.0,0.0,13,1,1.0,0.0,1,1,107.736,01:47.736,0.120,0.053,0.067,12,2.90,12,1.45,3,1.90,16,1.25,11,1,3,11,4.35,8,3.15,2,0.13333333333333333,0.822,0.05480000000000018,7.66,10.00,3.85,5.50,4.61,7.19,4.89,5.50,5.50,0.0,0.482367758186398,1.0,0.5437853107344632,1.0,0.9090909090909091,0.0,0.5,14.0,0.0,0.3880471380471381,0.0,16.0,0.0,0.0,0,0.0,0.0,0.0,0.0,0.0,0.0,0.0,0.0,0.0,0.0,0.0,0.0,0.0,0.0,0.0,0,-,-,-,-,-,-,-,,,,,,,,7.69,,7.50,
2025,2025130,30,Oliver,Bearman,BEA,87,Haas F1 Team,#505050,Oliver Bearman,13,0,GBR,30_Haas_F1_Team,Great Britain,Великобритания,#314486,Ferrari,#DC0004,BEL*,"Belgian Grand Prix, sprint","Belgium, спринт","Гран-при Бельгии, спринт","Бельгия, спринт",7,Finished,2,1,7.0,7.16,0,0.0,0.4688932547478717,7,0,0,4.0,7,7,0,0,7,0.0,0.0,15.0,100.0,0,0.0,0.0,0.0,7,0,0.0,0.0,0,1,107.468,01:47.468,0.184,0.121,0.063,17,2.40,8,1.65,6,1.75,8,1.65,12,1,6,15,4.05,4,3.40,3,0.2,0.876,0.058399999999998425,5.08,5.50,5.05,5.50,4.16,7.19,4.89,5.50,5.50,0.0,0.33687002652519893,0.0,0.451295799821269,0.0,0.5,0.0,0.5,15.0,0.0,0.2937853107344633,6.0,11.0,8.0,0.0,0,0.0,0.0,0.0,0.0,0.0,0.0,0.0,0.0,0.0,0.0,0.0,0.0,0.0,0.0,0.0,0,-,-,-,-,-,-,-,,,,,,,,5.22,,7.45,
2025,2025130,1,Lewis,Hamilton,HAM,44,Ferrari,#CC1400,Lewis Hamilton,13,0,GBR,1_Ferrari,Great Britain,Великобритания,#314486,Ferrari,#DC0004,BEL*,"Belgian Grand Prix, sprint","Belgium, спринт","Гран-при Бельгии, спринт","Бельгия, спринт",15,Finished,0,1,18.0,1.95,0,0.0,0.1851851851851852,18,0,0,9.0,18,15,0,0,15,0.0,0.0,15.0,100.0,2,2.0,0.0,2.0,17,0,0.0,0.0,0,1,107.841,01:47.841,0.170,0.170,0.0,15,2.60,15,1.30,15,1.30,1,2.00,13,1,15,17,3.90,6,3.30,0,0.0,-,,5.64,5.50,3.37,10.00,,7.19,4.89,5.50,5.50,1.0,0.8493975903614458,0.0,0.3330039525691699,0.0,0.3548387096774194,1.0,0.7547169811320755,20.0,0.0,,5.0,11.0,8.0,1.0,0,0.0,0.0,0.0,0.0,1.0,1.0,0.0,0.0,0.0,0.0,0.0,0.0,0.0,0.0,0.0,0,-,-,-,-,-,-,-,,,,,,,,6.343333333333334,,7.20,
2025,2025130,34,Gabriel,Bortoleto,BOR,5,Kick Sauber,#52E252,Gabriel Bortoleto,13,0,BRA,34_Kick_Sauber,Brazil,Бразилия,#FFCE00,Ferrari,#DC0004,BEL*,"Belgian Grand Prix, sprint","Belgium, спринт","Гран-при Бельгии, спринт","Бельгия, спринт",9,Finished,0,1,10.0,5.74,1,1.0,0.7034313725490197,10,0,0,5.0,10,9,0,0,9,1.0,1.0,15.0,100.0,0,0.0,0.0,0.0,9,0,0.0,0.0,0,1,107.64,01:47.640,0.175,0.100,0.07499999999999998,16,2.50,9,1.60,9,1.60,11,1.50,14,1,9,14,4.10,11,3.10,4,0.26666666666666666,1.175,0.07833333333333409,5.44,5.50,4.28,5.50,1.67,7.19,4.89,5.50,5.50,0.0,0.45145228215767635,1.0,0.6504559270516718,1.0,0.5,1.0,0.8461538461538461,17.0,0.0,0.19217491369390105,0.0,11.0,0.0,0.0,0,0.0,0.0,0.0,0.0,0.0,0.0,0.0,0.0,0.0,0.0,0.0,0.0,0.0,0.0,0.0,0,-,-,-,-,-,-,-,,,,,,,,5.460000000000001,,7.20,
2025,2025130,6,Charles,Leclerc,LEC,16,Ferrari,#CC1400,Charles Leclerc,13,0,MON,6_Ferrari,Monaco,Монако,#D80000,Ferrari,#DC0004,BEL*,"Belgian Grand Prix, sprint","Belgium, спринт","Гран-при Бельгии, спринт","Бельгия, спринт",4,Finished,5,1,4.0,8.58,1,1.0,0.8148148148148149,4,0,0,2.0,4,4,0,0,4,1.0,1.0,15.0,100.0,-1,0.0,1.0,1.0,3,1,1.0,0.0,1,1,107.09,01:47.090,0.285,0.189,0.09599999999999997,20,2.10,4,1.85,2,1.95,18,1.15,15,1,2,16,3.95,10,3.10,1,0.06666666666666667,1.256,0.0837333333333324,1.00,10.00,6.75,3.25,1.0,7.19,4.89,5.50,5.50,0.0,0.15060240963855423,1.0,0.66699604743083,1.0,0.6451612903225806,0.0,0.24528301886792453,19.0,1.0,1.0,5.0,11.0,5.0,0.0,0,0.0,0.0,0.0,0.0,0.0,0.0,0.0,0.0,0.0,0.0,0.0,0.0,0.0,0.0,0.0,0,-,-,-,-,-,-,-,,,,,,,,2.875,,7.05,
2025,2025130,19,Fernando,Alonso,ALO,14,Aston Martin,#229971,Fernando Alonso,13,0,ESP,19_Aston_Martin,Spain,Испания,#F7B800,Mercedes,#707070,BEL*,"Belgian Grand Prix, sprint","Belgium, спринт","Гран-при Бельгии, спринт","Бельгия, спринт",14,Finished,0,1,14.0,3.84,1,1.0,0.5325936199722607,14,0,0,7.0,14,14,0,0,14,0.0,0.0,15.0,100.0,0,0.0,0.0,0.0,14,-1,0.0,1.0,1,1,107.874,01:47.874,0.106,0.068,0.03799999999999999,10,3.10,16,1.25,20,1.05,15,1.30,16,1,20,12,4.35,20,2.35,2,0.13333333333333333,0.501,0.03340000000000032,8.22,1.00,3.23,5.50,7.27,7.19,4.89,5.50,5.50,1.0,0.517632241813602,0.0,0.4562146892655367,0.0,0.09090909090909091,1.0,0.5,11.0,1.0,0.6119528619528619,0.0,16.0,3.0,0.0,0,0.0,0.0,0.0,0.0,0.0,0.0,0.0,0.0,0.0,0.0,0.0,0.0,0.0,0.0,0.0,0,-,-,-,-,-,-,-,,,,,,,,6.5633333333333335,,6.70,
2025,2025130,31,Franco,Colapinto,COL,43,Alpine,#0093CC,Franco Colapinto,13,0,ARG,31_Alpine,Argentina,Аргентина,#68A6DB,Renault,#FAEF00,BEL*,"Belgian Grand Prix, sprint","Belgium, спринт","Гран-при Бельгии, спринт","Бельгия, спринт",19,Finished,0,1,19.0,1.47,0,0.0,0.1803680981595092,20,0,0,10.0,20,19,0,0,19,1.0,,15.0,100.0,0,0.0,0.0,0.0,19,0,0.0,0.0,0,1,108.369,01:48.369,0.106,0.083,0.022999999999999993,9,3.20,20,1.05,17,1.20,17,1.20,17,1,17,13,4.25,19,2.40,1,0.06666666666666667,0.285,0.018999999999999774,8.22,5.50,1.00,5.50,9.07,7.19,4.89,5.50,5.50,0.0,0.4878338278931751,0.0,0.22727272727272727,0.0,0.5,0.0,0.5,5.0,1.0,0.5089786756453423,0.0,0.0,0.0,0.0,0,0.0,0.0,0.0,0.0,0.0,0.0,0.0,0.0,0.0,0.0,0.0,0.0,0.0,0.0,0.0,0,-,-,-,-,-,-,-,,,,,,,,7.3133333333333335,,6.65,
2025,2025130,35,Kimi,Antonelli,ANT,12,Mercedes,#27F4D2,Kimi Antonelli,13,0,ITA,35_Mercedes,Italy,Италия,#009645,Mercedes,#707070,BEL*,"Belgian Grand Prix, sprint","Belgium, спринт","Гран-при Бельгии, спринт","Бельгия, спринт",17,Finished,0,1,20.0,1.0,0,0.0,0.18796992481203006,19,0,0,10.0,19,17,0,0,17,0.0,0.0,15.0,100.0,1,1.0,0.0,1.0,18,0,0.0,0.0,0,1,107.952,01:47.952,0.199,0.173,0.026000000000000023,19,2.20,17,1.20,16,1.25,3,1.90,18,1,16,20,3.40,9,3.15,1,0.06666666666666667,0.361,0.024066666666666948,4.47,5.50,2.87,7.75,8.44,7.19,4.89,5.50,5.50,0.0,0.338124054462935,0.0,0.42835820895522386,0.0,0.5,1.0,0.5849056603773585,8.0,0.0,0.4712451144611948,0.0,16.0,0.0,0.0,0,0.0,0.0,0.0,0.0,0.0,0.0,0.0,0.0,0.0,0.0,0.0,0.0,0.0,0.0,0.0,0,-,-,-,-,-,-,-,,,,,,,,5.1883333333333335,,6.55,
2025,2025130,25,Nico,Hulkenberg,HUL,27,Kick Sauber,#52E252,Nico Hulkenberg,13,0,GER,25_Kick_Sauber,Germany,Германия,#000000,Ferrari,#DC0004,BEL*,"Belgian Grand Prix, sprint","Belgium, спринт","Гран-при Бельгии, спринт","Бельгия, спринт",18,Finished,0,1,17.0,2.42,0,0.0,0.2965686274509804,17,0,0,9.0,17,18,0,0,18,0.0,0.0,15.0,100.0,-2,0.0,2.0,2.0,16,0,0.0,0.0,0,1,108.08,01:48.080,0.146,0.114,0.03199999999999999,14,2.70,19,1.10,14,1.35,20,1.05,19,1,14,18,3.80,18,2.40,1,0.06666666666666667,0.532,0.03546666666666643,6.61,5.50,2.30,1.00,7.02,7.19,4.89,5.50,5.50,1.0,0.5485477178423237,0.0,0.34954407294832823,0.0,0.5,0.0,0.15384615384615385,12.0,1.0,0.807825086306099,0.0,11.0,0.0,0.0,0,0.0,0.0,0.0,0.0,0.0,0.0,0.0,0.0,0.0,0.0,0.0,0.0,0.0,0.0,0.0,0,-,-,-,-,-,-,-,,,,,,,,5.489999999999999,,6.20,
2025,2025130,24,Alexander,Albon,ALB,23,Williams,#64C4FF,Alexander Albon,13,0,THA,24_Williams,Thailand,Таиланд,#2E2549,Mercedes,#707070,BEL*,"Belgian Grand Prix, sprint","Belgium, спринт","Гран-при Бельгии, спринт","Бельгия, спринт",16,Finished,0,1,16.0,2.89,0,0.0,0.27471482889733845,16,0,0,8.0,16,16,0,0,16,0.0,0.0,15.0,100.0,-1,0.0,1.0,1.0,15,0,0.0,0.0,0,1,107.977,01:47.977,0.190,0.123,0.067,18,2.30,18,1.15,13,1.40,19,1.10,20,1,13,19,3.45,17,2.50,2,0.13333333333333333,0.906,0.06040000000000039,4.83,5.50,2.76,3.25,3.91,7.19,4.89,5.50,5.50,0.0,0.35255474452554747,0.0,0.31292517006802717,0.0,0.5,0.0,0.37142857142857144,16.0,0.0,0.3202293202293202,3.0,16.0,0.0,0.0,0,0.0,0.0,0.0,0.0,0.0,0.0,0.0,0.0,0.0,0.0,0.0,0.0,0.0,0.0,0.0,0,-,-,-,-,-,-,-,,,,,,,,4.678333333333334,,5.95,
