SprintIndex,SeasonID,RaceID,EventIndex,Team,DriverID,Abbreviation,FullName,Number,Color,LapNumber,LapNumberFlow,Laptime,LaptimeClear,LaptimeMistake,LaptimeNaN,LaptimeClearPace,LaptimeDiff,PaceDiff,PaceDiffDelta,PaceDiffMean,PaceDiffValueBetterID,PaceDiffClear,PaceDiffClearDelta,PaceDiffClearMean,PaceDiffClearValueBetterID,PaceDiffTeammate,Compound,CompoundColor,TyreLife,Stint,StintVerticalLine,StintLabel,StintMeanConsistency,SafetyCarLeave,SafetyCarEnter,VirtualSafetyCarLeave,VirtualSafetyCarEnter,Overtakes,Position
0,2022,2022040,3,Alfa Romeo,3,BOT,Valtteri Bottas,77,#B12039,1.0,1,-,-,0,1,-,-,-,-,-,-,-,-,-,-,,S,#CD3C3C,1,1.0,0,0,0.164,0,1,0,0,,10
0,2022,2022040,3,Alfa Romeo,3,BOT,Valtteri Bottas,77,#B12039,2.0,2,-,-,0,1,-,-,-,-,-,-,-,-,-,-,,S,#CD3C3C,2,1.0,0,0,0.164,0,0,0,0,0.0,10
0,2022,2022040,3,Alfa Romeo,3,BOT,Valtteri Bottas,77,#B12039,3.0,3,-,-,0,1,-,-,-,-,-,-,-,-,-,-,,S,#CD3C3C,3,1.0,0,0,0.164,0,0,0,0,0.0,10
0,2022,2022040,3,Alfa Romeo,3,BOT,Valtteri Bottas,77,#B12039,4.0,4,-,-,0,1,-,-,-,-,-,-,-,-,-,-,,S,#CD3C3C,4,1.0,0,0,0.164,1,0,0,0,0.0,10
0,2022,2022040,3,Alfa Romeo,3,BOT,Valtteri Bottas,77,#B12039,5.0,5,-,-,0,1,-,-,-,-,-,-,-,-,-,-,,S,#CD3C3C,5,1.0,0,0,0.164,0,0,0,0,0.0,10
0,2022,2022040,3,Alfa Romeo,3,BOT,Valtteri Bottas,77,#B12039,6.0,6,81.575,81.575,0,0,-,-,-0.19,-,-,-,-0.190,-,-,-,,S,#CD3C3C,6,1.0,0,0,0.164,0,0,0,0,0.0,10
0,2022,2022040,3,Alfa Romeo,3,BOT,Valtteri Bottas,77,#B12039,7.0,7,81.35,81.35,0,0,81.462,0.225,-0.241,-,-,-,-0.241,-,-,-,,S,#CD3C3C,7,1.0,0,0,0.164,0,0,0,0,0.0,10
0,2022,2022040,3,Alfa Romeo,3,BOT,Valtteri Bottas,77,#B12039,8.0,8,80.999,80.999,0,0,81.174,0.351,-0.179,-,-,-,-0.179,-,-,-,,S,#CD3C3C,8,1.0,0,0,0.164,0,0,0,0,0.0,10
0,2022,2022040,3,Alfa Romeo,3,BOT,Valtteri Bottas,77,#B12039,9.0,9,80.219,80.219,0,0,80.609,0.780,0.566,-,-,-,0.566,-,-,-,,S,#CD3C3C,9,1.0,0,0,0.164,0,0,0,0,1.0,9
0,2022,2022040,3,Alfa Romeo,3,BOT,Valtteri Bottas,77,#B12039,10.0,10,80.66,80.349,1,0,80.284,0.441,0.16,-,-,-,0.471,-,-,-,,S,#CD3C3C,10,1.0,0,0,0.164,0,0,0,0,0.0,9
0,2022,2022040,3,Alfa Romeo,3,BOT,Valtteri Bottas,77,#B12039,11.0,11,80.479,80.479,0,0,80.414,0.181,0.229,-,-,-,0.229,-,-,-,,S,#CD3C3C,11,1.0,0,0,0.164,0,0,0,0,0.0,9
0,2022,2022040,3,Alfa Romeo,3,BOT,Valtteri Bottas,77,#B12039,12.0,12,80.97,80.578,1,0,80.529,0.491,-0.236,-,-,-,0.155,-,-,-,,S,#CD3C3C,12,1.0,0,0,0.164,0,0,0,0,0.0,9
0,2022,2022040,3,Alfa Romeo,3,BOT,Valtteri Bottas,77,#B12039,13.0,13,80.678,80.678,0,0,80.628,0.292,0.072,-,-,-,0.072,-,-,-,,S,#CD3C3C,13,1.0,0,1,0.164,0,0,0,0,0.0,9
0,2022,2022040,3,Alfa Romeo,3,BOT,Valtteri Bottas,77,#B12039,14.0,14,80.656,80.656,0,0,80.667,0.022,-0.077,-,-,-,-0.077,-,-,-,,S,#CD3C3C,14,1.0,0,0,0.164,0,0,0,0,0.0,9
0,2022,2022040,3,Alfa Romeo,3,BOT,Valtteri Bottas,77,#B12039,15.0,15,80.868,80.868,0,0,80.762,0.212,-0.048,-,-,-,-0.048,-,-,-,,S,#CD3C3C,15,1.0,0,0,0.164,0,0,0,0,0.0,9
0,2022,2022040,3,Alfa Romeo,3,BOT,Valtteri Bottas,77,#B12039,16.0,16,80.726,80.726,0,0,80.797,0.142,0.161,-,-,-,0.161,-,-,-,,S,#CD3C3C,16,1.0,0,0,0.164,0,0,0,0,1.0,8
0,2022,2022040,3,Alfa Romeo,3,BOT,Valtteri Bottas,77,#B12039,17.0,17,80.88,80.88,0,0,80.803,0.154,-0.083,-,-,-,-0.083,-,-,-,,S,#CD3C3C,17,1.0,0,0,0.164,0,0,0,0,0.0,8
0,2022,2022040,3,Alfa Romeo,3,BOT,Valtteri Bottas,77,#B12039,18.0,18,81.014,81.014,0,0,80.947,0.134,-0.012,-,-,-,-0.012,-,-,-,,S,#CD3C3C,18,1.0,0,0,0.164,0,0,0,0,0.0,8
0,2022,2022040,3,Alfa Romeo,3,BOT,Valtteri Bottas,77,#B12039,19.0,19,80.582,80.582,0,0,80.798,0.432,0.637,-,-,-,0.637,-,-,-,,S,#CD3C3C,19,1.0,0,0,0.164,0,0,0,0,1.0,7
0,2022,2022040,3,Alfa Romeo,3,BOT,Valtteri Bottas,77,#B12039,20.0,20,80.414,80.414,0,0,80.498,0.168,0.947,-,-,-,0.947,-,-,-,,S,#CD3C3C,20,1.0,0,0,0.164,0,0,0,0,0.0,7
0,2022,2022040,3,Alfa Romeo,3,BOT,Valtteri Bottas,77,#B12039,21.0,21,80.859,80.859,0,0,80.636,0.445,0.587,-,-,-,0.587,-,-,-,,S,#CD3C3C,21,1.0,0,0,0.164,0,0,0,0,0.0,7
0,2022,2022040,3,Alfa Romeo,23,ZHO,Guanyu Zhou,24,#B12039,1.0,1,-,-,0,1,-,-,-,-,-,-,-,-,-,-,,S,#CD3C3C,1,1.0,0,0,-,0,1,0,0,,-
0,2022,2022110,11,Alfa Romeo,3,BOT,Valtteri Bottas,77,#B12039,1.0,22,-,-,0,1,-,-,-,-,-,-,-,-,-,-,,M,#F0E628,1,1.0,0,0,0.192,0,0,0,0,,9
0,2022,2022110,11,Alfa Romeo,3,BOT,Valtteri Bottas,77,#B12039,2.0,23,-,-,0,1,-,-,-,-,-,-,-,-,-,-,,M,#F0E628,2,1.0,0,0,0.192,0,0,0,0,0.0,9
0,2022,2022110,11,Alfa Romeo,3,BOT,Valtteri Bottas,77,#B12039,3.0,24,70.227,70.227,0,0,-,-,0.049,0.645,-0.273,3.0,0.049,0.645,-0.273,3.0,-0.596,M,#F0E628,3,1.0,0,0,0.192,0,0,0,0,0.0,9
0,2022,2022110,11,Alfa Romeo,3,BOT,Valtteri Bottas,77,#B12039,4.0,25,69.674,69.674,0,0,69.95,0.553,0.046,0.723,-0.316,3.0,0.046,0.723,-0.316,3.0,-0.677,M,#F0E628,4,1.0,0,0,0.192,0,0,0,0,0.0,9
0,2022,2022110,11,Alfa Romeo,3,BOT,Valtteri Bottas,77,#B12039,5.0,26,69.864,69.864,0,0,69.769,0.190,0.003,1.001,-0.497,3.0,0.003,1.001,-0.497,3.0,-0.998,M,#F0E628,5,1.0,0,0,0.192,0,0,0,0,0.0,9
0,2022,2022110,11,Alfa Romeo,3,BOT,Valtteri Bottas,77,#B12039,6.0,27,69.766,69.766,0,0,69.815,0.098,0.227,1.270,-0.408,3.0,0.227,1.270,-0.408,3.0,-1.043,M,#F0E628,6,1.0,0,0,0.192,0,0,0,0,0.0,9
0,2022,2022110,11,Alfa Romeo,3,BOT,Valtteri Bottas,77,#B12039,7.0,28,69.941,69.941,0,0,69.854,0.175,0.114,1.049,-0.410,3.0,0.114,1.049,-0.410,3.0,-0.935,M,#F0E628,7,1.0,0,0,0.192,0,0,0,0,0.0,9
0,2022,2022110,11,Alfa Romeo,3,BOT,Valtteri Bottas,77,#B12039,8.0,29,71.39,70.283,1,0,70.112,1.449,-1.163,0.353,-1.339,3.0,-0.056,0.737,-0.424,3.0,-1.516,M,#F0E628,8,1.0,0,0,0.192,0,0,0,0,-1.0,10
0,2022,2022110,11,Alfa Romeo,3,BOT,Valtteri Bottas,77,#B12039,9.0,30,70.625,70.625,0,0,70.454,0.765,-0.28,0.425,-0.492,3.0,-0.280,0.425,-0.492,3.0,-0.705,M,#F0E628,9,1.0,0,0,0.192,0,0,0,0,0.0,10
0,2022,2022110,11,Alfa Romeo,3,BOT,Valtteri Bottas,77,#B12039,10.0,31,70.743,70.743,0,0,70.684,0.118,-0.364,0.966,-0.847,3.0,-0.364,-0.136,-0.296,23.0,-1.33,M,#F0E628,10,1.0,0,0,0.192,0,0,0,0,0.0,10
0,2022,2022110,11,Alfa Romeo,3,BOT,Valtteri Bottas,77,#B12039,11.0,32,70.35,70.35,0,0,70.546,0.393,-0.099,-0.185,-0.006,23.0,-0.099,-0.185,-0.006,23.0,0.086,M,#F0E628,11,1.0,0,0,0.192,0,0,0,0,0.0,10
0,2022,2022110,11,Alfa Romeo,3,BOT,Valtteri Bottas,77,#B12039,12.0,33,70.455,70.455,0,0,70.402,0.105,-0.22,-0.239,-0.101,23.0,-0.220,-0.239,-0.101,23.0,0.019,M,#F0E628,12,1.0,0,0,0.192,0,0,0,0,0.0,10
0,2022,2022110,11,Alfa Romeo,3,BOT,Valtteri Bottas,77,#B12039,13.0,34,70.236,70.236,0,0,70.346,0.219,0.013,0.080,-0.027,3.0,0.013,0.080,-0.027,3.0,-0.067,M,#F0E628,13,1.0,0,1,0.192,0,0,0,0,0.0,10
0,2022,2022110,11,Alfa Romeo,3,BOT,Valtteri Bottas,77,#B12039,14.0,35,70.606,70.396,1,0,70.316,0.370,-0.3,-0.322,-0.139,23.0,-0.090,-0.112,-0.034,23.0,0.022,M,#F0E628,14,1.0,0,0,0.192,0,0,0,0,0.0,10
0,2022,2022110,11,Alfa Romeo,3,BOT,Valtteri Bottas,77,#B12039,15.0,36,70.556,70.556,0,0,70.476,0.050,-0.265,-0.031,-0.249,23.0,-0.265,-0.031,-0.249,23.0,-0.234,M,#F0E628,15,1.0,0,0,0.192,0,0,0,0,0.0,10
0,2022,2022110,11,Alfa Romeo,3,BOT,Valtteri Bottas,77,#B12039,16.0,37,70.227,70.227,0,0,70.392,0.329,-0.007,0.158,-0.086,3.0,-0.007,0.158,-0.086,3.0,-0.165,M,#F0E628,16,1.0,0,0,0.192,0,0,0,0,0.0,10
0,2022,2022110,11,Alfa Romeo,3,BOT,Valtteri Bottas,77,#B12039,17.0,38,70.507,70.507,0,0,70.367,0.280,-0.168,0.434,-0.385,3.0,-0.168,0.079,-0.207,3.0,-0.602,M,#F0E628,17,1.0,0,0,0.192,0,0,0,0,0.0,10
0,2022,2022110,11,Alfa Romeo,3,BOT,Valtteri Bottas,77,#B12039,18.0,39,70.568,70.568,0,0,70.538,0.061,-0.167,0.219,-0.277,3.0,-0.167,0.219,-0.277,3.0,-0.386,M,#F0E628,18,1.0,0,0,0.192,0,0,0,0,0.0,10
0,2022,2022110,11,Alfa Romeo,3,BOT,Valtteri Bottas,77,#B12039,19.0,40,70.882,70.722,1,0,70.645,0.314,-0.39,-0.289,-0.245,23.0,-0.230,-0.129,-0.166,23.0,-0.101,M,#F0E628,19,1.0,0,0,0.192,0,0,0,0,0.0,10
0,2022,2022110,11,Alfa Romeo,3,BOT,Valtteri Bottas,77,#B12039,20.0,41,70.877,70.877,0,0,70.8,0.005,-0.303,-0.300,-0.153,23.0,-0.303,-0.300,-0.153,23.0,-0.003,M,#F0E628,20,1.0,0,0,0.192,0,0,0,0,0.0,10
0,2022,2022110,11,Alfa Romeo,3,BOT,Valtteri Bottas,77,#B12039,21.0,42,71.105,70.745,1,0,70.811,0.228,-0.67,-0.537,-0.402,23.0,-0.310,-0.177,-0.222,23.0,-0.133,M,#F0E628,21,1.0,0,0,0.192,0,0,0,0,0.0,10
0,2022,2022110,11,Alfa Romeo,3,BOT,Valtteri Bottas,77,#B12039,22.0,43,70.613,70.613,0,0,70.679,0.492,-0.18,1.248,-0.804,3.0,-0.180,0.122,-0.241,3.0,-1.428,M,#F0E628,22,1.0,0,0,0.192,0,0,0,0,0.0,10
0,2022,2022110,11,Alfa Romeo,3,BOT,Valtteri Bottas,77,#B12039,23.0,44,70.777,70.777,0,0,70.695,0.164,-0.21,0.125,-0.273,3.0,-0.210,0.125,-0.273,3.0,-0.335,M,#F0E628,23,1.0,0,0,0.192,0,0,0,0,0.0,10
0,2022,2022110,11,Alfa Romeo,23,ZHO,Guanyu Zhou,24,#B12039,1.0,22,-,-,0,1,-,-,-,-,-,-,-,-,-,-,,M,#F0E628,1,2.0,0,0,0.234,0,0,0,0,,19
0,2022,2022110,11,Alfa Romeo,23,ZHO,Guanyu Zhou,24,#B12039,2.0,23,-,-,0,1,-,-,-,-,-,-,-,-,-,-,,M,#F0E628,2,2.0,0,0,0.234,0,0,0,0,0.0,19
0,2022,2022110,11,Alfa Romeo,23,ZHO,Guanyu Zhou,24,#B12039,3.0,24,70.872,70.872,0,0,-,-,-0.596,0.645,-0.273,3.0,-0.596,0.645,-0.273,3.0,0.049,M,#F0E628,3,2.0,0,0,0.234,0,0,0,0,0.0,19
0,2022,2022110,11,Alfa Romeo,23,ZHO,Guanyu Zhou,24,#B12039,4.0,25,70.397,70.397,0,0,70.634,0.475,-0.677,0.723,-0.316,3.0,-0.677,0.723,-0.316,3.0,0.046,M,#F0E628,4,2.0,0,0,0.234,0,0,0,0,0.0,19
0,2022,2022110,11,Alfa Romeo,23,ZHO,Guanyu Zhou,24,#B12039,5.0,26,70.865,70.865,0,0,70.631,0.468,-0.998,1.001,-0.497,3.0,-0.998,1.001,-0.497,3.0,0.003,M,#F0E628,5,2.0,0,0,0.234,0,0,0,0,0.0,19
0,2022,2022110,11,Alfa Romeo,23,ZHO,Guanyu Zhou,24,#B12039,6.0,27,71.036,71.036,0,0,70.95,0.171,-1.043,1.270,-0.408,3.0,-1.043,1.270,-0.408,3.0,0.227,M,#F0E628,6,2.0,0,0,0.234,0,0,0,0,0.0,19
0,2022,2022110,11,Alfa Romeo,23,ZHO,Guanyu Zhou,24,#B12039,7.0,28,70.99,70.99,0,0,71.013,0.046,-0.935,1.049,-0.410,3.0,-0.935,1.049,-0.410,3.0,0.114,M,#F0E628,7,2.0,0,0,0.234,0,0,0,0,0.0,19
0,2022,2022110,11,Alfa Romeo,23,ZHO,Guanyu Zhou,24,#B12039,8.0,29,71.743,71.02,1,0,71.005,0.753,-1.516,0.353,-1.339,3.0,-0.793,0.737,-0.424,3.0,-1.163,M,#F0E628,8,2.0,0,0,0.234,0,0,0,0,0.0,19
0,2022,2022110,11,Alfa Romeo,23,ZHO,Guanyu Zhou,24,#B12039,9.0,30,71.05,71.05,0,0,71.035,0.693,-0.705,0.425,-0.492,3.0,-0.705,0.425,-0.492,3.0,-0.28,M,#F0E628,9,2.0,0,0,0.234,0,0,0,0,1.0,18
0,2022,2022110,11,Alfa Romeo,23,ZHO,Guanyu Zhou,24,#B12039,10.0,31,71.709,70.608,1,0,70.829,0.659,-1.33,0.966,-0.847,3.0,-0.228,-0.136,-0.296,23.0,-0.364,M,#F0E628,10,2.0,0,0,0.234,0,0,0,0,1.0,17
0,2022,2022110,11,Alfa Romeo,23,ZHO,Guanyu Zhou,24,#B12039,11.0,32,70.165,70.165,0,0,70.386,1.544,0.086,-0.185,-0.006,23.0,0.086,-0.185,-0.006,23.0,-0.099,M,#F0E628,11,2.0,0,0,0.234,0,0,0,0,0.0,17
0,2022,2022110,11,Alfa Romeo,23,ZHO,Guanyu Zhou,24,#B12039,12.0,33,70.216,70.216,0,0,70.19,0.051,0.019,-0.239,-0.101,23.0,0.019,-0.239,-0.101,23.0,-0.22,M,#F0E628,12,2.0,0,0,0.234,0,0,0,0,0.0,17
0,2022,2022110,11,Alfa Romeo,23,ZHO,Guanyu Zhou,24,#B12039,13.0,34,70.316,70.316,0,0,70.266,0.100,-0.067,0.080,-0.027,3.0,-0.067,0.080,-0.027,3.0,0.013,M,#F0E628,13,2.0,0,1,0.234,0,0,0,0,0.0,17
0,2022,2022110,11,Alfa Romeo,23,ZHO,Guanyu Zhou,24,#B12039,14.0,35,70.284,70.284,0,0,70.3,0.032,0.022,-0.322,-0.139,23.0,0.022,-0.112,-0.034,23.0,-0.3,M,#F0E628,14,2.0,0,0,0.234,0,0,0,0,0.0,17
0,2022,2022110,11,Alfa Romeo,23,ZHO,Guanyu Zhou,24,#B12039,15.0,36,70.525,70.525,0,0,70.405,0.241,-0.234,-0.031,-0.249,23.0,-0.234,-0.031,-0.249,23.0,-0.265,M,#F0E628,15,2.0,0,0,0.234,0,0,0,0,0.0,17
0,2022,2022110,11,Alfa Romeo,23,ZHO,Guanyu Zhou,24,#B12039,16.0,37,70.385,70.385,0,0,70.455,0.140,-0.165,0.158,-0.086,3.0,-0.165,0.158,-0.086,3.0,-0.007,M,#F0E628,16,2.0,0,0,0.234,0,0,0,0,1.0,16
0,2022,2022110,11,Alfa Romeo,23,ZHO,Guanyu Zhou,24,#B12039,17.0,38,70.941,70.586,1,0,70.486,0.556,-0.602,0.434,-0.385,3.0,-0.247,0.079,-0.207,3.0,-0.168,M,#F0E628,17,2.0,0,0,0.234,0,0,0,0,0.0,16
0,2022,2022110,11,Alfa Romeo,23,ZHO,Guanyu Zhou,24,#B12039,18.0,39,70.787,70.787,0,0,70.687,0.154,-0.386,0.219,-0.277,3.0,-0.386,0.219,-0.277,3.0,-0.167,M,#F0E628,18,2.0,0,0,0.234,0,0,0,0,0.0,16
0,2022,2022110,11,Alfa Romeo,23,ZHO,Guanyu Zhou,24,#B12039,19.0,40,70.593,70.593,0,0,70.69,0.194,-0.101,-0.289,-0.245,23.0,-0.101,-0.129,-0.166,23.0,-0.39,M,#F0E628,19,2.0,0,0,0.234,0,0,0,0,0.0,16
0,2022,2022110,11,Alfa Romeo,23,ZHO,Guanyu Zhou,24,#B12039,20.0,41,70.577,70.577,0,0,70.585,0.016,-0.003,-0.300,-0.153,23.0,-0.003,-0.300,-0.153,23.0,-0.303,M,#F0E628,20,2.0,0,0,0.234,0,0,0,0,0.0,16
0,2022,2022110,11,Alfa Romeo,23,ZHO,Guanyu Zhou,24,#B12039,21.0,42,70.568,70.568,0,0,70.572,0.009,-0.133,-0.537,-0.402,23.0,-0.133,-0.177,-0.222,23.0,-0.67,M,#F0E628,21,2.0,0,0,0.234,0,0,0,0,1.0,15
0,2022,2022110,11,Alfa Romeo,23,ZHO,Guanyu Zhou,24,#B12039,22.0,43,71.861,70.735,1,0,70.652,1.293,-1.428,1.248,-0.804,3.0,-0.302,0.122,-0.241,3.0,-0.18,M,#F0E628,22,2.0,0,0,0.234,0,0,0,0,0.0,15
0,2022,2022110,11,Alfa Romeo,23,ZHO,Guanyu Zhou,24,#B12039,23.0,44,70.902,70.902,0,0,70.818,0.959,-0.335,0.125,-0.273,3.0,-0.335,0.125,-0.273,3.0,-0.21,M,#F0E628,23,2.0,0,0,0.234,0,0,0,0,0.0,15
0,2022,2022210,22,Alfa Romeo,3,BOT,Valtteri Bottas,77,#B12039,1.0,45,-,-,0,1,-,-,-,-,-,-,-,-,-,-,,S,#CD3C3C,1,1.0,0,0,0.253,0,0,0,0,,20
0,2022,2022210,22,Alfa Romeo,3,BOT,Valtteri Bottas,77,#B12039,2.0,46,-,-,0,1,-,-,-,-,-,-,-,-,-,-,,S,#CD3C3C,2,1.0,0,0,0.253,0,0,0,0,0.0,19
0,2022,2022210,22,Alfa Romeo,3,BOT,Valtteri Bottas,77,#B12039,3.0,47,77.284,77.284,0,0,-,-,-1.211,0.029,-1.196,23.0,-1.211,0.029,-1.196,23.0,-1.182,S,#CD3C3C,3,1.0,0,0,0.253,0,0,0,0,0.0,19
0,2022,2022210,22,Alfa Romeo,3,BOT,Valtteri Bottas,77,#B12039,4.0,48,76.427,76.427,0,0,76.856,0.857,-0.882,0.168,-0.798,23.0,-0.882,0.168,-0.798,23.0,-0.714,S,#CD3C3C,4,1.0,0,0,0.253,0,0,0,0,0.0,19
0,2022,2022210,22,Alfa Romeo,3,BOT,Valtteri Bottas,77,#B12039,5.0,49,76.828,76.828,0,0,76.628,0.401,-1.207,-0.167,-1.291,3.0,-1.207,-0.167,-1.291,3.0,-1.374,S,#CD3C3C,5,1.0,0,0,0.253,0,0,0,0,0.0,19
0,2022,2022210,22,Alfa Romeo,3,BOT,Valtteri Bottas,77,#B12039,6.0,50,78.0,77.106,1,0,76.967,1.172,-2.121,-0.204,-2.223,3.0,-1.226,0.725,-0.863,23.0,-2.325,S,#CD3C3C,6,1.0,0,0,0.253,0,0,0,0,0.0,19
0,2022,2022210,22,Alfa Romeo,3,BOT,Valtteri Bottas,77,#B12039,7.0,51,77.383,77.383,0,0,77.244,0.617,-1.34,1.618,-0.531,23.0,-1.340,1.618,-0.531,23.0,0.278,S,#CD3C3C,7,1.0,0,0,0.253,0,0,0,0,1.0,18
0,2022,2022210,22,Alfa Romeo,3,BOT,Valtteri Bottas,77,#B12039,8.0,52,75.98,75.98,0,0,76.682,1.403,0.109,-0.477,-0.130,3.0,0.109,-0.053,0.083,3.0,-0.368,S,#CD3C3C,8,1.0,0,0,0.253,0,0,0,0,0.0,18
0,2022,2022210,22,Alfa Romeo,3,BOT,Valtteri Bottas,77,#B12039,9.0,53,76.201,76.201,0,0,76.09,0.221,-0.004,-0.099,-0.053,3.0,-0.004,-0.099,-0.053,3.0,-0.103,S,#CD3C3C,9,1.0,0,0,0.253,0,0,0,0,0.0,18
0,2022,2022210,22,Alfa Romeo,3,BOT,Valtteri Bottas,77,#B12039,10.0,54,76.169,76.169,0,0,76.185,0.032,0.038,0.098,0.087,23.0,0.038,0.098,0.087,23.0,0.136,S,#CD3C3C,10,1.0,0,0,0.253,0,0,0,0,0.0,18
0,2022,2022210,22,Alfa Romeo,3,BOT,Valtteri Bottas,77,#B12039,11.0,55,76.527,76.527,0,0,76.348,0.358,-0.238,0.195,-0.140,23.0,-0.238,0.195,-0.140,23.0,-0.043,S,#CD3C3C,11,1.0,0,0,0.253,0,0,0,0,1.0,17
0,2022,2022210,22,Alfa Romeo,3,BOT,Valtteri Bottas,77,#B12039,12.0,56,76.202,76.202,0,0,76.364,0.325,0.313,-0.426,0.100,3.0,0.313,-0.426,0.100,3.0,-0.113,S,#CD3C3C,12,1.0,0,0,0.253,0,0,0,0,0.0,17
0,2022,2022210,22,Alfa Romeo,3,BOT,Valtteri Bottas,77,#B12039,13.0,57,76.855,76.451,1,0,76.326,0.653,-0.254,-0.187,-0.347,3.0,0.150,-0.178,0.061,3.0,-0.441,S,#CD3C3C,13,1.0,0,1,0.253,0,0,0,0,0.0,16
0,2022,2022210,22,Alfa Romeo,3,BOT,Valtteri Bottas,77,#B12039,14.0,58,76.7,76.7,0,0,76.576,0.155,-0.02,0.070,0.015,23.0,-0.020,0.070,0.015,23.0,0.05,S,#CD3C3C,14,1.0,0,0,0.253,0,0,0,0,0.0,16
0,2022,2022210,22,Alfa Romeo,3,BOT,Valtteri Bottas,77,#B12039,15.0,59,76.746,76.746,0,0,76.723,0.046,-0.244,-0.645,-0.567,3.0,-0.244,0.021,-0.233,23.0,-0.889,S,#CD3C3C,15,1.0,0,0,0.253,0,0,0,0,0.0,16
0,2022,2022210,22,Alfa Romeo,3,BOT,Valtteri Bottas,77,#B12039,16.0,60,77.345,76.592,1,0,76.669,0.599,-0.774,0.525,-0.512,23.0,-0.020,-0.229,-0.135,3.0,-0.249,S,#CD3C3C,16,1.0,0,0,0.253,0,0,0,0,0.0,16
0,2022,2022210,22,Alfa Romeo,3,BOT,Valtteri Bottas,77,#B12039,17.0,61,76.437,76.437,0,0,76.514,0.908,0.152,-0.515,-0.105,3.0,0.152,-0.515,-0.105,3.0,-0.363,S,#CD3C3C,17,1.0,0,0,0.253,0,0,0,0,1.0,15
0,2022,2022210,22,Alfa Romeo,3,BOT,Valtteri Bottas,77,#B12039,18.0,62,76.356,76.356,0,0,76.396,0.081,0.15,0.016,0.158,23.0,0.150,0.016,0.158,23.0,0.166,S,#CD3C3C,18,1.0,0,0,0.253,0,0,0,0,0.0,15
0,2022,2022210,22,Alfa Romeo,3,BOT,Valtteri Bottas,77,#B12039,19.0,63,76.71,76.71,0,0,76.533,0.354,-0.159,0.156,-0.081,23.0,-0.159,0.156,-0.081,23.0,-0.003,S,#CD3C3C,19,1.0,0,0,0.253,0,0,0,0,0.0,15
0,2022,2022210,22,Alfa Romeo,3,BOT,Valtteri Bottas,77,#B12039,20.0,64,76.896,76.896,0,0,76.803,0.186,-0.216,-0.055,-0.243,3.0,-0.216,0.250,-0.091,23.0,-0.271,S,#CD3C3C,20,1.0,0,0,0.253,0,0,0,0,0.0,15
0,2022,2022210,22,Alfa Romeo,3,BOT,Valtteri Bottas,77,#B12039,21.0,65,76.703,76.703,0,0,76.8,0.193,-0.097,-0.035,-0.115,3.0,-0.097,-0.035,-0.115,3.0,-0.132,S,#CD3C3C,21,1.0,0,0,0.253,0,0,0,0,0.0,15
0,2022,2022210,22,Alfa Romeo,3,BOT,Valtteri Bottas,77,#B12039,22.0,66,77.14,76.692,1,0,76.698,0.437,-0.517,0.094,-0.470,23.0,-0.069,-0.098,-0.118,3.0,-0.423,S,#CD3C3C,22,1.0,0,0,0.253,0,0,0,0,0.0,15
0,2022,2022210,22,Alfa Romeo,3,BOT,Valtteri Bottas,77,#B12039,23.0,67,76.681,76.681,0,0,76.686,0.459,-0.085,-0.160,-0.165,3.0,-0.085,-0.160,-0.165,3.0,-0.245,S,#CD3C3C,23,1.0,0,0,0.253,0,0,0,0,0.0,15
0,2022,2022210,22,Alfa Romeo,3,BOT,Valtteri Bottas,77,#B12039,24.0,68,76.794,76.794,0,0,76.738,0.113,-0.019,-0.140,-0.089,3.0,-0.019,-0.140,-0.089,3.0,-0.159,S,#CD3C3C,24,1.0,0,0,0.253,0,0,0,0,0.0,15
0,2022,2022210,22,Alfa Romeo,23,ZHO,Guanyu Zhou,24,#B12039,1.0,45,-,-,0,1,-,-,-,-,-,-,-,-,-,-,,S,#CD3C3C,1,1.0,0,0,0.294,0,0,0,0,,19
0,2022,2022210,22,Alfa Romeo,23,ZHO,Guanyu Zhou,24,#B12039,2.0,46,-,-,0,1,-,-,-,-,-,-,-,-,-,-,,S,#CD3C3C,2,1.0,0,0,0.294,0,0,0,0,0.0,18
0,2022,2022210,22,Alfa Romeo,23,ZHO,Guanyu Zhou,24,#B12039,3.0,47,77.255,77.255,0,0,-,-,-1.182,0.029,-1.196,23.0,-1.182,0.029,-1.196,23.0,-1.211,S,#CD3C3C,3,1.0,0,0,0.294,0,0,0,0,0.0,18
0,2022,2022210,22,Alfa Romeo,23,ZHO,Guanyu Zhou,24,#B12039,4.0,48,76.259,76.259,0,0,76.757,0.996,-0.714,0.168,-0.798,23.0,-0.714,0.168,-0.798,23.0,-0.882,S,#CD3C3C,4,1.0,0,0,0.294,0,0,0,0,0.0,18
0,2022,2022210,22,Alfa Romeo,23,ZHO,Guanyu Zhou,24,#B12039,5.0,49,76.995,76.995,0,0,76.627,0.736,-1.374,-0.167,-1.291,3.0,-1.374,-0.167,-1.291,3.0,-1.207,S,#CD3C3C,5,1.0,0,0,0.294,0,0,0,0,0.0,18
0,2022,2022210,22,Alfa Romeo,23,ZHO,Guanyu Zhou,24,#B12039,6.0,50,78.204,76.38,1,0,76.688,1.209,-2.325,-0.204,-2.223,3.0,-0.501,0.725,-0.863,23.0,-2.121,S,#CD3C3C,6,1.0,0,0,0.294,0,0,0,0,0.0,18
0,2022,2022210,22,Alfa Romeo,23,ZHO,Guanyu Zhou,24,#B12039,7.0,51,75.765,75.765,0,0,76.072,2.439,0.278,1.618,-0.531,23.0,0.278,1.618,-0.531,23.0,-1.34,S,#CD3C3C,7,1.0,0,0,0.294,0,0,0,0,1.0,17
0,2022,2022210,22,Alfa Romeo,23,ZHO,Guanyu Zhou,24,#B12039,8.0,52,76.457,76.032,1,0,75.899,0.692,-0.368,-0.477,-0.130,3.0,0.056,-0.053,0.083,3.0,0.109,S,#CD3C3C,8,1.0,0,0,0.294,0,0,0,0,0.0,17
0,2022,2022210,22,Alfa Romeo,23,ZHO,Guanyu Zhou,24,#B12039,9.0,53,76.3,76.3,0,0,76.166,0.157,-0.103,-0.099,-0.053,3.0,-0.103,-0.099,-0.053,3.0,-0.004,S,#CD3C3C,9,1.0,0,0,0.294,0,0,0,0,1.0,16
0,2022,2022210,22,Alfa Romeo,23,ZHO,Guanyu Zhou,24,#B12039,10.0,54,76.071,76.071,0,0,76.185,0.229,0.136,0.098,0.087,23.0,0.136,0.098,0.087,23.0,0.038,S,#CD3C3C,10,1.0,0,0,0.294,0,0,0,0,0.0,16
0,2022,2022210,22,Alfa Romeo,23,ZHO,Guanyu Zhou,24,#B12039,11.0,55,76.332,76.332,0,0,76.202,0.261,-0.043,0.195,-0.140,23.0,-0.043,0.195,-0.140,23.0,-0.238,S,#CD3C3C,11,1.0,0,0,0.294,0,0,0,0,0.0,16
0,2022,2022210,22,Alfa Romeo,23,ZHO,Guanyu Zhou,24,#B12039,12.0,56,76.628,76.628,0,0,76.48,0.296,-0.113,-0.426,0.100,3.0,-0.113,-0.426,0.100,3.0,0.313,S,#CD3C3C,12,1.0,0,0,0.294,0,0,0,0,0.0,16
0,2022,2022210,22,Alfa Romeo,23,ZHO,Guanyu Zhou,24,#B12039,13.0,57,77.042,76.629,1,0,76.628,0.414,-0.441,-0.187,-0.347,3.0,-0.028,-0.178,0.061,3.0,-0.254,S,#CD3C3C,13,1.0,0,1,0.294,0,0,0,0,0.0,15
0,2022,2022210,22,Alfa Romeo,23,ZHO,Guanyu Zhou,24,#B12039,14.0,58,76.63,76.63,0,0,76.63,0.412,0.05,0.070,0.015,23.0,0.050,0.070,0.015,23.0,-0.02,S,#CD3C3C,14,1.0,0,0,0.294,0,0,0,0,0.0,15
0,2022,2022210,22,Alfa Romeo,23,ZHO,Guanyu Zhou,24,#B12039,15.0,59,77.391,76.725,1,0,76.678,0.761,-0.889,-0.645,-0.567,3.0,-0.223,0.021,-0.233,23.0,-0.244,S,#CD3C3C,15,1.0,0,0,0.294,0,0,0,0,0.0,15
0,2022,2022210,22,Alfa Romeo,23,ZHO,Guanyu Zhou,24,#B12039,16.0,60,76.82,76.82,0,0,76.772,0.571,-0.249,0.525,-0.512,23.0,-0.249,-0.229,-0.135,3.0,-0.774,S,#CD3C3C,16,1.0,0,0,0.294,0,0,0,0,1.0,14
0,2022,2022210,22,Alfa Romeo,23,ZHO,Guanyu Zhou,24,#B12039,17.0,61,76.952,76.952,0,0,76.886,0.132,-0.363,-0.515,-0.105,3.0,-0.363,-0.515,-0.105,3.0,0.152,S,#CD3C3C,17,1.0,0,0,0.294,0,0,0,0,0.0,14
0,2022,2022210,22,Alfa Romeo,23,ZHO,Guanyu Zhou,24,#B12039,18.0,62,76.34,76.34,0,0,76.646,0.612,0.166,0.016,0.158,23.0,0.166,0.016,0.158,23.0,0.15,S,#CD3C3C,18,1.0,0,0,0.294,0,0,0,0,0.0,14
0,2022,2022210,22,Alfa Romeo,23,ZHO,Guanyu Zhou,24,#B12039,19.0,63,76.554,76.554,0,0,76.447,0.214,-0.003,0.156,-0.081,23.0,-0.003,0.156,-0.081,23.0,-0.159,S,#CD3C3C,19,1.0,0,0,0.294,0,0,0,0,0.0,14
0,2022,2022210,22,Alfa Romeo,23,ZHO,Guanyu Zhou,24,#B12039,20.0,64,76.951,76.646,1,0,76.6,0.397,-0.271,-0.055,-0.243,3.0,0.034,0.250,-0.091,23.0,-0.216,S,#CD3C3C,20,1.0,0,0,0.294,0,0,0,0,0.0,14
0,2022,2022210,22,Alfa Romeo,23,ZHO,Guanyu Zhou,24,#B12039,21.0,65,76.738,76.738,0,0,76.692,0.213,-0.132,-0.035,-0.115,3.0,-0.132,-0.035,-0.115,3.0,-0.097,S,#CD3C3C,21,1.0,0,0,0.294,0,0,0,0,0.0,14
0,2022,2022210,22,Alfa Romeo,23,ZHO,Guanyu Zhou,24,#B12039,22.0,66,77.046,76.79,1,0,76.764,0.308,-0.423,0.094,-0.470,23.0,-0.167,-0.098,-0.118,3.0,-0.517,S,#CD3C3C,22,1.0,0,0,0.294,0,0,0,0,0.0,14
0,2022,2022210,22,Alfa Romeo,23,ZHO,Guanyu Zhou,24,#B12039,23.0,67,76.841,76.841,0,0,76.815,0.205,-0.245,-0.160,-0.165,3.0,-0.245,-0.160,-0.165,3.0,-0.085,S,#CD3C3C,23,1.0,0,0,0.294,0,0,0,0,0.0,14
0,2022,2022210,22,Alfa Romeo,23,ZHO,Guanyu Zhou,24,#B12039,24.0,68,76.934,76.934,0,0,76.887,0.093,-0.159,-0.140,-0.089,3.0,-0.159,-0.140,-0.089,3.0,-0.019,S,#CD3C3C,24,1.0,0,0,0.294,0,0,0,0,0.0,14
