SprintIndex,SeasonID,RaceID,EventIndex,Team,Number,Color,DriverID,FullName,Abbreviation,LapNumber,LapNumberFlow,PaceDiff,PaceDiffTeammatesDelta,PaceDiffTeammateBest,PaceDiffTeammatesMean,PaceDiffClear
0,2021,2021100,9,Alfa Romeo Racing,7,#900000,11,Kimi Räikkönen,RAI,1.0,1,-,nan,nan,-,-
0,2021,2021100,9,Alfa Romeo Racing,7,#900000,11,Kimi Räikkönen,RAI,2.0,2,-,nan,nan,-,-
0,2021,2021100,9,Alfa Romeo Racing,7,#900000,11,Kimi Räikkönen,RAI,3.0,3,-0.452,-0.599,11.000,-0.751,-0.452
0,2021,2021100,9,Alfa Romeo Racing,7,#900000,11,Kimi Räikkönen,RAI,4.0,4,-0.655,-0.417,11.000,-0.864,-0.655
0,2021,2021100,9,Alfa Romeo Racing,7,#900000,11,Kimi Räikkönen,RAI,5.0,5,-0.334,-0.553,11.000,-0.611,-0.334
0,2021,2021100,9,Alfa Romeo Racing,7,#900000,11,Kimi Räikkönen,RAI,6.0,6,-0.387,-0.166,11.000,-0.470,-0.387
0,2021,2021100,9,Alfa Romeo Racing,7,#900000,11,Kimi Räikkönen,RAI,7.0,7,-0.630,0.285,12.000,-0.487,-0.630
0,2021,2021100,9,Alfa Romeo Racing,7,#900000,11,Kimi Räikkönen,RAI,8.0,8,-0.544,-0.048,11.000,-0.568,-0.544
0,2021,2021100,9,Alfa Romeo Racing,7,#900000,11,Kimi Räikkönen,RAI,9.0,9,-1.884,0.786,12.000,-1.491,-0.628
0,2021,2021100,9,Alfa Romeo Racing,7,#900000,11,Kimi Räikkönen,RAI,10.0,10,-0.779,0.135,12.000,-0.712,-0.779
0,2021,2021100,9,Alfa Romeo Racing,7,#900000,11,Kimi Räikkönen,RAI,11.0,11,-0.377,-0.235,11.000,-0.494,-0.377
0,2021,2021100,9,Alfa Romeo Racing,7,#900000,11,Kimi Räikkönen,RAI,12.0,12,0.007,-0.370,11.000,-0.178,0.007
0,2021,2021100,9,Alfa Romeo Racing,7,#900000,11,Kimi Räikkönen,RAI,13.0,13,-0.245,-0.129,11.000,-0.309,-0.245
0,2021,2021100,9,Alfa Romeo Racing,7,#900000,11,Kimi Räikkönen,RAI,14.0,14,-0.651,0.227,12.000,-0.537,-0.651
0,2021,2021100,9,Alfa Romeo Racing,7,#900000,11,Kimi Räikkönen,RAI,15.0,15,-0.466,-0.185,11.000,-0.558,-0.466
0,2021,2021100,9,Alfa Romeo Racing,7,#900000,11,Kimi Räikkönen,RAI,16.0,16,-0.699,-0.031,11.000,-0.714,-0.699
0,2021,2021100,9,Alfa Romeo Racing,7,#900000,11,Kimi Räikkönen,RAI,17.0,17,-0.829,0.156,12.000,-0.751,-0.829
0,2021,2021100,9,Alfa Romeo Racing,99,#900000,12,Antonio Giovinazzi,GIO,1.0,1,-,nan,nan,-,-
0,2021,2021100,9,Alfa Romeo Racing,99,#900000,12,Antonio Giovinazzi,GIO,2.0,2,-,nan,nan,-,-
0,2021,2021100,9,Alfa Romeo Racing,99,#900000,12,Antonio Giovinazzi,GIO,3.0,3,-1.051,-0.599,11.000,-0.751,-1.051
0,2021,2021100,9,Alfa Romeo Racing,99,#900000,12,Antonio Giovinazzi,GIO,4.0,4,-1.072,-0.417,11.000,-0.864,-1.072
0,2021,2021100,9,Alfa Romeo Racing,99,#900000,12,Antonio Giovinazzi,GIO,5.0,5,-0.887,-0.553,11.000,-0.611,-0.887
0,2021,2021100,9,Alfa Romeo Racing,99,#900000,12,Antonio Giovinazzi,GIO,6.0,6,-0.553,-0.166,11.000,-0.470,-0.553
0,2021,2021100,9,Alfa Romeo Racing,99,#900000,12,Antonio Giovinazzi,GIO,7.0,7,-0.345,0.285,12.000,-0.487,-0.345
0,2021,2021100,9,Alfa Romeo Racing,99,#900000,12,Antonio Giovinazzi,GIO,8.0,8,-0.592,-0.048,11.000,-0.568,-0.592
0,2021,2021100,9,Alfa Romeo Racing,99,#900000,12,Antonio Giovinazzi,GIO,9.0,9,-1.098,0.786,12.000,-1.491,-0.585
0,2021,2021100,9,Alfa Romeo Racing,99,#900000,12,Antonio Giovinazzi,GIO,10.0,10,-0.644,0.135,12.000,-0.712,-0.644
0,2021,2021100,9,Alfa Romeo Racing,99,#900000,12,Antonio Giovinazzi,GIO,11.0,11,-0.612,-0.235,11.000,-0.494,-0.612
0,2021,2021100,9,Alfa Romeo Racing,99,#900000,12,Antonio Giovinazzi,GIO,12.0,12,-0.363,-0.370,11.000,-0.178,-0.363
0,2021,2021100,9,Alfa Romeo Racing,99,#900000,12,Antonio Giovinazzi,GIO,13.0,13,-0.374,-0.129,11.000,-0.309,-0.374
0,2021,2021100,9,Alfa Romeo Racing,99,#900000,12,Antonio Giovinazzi,GIO,14.0,14,-0.424,0.227,12.000,-0.537,-0.424
0,2021,2021100,9,Alfa Romeo Racing,99,#900000,12,Antonio Giovinazzi,GIO,15.0,15,-0.651,-0.185,11.000,-0.558,-0.651
0,2021,2021100,9,Alfa Romeo Racing,99,#900000,12,Antonio Giovinazzi,GIO,16.0,16,-0.730,-0.031,11.000,-0.714,-0.730
0,2021,2021100,9,Alfa Romeo Racing,99,#900000,12,Antonio Giovinazzi,GIO,17.0,17,-0.673,0.156,12.000,-0.751,-0.673
0,2021,2021140,14,Alfa Romeo Racing,99,#900000,12,Antonio Giovinazzi,GIO,1.0,18,-,nan,nan,-,-
0,2021,2021140,14,Alfa Romeo Racing,99,#900000,12,Antonio Giovinazzi,GIO,2.0,19,-,nan,nan,-,-
0,2021,2021140,14,Alfa Romeo Racing,99,#900000,12,Antonio Giovinazzi,GIO,3.0,20,-,nan,nan,-,-
0,2021,2021140,14,Alfa Romeo Racing,99,#900000,12,Antonio Giovinazzi,GIO,4.0,21,-,nan,nan,-,-
0,2021,2021140,14,Alfa Romeo Racing,99,#900000,12,Antonio Giovinazzi,GIO,5.0,22,0.255,-1.803,12.000,-0.647,0.255
0,2021,2021140,14,Alfa Romeo Racing,99,#900000,12,Antonio Giovinazzi,GIO,6.0,23,0.309,-1.895,12.000,-0.639,0.309
0,2021,2021140,14,Alfa Romeo Racing,99,#900000,12,Antonio Giovinazzi,GIO,7.0,24,0.127,-1.567,12.000,-0.656,0.127
0,2021,2021140,14,Alfa Romeo Racing,99,#900000,12,Antonio Giovinazzi,GIO,8.0,25,0.000,-1.786,12.000,-0.893,0.000
0,2021,2021140,14,Alfa Romeo Racing,99,#900000,12,Antonio Giovinazzi,GIO,9.0,26,-0.009,-1.610,12.000,-0.814,-0.009
0,2021,2021140,14,Alfa Romeo Racing,99,#900000,12,Antonio Giovinazzi,GIO,10.0,27,0.457,-1.832,12.000,-0.459,0.457
0,2021,2021140,14,Alfa Romeo Racing,99,#900000,12,Antonio Giovinazzi,GIO,11.0,28,0.363,-1.750,12.000,-0.512,0.363
0,2021,2021140,14,Alfa Romeo Racing,99,#900000,12,Antonio Giovinazzi,GIO,12.0,29,0.171,-1.418,12.000,-0.538,0.171
0,2021,2021140,14,Alfa Romeo Racing,99,#900000,12,Antonio Giovinazzi,GIO,13.0,30,0.175,-2.154,12.000,-0.902,0.175
0,2021,2021140,14,Alfa Romeo Racing,99,#900000,12,Antonio Giovinazzi,GIO,14.0,31,0.100,-2.140,12.000,-0.970,0.100
0,2021,2021140,14,Alfa Romeo Racing,99,#900000,12,Antonio Giovinazzi,GIO,15.0,32,0.408,-2.349,12.000,-0.767,0.408
0,2021,2021140,14,Alfa Romeo Racing,99,#900000,12,Antonio Giovinazzi,GIO,16.0,33,-0.078,-2.166,12.000,-1.161,0.248
0,2021,2021140,14,Alfa Romeo Racing,99,#900000,12,Antonio Giovinazzi,GIO,17.0,34,0.159,-2.260,12.000,-0.971,0.159
0,2021,2021140,14,Alfa Romeo Racing,99,#900000,12,Antonio Giovinazzi,GIO,18.0,35,0.023,-1.944,12.000,-0.949,0.023
0,2021,2021140,14,Alfa Romeo Racing,88,#900000,21,Robert Kubica,KUB,1.0,18,-,nan,nan,-,-
0,2021,2021140,14,Alfa Romeo Racing,88,#900000,21,Robert Kubica,KUB,2.0,19,-,nan,nan,-,-
0,2021,2021140,14,Alfa Romeo Racing,88,#900000,21,Robert Kubica,KUB,3.0,20,-,nan,nan,-,-
0,2021,2021140,14,Alfa Romeo Racing,88,#900000,21,Robert Kubica,KUB,4.0,21,-,nan,nan,-,-
0,2021,2021140,14,Alfa Romeo Racing,88,#900000,21,Robert Kubica,KUB,5.0,22,-1.548,-1.803,12.000,-0.647,-1.548
0,2021,2021140,14,Alfa Romeo Racing,88,#900000,21,Robert Kubica,KUB,6.0,23,-1.586,-1.895,12.000,-0.639,-1.586
0,2021,2021140,14,Alfa Romeo Racing,88,#900000,21,Robert Kubica,KUB,7.0,24,-1.440,-1.567,12.000,-0.656,-1.440
0,2021,2021140,14,Alfa Romeo Racing,88,#900000,21,Robert Kubica,KUB,8.0,25,-1.786,-1.786,12.000,-0.893,-1.605
0,2021,2021140,14,Alfa Romeo Racing,88,#900000,21,Robert Kubica,KUB,9.0,26,-1.619,-1.610,12.000,-0.814,-1.619
0,2021,2021140,14,Alfa Romeo Racing,88,#900000,21,Robert Kubica,KUB,10.0,27,-1.375,-1.832,12.000,-0.459,-1.375
0,2021,2021140,14,Alfa Romeo Racing,88,#900000,21,Robert Kubica,KUB,11.0,28,-1.387,-1.750,12.000,-0.512,-1.387
0,2021,2021140,14,Alfa Romeo Racing,88,#900000,21,Robert Kubica,KUB,12.0,29,-1.247,-1.418,12.000,-0.538,-1.247
0,2021,2021140,14,Alfa Romeo Racing,88,#900000,21,Robert Kubica,KUB,13.0,30,-1.979,-2.154,12.000,-0.902,-1.979
0,2021,2021140,14,Alfa Romeo Racing,88,#900000,21,Robert Kubica,KUB,14.0,31,-2.040,-2.140,12.000,-0.970,-2.040
0,2021,2021140,14,Alfa Romeo Racing,88,#900000,21,Robert Kubica,KUB,15.0,32,-1.941,-2.349,12.000,-0.767,-1.941
0,2021,2021140,14,Alfa Romeo Racing,88,#900000,21,Robert Kubica,KUB,16.0,33,-2.244,-2.166,12.000,-1.161,-2.057
0,2021,2021140,14,Alfa Romeo Racing,88,#900000,21,Robert Kubica,KUB,17.0,34,-2.101,-2.260,12.000,-0.971,-2.101
0,2021,2021140,14,Alfa Romeo Racing,88,#900000,21,Robert Kubica,KUB,18.0,35,-1.921,-1.944,12.000,-0.949,-1.921
0,2021,2021190,20,Alfa Romeo Racing,99,#900000,12,Antonio Giovinazzi,GIO,1.0,36,-,nan,nan,-,-
0,2021,2021190,20,Alfa Romeo Racing,99,#900000,12,Antonio Giovinazzi,GIO,2.0,37,-,nan,nan,-,-
0,2021,2021190,20,Alfa Romeo Racing,99,#900000,12,Antonio Giovinazzi,GIO,3.0,38,-0.410,0.395,11.000,-0.212,-0.410
0,2021,2021190,20,Alfa Romeo Racing,99,#900000,12,Antonio Giovinazzi,GIO,4.0,39,-1.274,0.255,11.000,-1.147,-0.731
0,2021,2021190,20,Alfa Romeo Racing,99,#900000,12,Antonio Giovinazzi,GIO,5.0,40,-0.839,0.602,11.000,-0.538,-0.839
0,2021,2021190,20,Alfa Romeo Racing,99,#900000,12,Antonio Giovinazzi,GIO,6.0,41,-0.272,-0.069,12.000,-0.306,-0.272
0,2021,2021190,20,Alfa Romeo Racing,99,#900000,12,Antonio Giovinazzi,GIO,7.0,42,-0.024,-0.212,12.000,-0.130,-0.024
0,2021,2021190,20,Alfa Romeo Racing,99,#900000,12,Antonio Giovinazzi,GIO,8.0,43,-0.362,0.043,11.000,-0.341,-0.362
0,2021,2021190,20,Alfa Romeo Racing,99,#900000,12,Antonio Giovinazzi,GIO,9.0,44,-0.318,0.071,11.000,-0.282,-0.318
0,2021,2021190,20,Alfa Romeo Racing,99,#900000,12,Antonio Giovinazzi,GIO,10.0,45,-0.123,-0.629,12.000,-0.438,-0.123
0,2021,2021190,20,Alfa Romeo Racing,99,#900000,12,Antonio Giovinazzi,GIO,11.0,46,0.014,-0.684,12.000,-0.328,0.014
0,2021,2021190,20,Alfa Romeo Racing,99,#900000,12,Antonio Giovinazzi,GIO,12.0,47,-0.265,-0.451,12.000,-0.490,-0.265
0,2021,2021190,20,Alfa Romeo Racing,99,#900000,12,Antonio Giovinazzi,GIO,13.0,48,-0.323,-0.009,12.000,-0.328,-0.323
0,2021,2021190,20,Alfa Romeo Racing,99,#900000,12,Antonio Giovinazzi,GIO,14.0,49,-0.256,-0.139,12.000,-0.326,-0.256
0,2021,2021190,20,Alfa Romeo Racing,99,#900000,12,Antonio Giovinazzi,GIO,15.0,50,-0.044,-0.560,12.000,-0.324,-0.044
0,2021,2021190,20,Alfa Romeo Racing,99,#900000,12,Antonio Giovinazzi,GIO,16.0,51,-0.205,-0.274,12.000,-0.342,-0.205
0,2021,2021190,20,Alfa Romeo Racing,99,#900000,12,Antonio Giovinazzi,GIO,17.0,52,-0.328,-0.163,12.000,-0.409,-0.328
0,2021,2021190,20,Alfa Romeo Racing,99,#900000,12,Antonio Giovinazzi,GIO,18.0,53,0.012,-0.165,12.000,-0.070,0.012
0,2021,2021190,20,Alfa Romeo Racing,99,#900000,12,Antonio Giovinazzi,GIO,19.0,54,-0.372,0.129,11.000,-0.307,-0.372
0,2021,2021190,20,Alfa Romeo Racing,99,#900000,12,Antonio Giovinazzi,GIO,20.0,55,-0.341,-0.101,12.000,-0.392,-0.341
0,2021,2021190,20,Alfa Romeo Racing,99,#900000,12,Antonio Giovinazzi,GIO,21.0,56,-0.497,0.096,11.000,-0.449,-0.497
0,2021,2021190,20,Alfa Romeo Racing,99,#900000,12,Antonio Giovinazzi,GIO,22.0,57,-0.435,-0.127,12.000,-0.498,-0.435
0,2021,2021190,20,Alfa Romeo Racing,99,#900000,12,Antonio Giovinazzi,GIO,23.0,58,-0.865,0.532,11.000,-0.599,-0.865
0,2021,2021190,20,Alfa Romeo Racing,99,#900000,12,Antonio Giovinazzi,GIO,24.0,59,-0.554,0.025,11.000,-0.542,-0.554
0,2021,2021190,20,Alfa Romeo Racing,7,#900000,11,Kimi Räikkönen,RAI,1.0,36,-,nan,nan,-,-
0,2021,2021190,20,Alfa Romeo Racing,7,#900000,11,Kimi Räikkönen,RAI,2.0,37,-,nan,nan,-,-
0,2021,2021190,20,Alfa Romeo Racing,7,#900000,11,Kimi Räikkönen,RAI,3.0,38,-0.015,0.395,11.000,-0.212,-0.015
0,2021,2021190,20,Alfa Romeo Racing,7,#900000,11,Kimi Räikkönen,RAI,4.0,39,-1.019,0.255,11.000,-1.147,-0.232
0,2021,2021190,20,Alfa Romeo Racing,7,#900000,11,Kimi Räikkönen,RAI,5.0,40,-0.237,0.602,11.000,-0.538,-0.237
0,2021,2021190,20,Alfa Romeo Racing,7,#900000,11,Kimi Räikkönen,RAI,6.0,41,-0.341,-0.069,12.000,-0.306,-0.341
0,2021,2021190,20,Alfa Romeo Racing,7,#900000,11,Kimi Räikkönen,RAI,7.0,42,-0.236,-0.212,12.000,-0.130,-0.236
0,2021,2021190,20,Alfa Romeo Racing,7,#900000,11,Kimi Räikkönen,RAI,8.0,43,-0.319,0.043,11.000,-0.341,-0.319
0,2021,2021190,20,Alfa Romeo Racing,7,#900000,11,Kimi Räikkönen,RAI,9.0,44,-0.247,0.071,11.000,-0.282,-0.247
0,2021,2021190,20,Alfa Romeo Racing,7,#900000,11,Kimi Räikkönen,RAI,10.0,45,-0.752,-0.629,12.000,-0.438,-0.408
0,2021,2021190,20,Alfa Romeo Racing,7,#900000,11,Kimi Räikkönen,RAI,11.0,46,-0.670,-0.684,12.000,-0.328,-0.670
0,2021,2021190,20,Alfa Romeo Racing,7,#900000,11,Kimi Räikkönen,RAI,12.0,47,-0.716,-0.451,12.000,-0.490,-0.716
0,2021,2021190,20,Alfa Romeo Racing,7,#900000,11,Kimi Räikkönen,RAI,13.0,48,-0.332,-0.009,12.000,-0.328,-0.332
0,2021,2021190,20,Alfa Romeo Racing,7,#900000,11,Kimi Räikkönen,RAI,14.0,49,-0.395,-0.139,12.000,-0.326,-0.395
0,2021,2021190,20,Alfa Romeo Racing,7,#900000,11,Kimi Räikkönen,RAI,15.0,50,-0.604,-0.560,12.000,-0.324,-0.469
0,2021,2021190,20,Alfa Romeo Racing,7,#900000,11,Kimi Räikkönen,RAI,16.0,51,-0.479,-0.274,12.000,-0.342,-0.479
0,2021,2021190,20,Alfa Romeo Racing,7,#900000,11,Kimi Räikkönen,RAI,17.0,52,-0.491,-0.163,12.000,-0.409,-0.491
0,2021,2021190,20,Alfa Romeo Racing,7,#900000,11,Kimi Räikkönen,RAI,18.0,53,-0.153,-0.165,12.000,-0.070,-0.153
0,2021,2021190,20,Alfa Romeo Racing,7,#900000,11,Kimi Räikkönen,RAI,19.0,54,-0.243,0.129,11.000,-0.307,-0.243
0,2021,2021190,20,Alfa Romeo Racing,7,#900000,11,Kimi Räikkönen,RAI,20.0,55,-0.442,-0.101,12.000,-0.392,-0.283
0,2021,2021190,20,Alfa Romeo Racing,7,#900000,11,Kimi Räikkönen,RAI,21.0,56,-0.401,0.096,11.000,-0.449,-0.401
0,2021,2021190,20,Alfa Romeo Racing,7,#900000,11,Kimi Räikkönen,RAI,22.0,57,-0.562,-0.127,12.000,-0.498,-0.562
0,2021,2021190,20,Alfa Romeo Racing,7,#900000,11,Kimi Räikkönen,RAI,23.0,58,-0.333,0.532,11.000,-0.599,-0.333
0,2021,2021190,20,Alfa Romeo Racing,7,#900000,11,Kimi Räikkönen,RAI,24.0,59,-0.529,0.025,11.000,-0.542,-0.529
