SprintIndex,SeasonID,RaceID,EventIndex,Team,DriverID,Abbreviation,FullName,Number,Color,LapNumber,LapNumberFlow,Laptime,LaptimeClear,PaceDiff,PaceDiffDelta,PaceDiffMean,PaceDiffBetterID,PaceDiffClear,PaceDiffClearDelta,PaceDiffClearMean,PaceDiffClearBetterID,PaceDiffTeammate,Compound,TyreLife
0,2025,2025020,1,Alpine,17,GAS,Pierre Gasly,10,#0093CC,1.0,1,-,-,-,-,-,-,-,-,-,-,,M,7
0,2025,2025020,1,Alpine,17,GAS,Pierre Gasly,10,#0093CC,2.0,2,-,-,-,-,-,-,-,-,-,-,,M,8
0,2025,2025020,1,Alpine,17,GAS,Pierre Gasly,10,#0093CC,3.0,3,97.481,97.481,-0.515,0.205,-0.617,-,-0.515,0.205,-0.617,-,-0.72,M,9
0,2025,2025020,1,Alpine,17,GAS,Pierre Gasly,10,#0093CC,4.0,4,97.697,97.697,-0.767,0.404,-0.969,-,-0.767,0.404,-0.969,-,-1.171,M,10
0,2025,2025020,1,Alpine,17,GAS,Pierre Gasly,10,#0093CC,5.0,5,97.838,97.838,-0.657,0.042,-0.678,-,-0.657,0.042,-0.678,-,-0.699,M,11
0,2025,2025020,1,Alpine,17,GAS,Pierre Gasly,10,#0093CC,6.0,6,97.905,97.905,-0.627,-0.102,-0.576,-,-0.627,-0.102,-0.576,-,-0.525,M,12
0,2025,2025020,1,Alpine,17,GAS,Pierre Gasly,10,#0093CC,7.0,7,97.897,97.897,-0.58,0.339,-0.750,-,-0.580,0.339,-0.750,-,-0.919,M,13
0,2025,2025020,1,Alpine,17,GAS,Pierre Gasly,10,#0093CC,8.0,8,98.669,98.669,-1.112,-0.250,-0.987,-,-1.112,-0.250,-0.987,-,-0.862,M,14
0,2025,2025020,1,Alpine,17,GAS,Pierre Gasly,10,#0093CC,9.0,9,99.469,98.442,-1.577,-1.020,-1.067,-,-0.551,0.006,-0.554,-,-0.557,M,15
0,2025,2025020,1,Alpine,17,GAS,Pierre Gasly,10,#0093CC,10.0,10,98.216,98.216,-0.02,1.125,-0.583,-,-0.020,1.125,-0.583,-,-1.145,M,16
0,2025,2025020,1,Alpine,17,GAS,Pierre Gasly,10,#0093CC,11.0,11,98.861,98.861,-0.443,1.243,-1.065,-,-0.443,0.599,-0.743,-,-1.686,M,17
0,2025,2025020,1,Alpine,17,GAS,Pierre Gasly,10,#0093CC,12.0,12,98.912,98.912,-0.512,0.667,-0.846,-,-0.512,0.667,-0.846,-,-1.179,M,18
0,2025,2025020,1,Alpine,17,GAS,Pierre Gasly,10,#0093CC,13.0,13,99.379,99.379,-1.018,0.136,-1.086,-,-1.018,0.136,-1.086,-,-1.154,M,19
0,2025,2025020,1,Alpine,17,GAS,Pierre Gasly,10,#0093CC,14.0,14,99.184,99.184,-0.505,0.768,-0.889,-,-0.505,0.768,-0.889,-,-1.273,M,20
0,2025,2025020,1,Alpine,17,GAS,Pierre Gasly,10,#0093CC,15.0,15,98.843,98.843,0.059,1.961,-0.921,-,0.059,0.438,-0.160,-,-1.902,M,21
0,2025,2025020,1,Alpine,17,GAS,Pierre Gasly,10,#0093CC,16.0,16,99.645,99.01,-0.73,-1.036,-0.212,-,-0.094,-0.400,0.106,-,0.306,M,22
0,2025,2025020,1,Alpine,17,GAS,Pierre Gasly,10,#0093CC,17.0,17,99.176,99.176,-0.144,-0.531,0.121,-,-0.144,-0.531,0.121,-,0.387,M,23
0,2025,2025020,1,Alpine,17,GAS,Pierre Gasly,10,#0093CC,18.0,18,98.356,98.356,0.863,1.302,0.212,-,0.863,1.302,0.212,-,-0.439,M,24
0,2025,2025020,1,Alpine,17,GAS,Pierre Gasly,10,#0093CC,19.0,19,99.025,99.025,1.667,13.211,-4.939,-,1.667,13.211,-4.939,-,-11.544,M,25
0,2025,2025020,1,Alpine,32,DOO,Jack Doohan,7,#0093CC,1.0,1,-,-,-,-,-,-,-,-,-,-,,M,7
0,2025,2025020,1,Alpine,32,DOO,Jack Doohan,7,#0093CC,2.0,2,-,-,-,-,-,-,-,-,-,-,,M,8
0,2025,2025020,1,Alpine,32,DOO,Jack Doohan,7,#0093CC,3.0,3,97.686,97.686,-0.72,0.205,-0.617,-,-0.720,0.205,-0.617,-,-0.515,M,9
0,2025,2025020,1,Alpine,32,DOO,Jack Doohan,7,#0093CC,4.0,4,98.101,98.101,-1.171,0.404,-0.969,-,-1.171,0.404,-0.969,-,-0.767,M,10
0,2025,2025020,1,Alpine,32,DOO,Jack Doohan,7,#0093CC,5.0,5,97.88,97.88,-0.699,0.042,-0.678,-,-0.699,0.042,-0.678,-,-0.657,M,11
0,2025,2025020,1,Alpine,32,DOO,Jack Doohan,7,#0093CC,6.0,6,97.803,97.803,-0.525,-0.102,-0.576,-,-0.525,-0.102,-0.576,-,-0.627,M,12
0,2025,2025020,1,Alpine,32,DOO,Jack Doohan,7,#0093CC,7.0,7,98.236,98.236,-0.919,0.339,-0.750,-,-0.919,0.339,-0.750,-,-0.58,M,13
0,2025,2025020,1,Alpine,32,DOO,Jack Doohan,7,#0093CC,8.0,8,98.419,98.419,-0.862,-0.250,-0.987,-,-0.862,-0.250,-0.987,-,-1.112,M,14
0,2025,2025020,1,Alpine,32,DOO,Jack Doohan,7,#0093CC,9.0,9,98.449,98.449,-0.557,-1.020,-1.067,-,-0.557,0.006,-0.554,-,-1.577,M,15
0,2025,2025020,1,Alpine,32,DOO,Jack Doohan,7,#0093CC,10.0,10,99.341,99.341,-1.145,1.125,-0.583,-,-1.145,1.125,-0.583,-,-0.02,M,16
0,2025,2025020,1,Alpine,32,DOO,Jack Doohan,7,#0093CC,11.0,11,100.104,99.46,-1.686,1.243,-1.065,-,-1.042,0.599,-0.743,-,-0.443,M,17
0,2025,2025020,1,Alpine,32,DOO,Jack Doohan,7,#0093CC,12.0,12,99.579,99.579,-1.179,0.667,-0.846,-,-1.179,0.667,-0.846,-,-0.512,M,18
0,2025,2025020,1,Alpine,32,DOO,Jack Doohan,7,#0093CC,13.0,13,99.515,99.515,-1.154,0.136,-1.086,-,-1.154,0.136,-1.086,-,-1.018,M,19
0,2025,2025020,1,Alpine,32,DOO,Jack Doohan,7,#0093CC,14.0,14,99.952,99.952,-1.273,0.768,-0.889,-,-1.273,0.768,-0.889,-,-0.505,M,20
0,2025,2025020,1,Alpine,32,DOO,Jack Doohan,7,#0093CC,15.0,15,100.804,99.28,-1.902,1.961,-0.921,-,-0.379,0.438,-0.160,-,0.059,M,21
0,2025,2025020,1,Alpine,32,DOO,Jack Doohan,7,#0093CC,16.0,16,98.609,98.609,0.306,-1.036,-0.212,-,0.306,-0.400,0.106,-,-0.73,M,22
0,2025,2025020,1,Alpine,32,DOO,Jack Doohan,7,#0093CC,17.0,17,98.645,98.645,0.387,-0.531,0.121,-,0.387,-0.531,0.121,-,-0.144,M,23
0,2025,2025020,1,Alpine,32,DOO,Jack Doohan,7,#0093CC,18.0,18,99.658,99.658,-0.439,1.302,0.212,-,-0.439,1.302,0.212,-,0.863,M,24
0,2025,2025020,1,Alpine,32,DOO,Jack Doohan,7,#0093CC,19.0,19,112.236,112.236,-11.544,13.211,-4.939,-,-11.544,13.211,-4.939,-,1.667,M,25
0,2025,2025060,6,Alpine,17,GAS,Pierre Gasly,10,#0093CC,1.0,20,-,-,-,-,-,-,-,-,-,-,,M,7
0,2025,2025060,6,Alpine,17,GAS,Pierre Gasly,10,#0093CC,2.0,21,-,-,-,-,-,-,-,-,-,-,,M,8
0,2025,2025060,6,Alpine,17,GAS,Pierre Gasly,10,#0093CC,3.0,22,-,-,-,-,-,-,-,-,-,-,,M,9
0,2025,2025060,6,Alpine,17,GAS,Pierre Gasly,10,#0093CC,4.0,23,-,-,-,-,-,-,-,-,-,-,,M,10
0,2025,2025060,6,Alpine,17,GAS,Pierre Gasly,10,#0093CC,5.0,24,102.712,102.712,-0.54,0.659,-0.870,-,-0.540,0.659,-0.870,-,-1.199,M,11
0,2025,2025060,6,Alpine,17,GAS,Pierre Gasly,10,#0093CC,6.0,25,103.385,102.703,-1.257,-0.288,-1.113,-,-0.575,0.394,-0.772,-,-0.969,M,12
0,2025,2025060,6,Alpine,17,GAS,Pierre Gasly,10,#0093CC,7.0,26,102.694,102.694,-0.47,0.382,-0.661,-,-0.470,0.382,-0.661,-,-0.852,M,13
0,2025,2025060,6,Alpine,17,GAS,Pierre Gasly,10,#0093CC,8.0,27,103.415,103.415,-0.804,0.158,-0.883,-,-0.804,0.158,-0.883,-,-0.962,M,14
0,2025,2025060,6,Alpine,17,GAS,Pierre Gasly,10,#0093CC,9.0,28,103.46,103.46,-0.707,-0.058,-0.678,-,-0.707,-0.058,-0.678,-,-0.649,M,15
0,2025,2025060,6,Alpine,17,GAS,Pierre Gasly,10,#0093CC,10.0,29,104.812,104.028,-1.412,-0.160,-1.332,-,-0.628,-0.546,-0.355,-,-1.252,M,16
0,2025,2025060,6,Alpine,17,GAS,Pierre Gasly,10,#0093CC,11.0,30,104.597,104.597,-1.13,-1.034,-0.613,-,-1.130,-1.034,-0.613,-,-0.096,M,17
0,2025,2025060,6,Alpine,17,GAS,Pierre Gasly,10,#0093CC,12.0,31,-,-,-,-,-,-,-,-,-,-,,M,18
0,2025,2025060,6,Alpine,17,GAS,Pierre Gasly,10,#0093CC,13.0,32,-,-,-,-,-,-,-,-,-,-,,M,19
0,2025,2025060,6,Alpine,17,GAS,Pierre Gasly,10,#0093CC,14.0,33,-,-,-,-,-,-,-,-,-,-,,M,20
0,2025,2025060,6,Alpine,17,GAS,Pierre Gasly,10,#0093CC,15.0,34,-,-,-,-,-,-,-,-,-,-,,M,21
0,2025,2025060,6,Alpine,17,GAS,Pierre Gasly,10,#0093CC,16.0,35,-,-,-,-,-,-,-,-,-,-,,M,22
0,2025,2025060,6,Alpine,17,GAS,Pierre Gasly,10,#0093CC,17.0,36,-,-,-,-,-,-,-,-,-,-,,M,23
0,2025,2025060,6,Alpine,17,GAS,Pierre Gasly,10,#0093CC,18.0,37,-,-,-,-,-,-,-,-,-,-,,M,24
0,2025,2025060,6,Alpine,32,DOO,Jack Doohan,7,#0093CC,1.0,20,-,-,-,-,-,-,-,-,-,-,,S,2
0,2025,2025060,6,Alpine,32,DOO,Jack Doohan,7,#0093CC,2.0,21,-,-,-,-,-,-,-,-,-,-,,S,3
0,2025,2025060,6,Alpine,32,DOO,Jack Doohan,7,#0093CC,3.0,22,-,-,-,-,-,-,-,-,-,-,,S,4
0,2025,2025060,6,Alpine,32,DOO,Jack Doohan,7,#0093CC,4.0,23,-,-,-,-,-,-,-,-,-,-,,S,5
0,2025,2025060,6,Alpine,32,DOO,Jack Doohan,7,#0093CC,5.0,24,103.371,103.371,-1.199,0.659,-0.870,-,-1.199,0.659,-0.870,-,-0.54,S,6
0,2025,2025060,6,Alpine,32,DOO,Jack Doohan,7,#0093CC,6.0,25,103.097,103.097,-0.969,-0.288,-1.113,-,-0.969,0.394,-0.772,-,-1.257,S,7
0,2025,2025060,6,Alpine,32,DOO,Jack Doohan,7,#0093CC,7.0,26,103.076,103.076,-0.852,0.382,-0.661,-,-0.852,0.382,-0.661,-,-0.47,S,8
0,2025,2025060,6,Alpine,32,DOO,Jack Doohan,7,#0093CC,8.0,27,103.573,103.573,-0.962,0.158,-0.883,-,-0.962,0.158,-0.883,-,-0.804,S,9
0,2025,2025060,6,Alpine,32,DOO,Jack Doohan,7,#0093CC,9.0,28,103.402,103.402,-0.649,-0.058,-0.678,-,-0.649,-0.058,-0.678,-,-0.707,S,10
0,2025,2025060,6,Alpine,32,DOO,Jack Doohan,7,#0093CC,10.0,29,104.652,103.482,-1.252,-0.160,-1.332,-,-0.082,-0.546,-0.355,-,-1.412,S,11
0,2025,2025060,6,Alpine,32,DOO,Jack Doohan,7,#0093CC,11.0,30,103.563,103.563,-0.096,-1.034,-0.613,-,-0.096,-1.034,-0.613,-,-1.13,S,12
0,2025,2025060,6,Alpine,32,DOO,Jack Doohan,7,#0093CC,12.0,31,-,-,-,-,-,-,-,-,-,-,,S,13
0,2025,2025060,6,Alpine,32,DOO,Jack Doohan,7,#0093CC,13.0,32,-,-,-,-,-,-,-,-,-,-,,S,14
0,2025,2025060,6,Alpine,32,DOO,Jack Doohan,7,#0093CC,14.0,33,-,-,-,-,-,-,-,-,-,-,,S,15
0,2025,2025060,6,Alpine,32,DOO,Jack Doohan,7,#0093CC,15.0,34,-,-,-,-,-,-,-,-,-,-,,S,16
0,2025,2025060,6,Alpine,32,DOO,Jack Doohan,7,#0093CC,16.0,35,-,-,-,-,-,-,-,-,-,-,,S,17
0,2025,2025060,6,Alpine,32,DOO,Jack Doohan,7,#0093CC,17.0,36,-,-,-,-,-,-,-,-,-,-,,S,18
0,2025,2025060,6,Alpine,32,DOO,Jack Doohan,7,#0093CC,18.0,37,-,-,-,-,-,-,-,-,-,-,,S,19
0,2025,2025130,14,Alpine,17,GAS,Pierre Gasly,10,#0093CC,1.0,38,-,-,-,-,-,-,-,-,-,-,,M,7
0,2025,2025130,14,Alpine,17,GAS,Pierre Gasly,10,#0093CC,2.0,39,-,-,-,-,-,-,-,-,-,-,,M,8
0,2025,2025130,14,Alpine,17,GAS,Pierre Gasly,10,#0093CC,3.0,40,107.944,107.944,-0.449,-0.466,-0.682,-,-0.449,-0.466,-0.682,-,-0.915,M,9
0,2025,2025130,14,Alpine,17,GAS,Pierre Gasly,10,#0093CC,4.0,41,107.653,107.653,-0.403,-0.493,-0.649,-,-0.403,-0.493,-0.649,-,-0.896,M,10
0,2025,2025130,14,Alpine,17,GAS,Pierre Gasly,10,#0093CC,5.0,42,107.692,107.692,-0.492,-0.460,-0.722,-,-0.492,-0.460,-0.722,-,-0.952,M,11
0,2025,2025130,14,Alpine,17,GAS,Pierre Gasly,10,#0093CC,6.0,43,107.651,107.651,-0.415,-0.592,-0.711,-,-0.415,-0.592,-0.711,-,-1.007,M,12
0,2025,2025130,14,Alpine,17,GAS,Pierre Gasly,10,#0093CC,7.0,44,107.803,107.803,-0.582,-0.222,-0.693,-,-0.582,-0.222,-0.693,-,-0.804,M,13
0,2025,2025130,14,Alpine,17,GAS,Pierre Gasly,10,#0093CC,8.0,45,107.889,107.889,-0.535,-0.354,-0.712,-,-0.535,-0.354,-0.712,-,-0.889,M,14
0,2025,2025130,14,Alpine,17,GAS,Pierre Gasly,10,#0093CC,9.0,46,107.744,107.744,-0.315,-0.943,-0.786,-,-0.315,-0.657,-0.643,-,-1.258,M,15
0,2025,2025130,14,Alpine,17,GAS,Pierre Gasly,10,#0093CC,10.0,47,108.138,107.879,-0.759,-0.422,-0.970,-,-0.500,-0.681,-0.841,-,-1.181,M,16
0,2025,2025130,14,Alpine,17,GAS,Pierre Gasly,10,#0093CC,11.0,48,108.014,108.014,-0.501,-0.672,-0.837,-,-0.501,-0.672,-0.837,-,-1.173,M,17
0,2025,2025130,14,Alpine,17,GAS,Pierre Gasly,10,#0093CC,12.0,49,-,-,-,-,-,-,-,-,-,-,-1.096,M,18
0,2025,2025130,14,Alpine,31,COL,Franco Colapinto,43,#0093CC,1.0,38,-,-,-,-,-,-,-,-,-,-,,S,1
0,2025,2025130,14,Alpine,31,COL,Franco Colapinto,43,#0093CC,2.0,39,-,-,-,-,-,-,-,-,-,-,,S,2
0,2025,2025130,14,Alpine,31,COL,Franco Colapinto,43,#0093CC,3.0,40,108.41,108.41,-0.915,-0.466,-0.682,-,-0.915,-0.466,-0.682,-,-0.449,S,3
0,2025,2025130,14,Alpine,31,COL,Franco Colapinto,43,#0093CC,4.0,41,108.146,108.146,-0.896,-0.493,-0.649,-,-0.896,-0.493,-0.649,-,-0.403,S,4
0,2025,2025130,14,Alpine,31,COL,Franco Colapinto,43,#0093CC,5.0,42,108.152,108.152,-0.952,-0.460,-0.722,-,-0.952,-0.460,-0.722,-,-0.492,S,5
0,2025,2025130,14,Alpine,31,COL,Franco Colapinto,43,#0093CC,6.0,43,108.243,108.243,-1.007,-0.592,-0.711,-,-1.007,-0.592,-0.711,-,-0.415,S,6
0,2025,2025130,14,Alpine,31,COL,Franco Colapinto,43,#0093CC,7.0,44,108.025,108.025,-0.804,-0.222,-0.693,-,-0.804,-0.222,-0.693,-,-0.582,S,7
0,2025,2025130,14,Alpine,31,COL,Franco Colapinto,43,#0093CC,8.0,45,108.243,108.243,-0.889,-0.354,-0.712,-,-0.889,-0.354,-0.712,-,-0.535,S,8
0,2025,2025130,14,Alpine,31,COL,Franco Colapinto,43,#0093CC,9.0,46,108.687,108.402,-1.258,-0.943,-0.786,-,-0.972,-0.657,-0.643,-,-0.315,S,9
0,2025,2025130,14,Alpine,31,COL,Franco Colapinto,43,#0093CC,10.0,47,108.56,108.56,-1.181,-0.422,-0.970,-,-1.181,-0.681,-0.841,-,-0.759,S,10
0,2025,2025130,14,Alpine,31,COL,Franco Colapinto,43,#0093CC,11.0,48,108.686,108.686,-1.173,-0.672,-0.837,-,-1.173,-0.672,-0.837,-,-0.501,S,11
0,2025,2025130,14,Alpine,31,COL,Franco Colapinto,43,#0093CC,12.0,49,108.649,108.649,-1.096,-,-,-,-1.096,-,-,-,,S,12
0,2025,2025130,14,Alpine,31,COL,Franco Colapinto,43,#0093CC,13.0,50,108.543,108.543,-0.877,-,-,-,-0.877,-,-,-,,S,13
0,2025,2025130,14,Alpine,31,COL,Franco Colapinto,43,#0093CC,14.0,51,108.511,108.511,-0.726,-,-,-,-0.726,-,-,-,,S,14
0,2025,2025130,14,Alpine,31,COL,Franco Colapinto,43,#0093CC,15.0,52,107.944,107.944,-0.022,-,-,-,-0.022,-,-,-,,S,15
0,2025,2025190,21,Alpine,17,GAS,Pierre Gasly,10,#0093CC,1.0,53,-,-,-,-,-,-,-,-,-,-,,M,1
0,2025,2025190,21,Alpine,17,GAS,Pierre Gasly,10,#0093CC,2.0,54,-,-,-,-,-,-,-,-,-,-,,M,2
0,2025,2025190,21,Alpine,17,GAS,Pierre Gasly,10,#0093CC,3.0,55,-,-,-,-,-,-,-,-,-,-,,M,3
0,2025,2025190,21,Alpine,17,GAS,Pierre Gasly,10,#0093CC,4.0,56,-,-,-,-,-,-,-,-,-,-,,M,4
0,2025,2025190,21,Alpine,17,GAS,Pierre Gasly,10,#0093CC,5.0,57,-,-,-,-,-,-,-,-,-,-,,M,5
0,2025,2025190,21,Alpine,17,GAS,Pierre Gasly,10,#0093CC,6.0,58,-,-,-,-,-,-,-,-,-,-,,M,6
0,2025,2025190,21,Alpine,17,GAS,Pierre Gasly,10,#0093CC,7.0,59,98.932,98.932,-0.532,0.894,-0.979,-,-0.532,0.894,-0.979,-,-1.426,M,7
0,2025,2025190,21,Alpine,17,GAS,Pierre Gasly,10,#0093CC,8.0,60,99.377,99.377,-0.965,-0.069,-0.930,-,-0.965,-0.069,-0.930,-,-0.896,M,8
0,2025,2025190,21,Alpine,17,GAS,Pierre Gasly,10,#0093CC,9.0,61,100.413,99.204,-1.855,-0.875,-1.417,-,-0.646,0.334,-0.813,-,-0.98,M,9
0,2025,2025190,21,Alpine,17,GAS,Pierre Gasly,10,#0093CC,10.0,62,99.031,99.031,-0.394,0.204,-0.496,-,-0.394,0.204,-0.496,-,-0.598,M,10
0,2025,2025190,21,Alpine,17,GAS,Pierre Gasly,10,#0093CC,11.0,63,99.737,99.737,-0.686,0.483,-0.927,-,-0.686,0.483,-0.927,-,-1.169,M,11
0,2025,2025190,21,Alpine,17,GAS,Pierre Gasly,10,#0093CC,12.0,64,100.0,100.0,-0.816,0.818,-1.225,-,-0.816,0.818,-1.225,-,-1.634,M,12
0,2025,2025190,21,Alpine,17,GAS,Pierre Gasly,10,#0093CC,13.0,65,99.409,99.409,-0.516,0.516,-0.774,-,-0.516,0.516,-0.774,-,-1.032,M,13
0,2025,2025190,21,Alpine,17,GAS,Pierre Gasly,10,#0093CC,14.0,66,99.498,99.498,-0.652,0.322,-0.813,-,-0.652,0.322,-0.813,-,-0.974,M,14
0,2025,2025190,21,Alpine,17,GAS,Pierre Gasly,10,#0093CC,15.0,67,99.292,99.292,-0.539,0.273,-0.675,-,-0.539,0.273,-0.675,-,-0.812,M,15
0,2025,2025190,21,Alpine,17,GAS,Pierre Gasly,10,#0093CC,16.0,68,-,-,-,-,-,-,-,-,-,-,,M,16
0,2025,2025190,21,Alpine,17,GAS,Pierre Gasly,10,#0093CC,17.0,69,-,-,-,-,-,-,-,-,-,-,,M,17
0,2025,2025190,21,Alpine,17,GAS,Pierre Gasly,10,#0093CC,18.0,70,-,-,-,-,-,-,-,-,-,-,,M,18
0,2025,2025190,21,Alpine,17,GAS,Pierre Gasly,10,#0093CC,19.0,71,-,-,-,-,-,-,-,-,-,-,,M,19
0,2025,2025190,21,Alpine,31,COL,Franco Colapinto,43,#0093CC,1.0,53,-,-,-,-,-,-,-,-,-,-,,M,1
0,2025,2025190,21,Alpine,31,COL,Franco Colapinto,43,#0093CC,2.0,54,-,-,-,-,-,-,-,-,-,-,,M,1
0,2025,2025190,21,Alpine,31,COL,Franco Colapinto,43,#0093CC,3.0,55,-,-,-,-,-,-,-,-,-,-,,M,2
0,2025,2025190,21,Alpine,31,COL,Franco Colapinto,43,#0093CC,4.0,56,-,-,-,-,-,-,-,-,-,-,,M,3
0,2025,2025190,21,Alpine,31,COL,Franco Colapinto,43,#0093CC,5.0,57,-,-,-,-,-,-,-,-,-,-,,M,4
0,2025,2025190,21,Alpine,31,COL,Franco Colapinto,43,#0093CC,6.0,58,-,-,-,-,-,-,-,-,-,-,,M,5
0,2025,2025190,21,Alpine,31,COL,Franco Colapinto,43,#0093CC,7.0,59,99.826,99.826,-1.426,0.894,-0.979,-,-1.426,0.894,-0.979,-,-0.532,M,6
0,2025,2025190,21,Alpine,31,COL,Franco Colapinto,43,#0093CC,8.0,60,99.308,99.308,-0.896,-0.069,-0.930,-,-0.896,-0.069,-0.930,-,-0.965,M,7
0,2025,2025190,21,Alpine,31,COL,Franco Colapinto,43,#0093CC,9.0,61,99.538,99.538,-0.98,-0.875,-1.417,-,-0.980,0.334,-0.813,-,-1.855,M,8
0,2025,2025190,21,Alpine,31,COL,Franco Colapinto,43,#0093CC,10.0,62,99.235,99.235,-0.598,0.204,-0.496,-,-0.598,0.204,-0.496,-,-0.394,M,9
0,2025,2025190,21,Alpine,31,COL,Franco Colapinto,43,#0093CC,11.0,63,100.22,100.22,-1.169,0.483,-0.927,-,-1.169,0.483,-0.927,-,-0.686,M,10
0,2025,2025190,21,Alpine,31,COL,Franco Colapinto,43,#0093CC,12.0,64,100.818,100.818,-1.634,0.818,-1.225,-,-1.634,0.818,-1.225,-,-0.816,M,11
0,2025,2025190,21,Alpine,31,COL,Franco Colapinto,43,#0093CC,13.0,65,99.925,99.925,-1.032,0.516,-0.774,-,-1.032,0.516,-0.774,-,-0.516,M,12
0,2025,2025190,21,Alpine,31,COL,Franco Colapinto,43,#0093CC,14.0,66,99.82,99.82,-0.974,0.322,-0.813,-,-0.974,0.322,-0.813,-,-0.652,M,13
0,2025,2025190,21,Alpine,31,COL,Franco Colapinto,43,#0093CC,15.0,67,99.565,99.565,-0.812,0.273,-0.675,-,-0.812,0.273,-0.675,-,-0.539,M,14
0,2025,2025190,21,Alpine,31,COL,Franco Colapinto,43,#0093CC,16.0,68,-,-,-,-,-,-,-,-,-,-,,M,15
0,2025,2025190,21,Alpine,31,COL,Franco Colapinto,43,#0093CC,17.0,69,-,-,-,-,-,-,-,-,-,-,,M,16
0,2025,2025190,21,Alpine,31,COL,Franco Colapinto,43,#0093CC,18.0,70,-,-,-,-,-,-,-,-,-,-,,M,17
0,2025,2025190,21,Alpine,31,COL,Franco Colapinto,43,#0093CC,19.0,71,-,-,-,-,-,-,-,-,-,-,,M,18
0,2025,2025210,24,Alpine,17,GAS,Pierre Gasly,10,#0093CC,1.0,72,-,-,-,-,-,-,-,-,-,-,,M,7
0,2025,2025210,24,Alpine,17,GAS,Pierre Gasly,10,#0093CC,2.0,73,-,-,-,-,-,-,-,-,-,-,,M,8
0,2025,2025210,24,Alpine,17,GAS,Pierre Gasly,10,#0093CC,3.0,74,75.119,75.119,-0.599,0.062,-0.630,-,-0.599,0.062,-0.630,-,-0.661,M,9
0,2025,2025210,24,Alpine,17,GAS,Pierre Gasly,10,#0093CC,4.0,75,73.411,73.411,0.537,0.645,0.214,-,0.537,0.645,0.214,-,-0.108,M,10
0,2025,2025210,24,Alpine,17,GAS,Pierre Gasly,10,#0093CC,5.0,76,73.216,73.216,0.54,0.931,0.074,-,0.540,0.931,0.074,-,-0.391,M,11
0,2025,2025210,24,Alpine,17,GAS,Pierre Gasly,10,#0093CC,6.0,77,-,-,-,-,-,-,-,-,-,-,,M,12
0,2025,2025210,24,Alpine,17,GAS,Pierre Gasly,10,#0093CC,7.0,78,-,-,-,-,-,-,-,-,-,-,,M,13
0,2025,2025210,24,Alpine,17,GAS,Pierre Gasly,10,#0093CC,8.0,79,-,-,-,-,-,-,-,-,-,-,,S,1
0,2025,2025210,24,Alpine,17,GAS,Pierre Gasly,10,#0093CC,9.0,80,76.902,76.902,-0.924,-,-,-,-0.924,-,-,-,,S,2
0,2025,2025210,24,Alpine,17,GAS,Pierre Gasly,10,#0093CC,10.0,81,73.816,73.816,-0.185,-,-,-,-0.185,-,-,-,,S,3
0,2025,2025210,24,Alpine,17,GAS,Pierre Gasly,10,#0093CC,11.0,82,73.222,73.222,0.238,-,-,-,0.238,-,-,-,,S,4
0,2025,2025210,24,Alpine,17,GAS,Pierre Gasly,10,#0093CC,12.0,83,73.602,73.188,-0.201,-,-,-,0.212,-,-,-,,S,5
0,2025,2025210,24,Alpine,17,GAS,Pierre Gasly,10,#0093CC,13.0,84,73.155,73.155,0.206,-,-,-,0.206,-,-,-,,S,6
0,2025,2025210,24,Alpine,17,GAS,Pierre Gasly,10,#0093CC,14.0,85,73.535,73.535,0.025,-,-,-,0.025,-,-,-,,S,7
0,2025,2025210,24,Alpine,17,GAS,Pierre Gasly,10,#0093CC,15.0,86,73.701,73.701,-0.006,-,-,-,-0.006,-,-,-,,S,8
0,2025,2025210,24,Alpine,17,GAS,Pierre Gasly,10,#0093CC,16.0,87,73.781,73.781,0.144,-,-,-,0.144,-,-,-,,S,9
0,2025,2025210,24,Alpine,17,GAS,Pierre Gasly,10,#0093CC,17.0,88,73.938,73.938,0.101,-,-,-,0.101,-,-,-,,S,10
0,2025,2025210,24,Alpine,17,GAS,Pierre Gasly,10,#0093CC,18.0,89,73.857,73.857,0.151,-,-,-,0.151,-,-,-,,S,11
0,2025,2025210,24,Alpine,17,GAS,Pierre Gasly,10,#0093CC,19.0,90,74.013,74.013,0.022,-,-,-,0.022,-,-,-,,S,12
0,2025,2025210,24,Alpine,17,GAS,Pierre Gasly,10,#0093CC,20.0,91,73.673,73.673,0.152,-,-,-,0.152,-,-,-,,S,13
0,2025,2025210,24,Alpine,17,GAS,Pierre Gasly,10,#0093CC,21.0,92,74.381,73.544,-0.606,-,-,-,0.230,-,-,-,,S,14
0,2025,2025210,24,Alpine,17,GAS,Pierre Gasly,10,#0093CC,22.0,93,73.416,73.416,0.328,-,-,-,0.328,-,-,-,,S,15
0,2025,2025210,24,Alpine,17,GAS,Pierre Gasly,10,#0093CC,23.0,94,73.314,73.314,0.854,-,-,-,0.854,-,-,-,,S,16
0,2025,2025210,24,Alpine,17,GAS,Pierre Gasly,10,#0093CC,24.0,95,76.409,76.409,1.272,-,-,-,1.272,-,-,-,,S,17
0,2025,2025210,24,Alpine,31,COL,Franco Colapinto,43,#0093CC,1.0,72,-,-,-,-,-,-,-,-,-,-,,M,7
0,2025,2025210,24,Alpine,31,COL,Franco Colapinto,43,#0093CC,2.0,73,-,-,-,-,-,-,-,-,-,-,,M,8
0,2025,2025210,24,Alpine,31,COL,Franco Colapinto,43,#0093CC,3.0,74,75.181,75.181,-0.661,0.062,-0.630,-,-0.661,0.062,-0.630,-,-0.599,M,9
0,2025,2025210,24,Alpine,31,COL,Franco Colapinto,43,#0093CC,4.0,75,74.056,74.056,-0.108,0.645,0.214,-,-0.108,0.645,0.214,-,0.537,M,10
0,2025,2025210,24,Alpine,31,COL,Franco Colapinto,43,#0093CC,5.0,76,74.147,74.147,-0.391,0.931,0.074,-,-0.391,0.931,0.074,-,0.54,M,11
0,2025,2025210,24,Alpine,31,COL,Franco Colapinto,43,#0093CC,6.0,77,-,-,-,-,-,-,-,-,-,-,,M,12
0,2025,2025230,27,Alpine,17,GAS,Pierre Gasly,10,#0093CC,1.0,96,-,-,-,-,-,-,-,-,-,-,,H,1
0,2025,2025230,27,Alpine,17,GAS,Pierre Gasly,10,#0093CC,2.0,97,-,-,-,-,-,-,-,-,-,-,,H,2
0,2025,2025230,27,Alpine,17,GAS,Pierre Gasly,10,#0093CC,3.0,98,86.74,86.74,-0.819,0.089,-0.863,-,-0.819,0.089,-0.863,-,-0.908,H,3
0,2025,2025230,27,Alpine,17,GAS,Pierre Gasly,10,#0093CC,4.0,99,86.469,86.469,-0.779,0.029,-0.794,-,-0.779,0.029,-0.794,-,-0.808,H,4
0,2025,2025230,27,Alpine,17,GAS,Pierre Gasly,10,#0093CC,5.0,100,86.42,86.42,-0.831,0.349,-1.006,-,-0.831,0.349,-1.006,-,-1.18,H,5
0,2025,2025230,27,Alpine,17,GAS,Pierre Gasly,10,#0093CC,6.0,101,86.003,86.003,-0.35,0.593,-0.646,-,-0.350,0.593,-0.646,-,-0.943,H,6
0,2025,2025230,27,Alpine,17,GAS,Pierre Gasly,10,#0093CC,7.0,102,86.39,86.045,-0.638,0.007,-0.641,-,-0.293,0.352,-0.469,-,-0.645,H,7
0,2025,2025230,27,Alpine,17,GAS,Pierre Gasly,10,#0093CC,8.0,103,86.087,86.087,-0.267,0.155,-0.344,-,-0.267,0.155,-0.344,-,-0.422,H,8
0,2025,2025230,27,Alpine,17,GAS,Pierre Gasly,10,#0093CC,9.0,104,86.048,86.048,-0.188,-0.170,-0.103,-,-0.188,-0.170,-0.103,-,-0.018,H,9
0,2025,2025230,27,Alpine,17,GAS,Pierre Gasly,10,#0093CC,10.0,105,86.598,86.598,-0.603,-0.180,-0.513,-,-0.603,-0.180,-0.513,-,-0.423,H,10
0,2025,2025230,27,Alpine,17,GAS,Pierre Gasly,10,#0093CC,11.0,106,86.599,86.599,-0.482,-0.052,-0.456,-,-0.482,-0.052,-0.456,-,-0.43,H,11
0,2025,2025230,27,Alpine,17,GAS,Pierre Gasly,10,#0093CC,12.0,107,87.425,86.876,-1.208,-0.677,-0.869,-,-0.659,-0.128,-0.595,-,-0.531,H,12
0,2025,2025230,27,Alpine,17,GAS,Pierre Gasly,10,#0093CC,13.0,108,87.152,87.152,-1.163,0.177,-1.252,-,-1.163,-0.440,-0.943,-,-1.34,H,13
0,2025,2025230,27,Alpine,17,GAS,Pierre Gasly,10,#0093CC,14.0,109,86.243,86.243,-0.442,0.432,-0.658,-,-0.442,0.432,-0.658,-,-0.874,H,14
0,2025,2025230,27,Alpine,17,GAS,Pierre Gasly,10,#0093CC,15.0,110,86.672,86.379,-1.031,-0.067,-0.998,-,-0.738,0.226,-0.851,-,-0.964,H,15
0,2025,2025230,27,Alpine,17,GAS,Pierre Gasly,10,#0093CC,16.0,111,86.515,86.515,-0.952,0.967,-1.435,-,-0.952,0.967,-1.435,-,-1.919,H,16
0,2025,2025230,27,Alpine,17,GAS,Pierre Gasly,10,#0093CC,17.0,112,-,-,-,-,-,-,-,-,-,-,,H,17
0,2025,2025230,27,Alpine,17,GAS,Pierre Gasly,10,#0093CC,18.0,113,-,-,-,-,-,-,-,-,-,-,,S,6
0,2025,2025230,27,Alpine,17,GAS,Pierre Gasly,10,#0093CC,19.0,114,83.188,83.188,-,-,-,-,-,-,-,-,,S,7
0,2025,2025230,27,Alpine,31,COL,Franco Colapinto,43,#0093CC,1.0,96,-,-,-,-,-,-,-,-,-,-,,M,1
0,2025,2025230,27,Alpine,31,COL,Franco Colapinto,43,#0093CC,2.0,97,-,-,-,-,-,-,-,-,-,-,,M,2
0,2025,2025230,27,Alpine,31,COL,Franco Colapinto,43,#0093CC,3.0,98,86.829,86.829,-0.908,0.089,-0.863,-,-0.908,0.089,-0.863,-,-0.819,M,3
0,2025,2025230,27,Alpine,31,COL,Franco Colapinto,43,#0093CC,4.0,99,86.498,86.498,-0.808,0.029,-0.794,-,-0.808,0.029,-0.794,-,-0.779,M,4
0,2025,2025230,27,Alpine,31,COL,Franco Colapinto,43,#0093CC,5.0,100,86.769,86.769,-1.18,0.349,-1.006,-,-1.180,0.349,-1.006,-,-0.831,M,5
0,2025,2025230,27,Alpine,31,COL,Franco Colapinto,43,#0093CC,6.0,101,86.596,86.596,-0.943,0.593,-0.646,-,-0.943,0.593,-0.646,-,-0.35,M,6
0,2025,2025230,27,Alpine,31,COL,Franco Colapinto,43,#0093CC,7.0,102,86.397,86.397,-0.645,0.007,-0.641,-,-0.645,0.352,-0.469,-,-0.638,M,7
0,2025,2025230,27,Alpine,31,COL,Franco Colapinto,43,#0093CC,8.0,103,86.242,86.242,-0.422,0.155,-0.344,-,-0.422,0.155,-0.344,-,-0.267,M,8
0,2025,2025230,27,Alpine,31,COL,Franco Colapinto,43,#0093CC,9.0,104,85.878,85.878,-0.018,-0.170,-0.103,-,-0.018,-0.170,-0.103,-,-0.188,M,9
0,2025,2025230,27,Alpine,31,COL,Franco Colapinto,43,#0093CC,10.0,105,86.418,86.418,-0.423,-0.180,-0.513,-,-0.423,-0.180,-0.513,-,-0.603,M,10
0,2025,2025230,27,Alpine,31,COL,Franco Colapinto,43,#0093CC,11.0,106,86.547,86.547,-0.43,-0.052,-0.456,-,-0.430,-0.052,-0.456,-,-0.482,M,11
0,2025,2025230,27,Alpine,31,COL,Franco Colapinto,43,#0093CC,12.0,107,86.748,86.748,-0.531,-0.677,-0.869,-,-0.531,-0.128,-0.595,-,-1.208,M,12
0,2025,2025230,27,Alpine,31,COL,Franco Colapinto,43,#0093CC,13.0,108,87.329,86.712,-1.34,0.177,-1.252,-,-0.723,-0.440,-0.943,-,-1.163,M,13
0,2025,2025230,27,Alpine,31,COL,Franco Colapinto,43,#0093CC,14.0,109,86.675,86.675,-0.874,0.432,-0.658,-,-0.874,0.432,-0.658,-,-0.442,M,14
0,2025,2025230,27,Alpine,31,COL,Franco Colapinto,43,#0093CC,15.0,110,86.605,86.605,-0.964,-0.067,-0.998,-,-0.964,0.226,-0.851,-,-1.031,M,15
0,2025,2025230,27,Alpine,31,COL,Franco Colapinto,43,#0093CC,16.0,111,87.482,87.482,-1.919,0.967,-1.435,-,-1.919,0.967,-1.435,-,-0.952,M,16
0,2025,2025230,27,Alpine,31,COL,Franco Colapinto,43,#0093CC,17.0,112,-,-,-,-,-,-,-,-,-,-,,M,17
0,2025,2025230,27,Alpine,31,COL,Franco Colapinto,43,#0093CC,18.0,113,-,-,-,-,-,-,-,-,-,-,,S,7
0,2025,2025230,27,Alpine,31,COL,Franco Colapinto,43,#0093CC,19.0,114,83.765,83.765,-,-,-,-,-,-,-,-,,S,8
