SeasonID,RaceID,SprintIndex,DriverID,Team,Number,Color,FullName,Abbreviation,Laptime,LaptimeClear,PaceDiff,PaceDiffClear,PaceMarker,ClassifiedPositionLabel,PaceAvg,PaceClearAvg,PaceAvgLabel,PaceClearAvgLabel,PacePelotoneAvg,PaceClearPelotoneAvg,PacePelotoneAvgLabel,PaceClearPelotoneAvgLabel,PaceDiffRankOrder,PaceDiffClearRankOrder,PaceDiffByWorst,PaceDiffClearByWorst,PaceDiffByBest,PaceDiffClearByBest,PaceDiffBetterLapsCount,PaceDiffBetterLapsCountSum,PaceDiffBetterLapsCountPerc
2022,2022011,2,17,Alpha Tauri,10,#4E7C9B,Pierre Gasly,GAS,99.51081578947368,99.45834210526316,0.0536315789473684,0.106,99.62179069767444,DNF,99.51081578947368,99.45834210526316,01:39.510,01:39.458,99.3784489795918,99.30395918367348,01:39.378,01:39.303,8,8,1.6464455324357403,1.5730587515299876,1.5485684210526316,1.5114280701754386,27.0,34.0,79.4
2022,2022011,2,9,Alpha Tauri,22,#4E7C9B,Yuki Tsunoda,TSU,99.41034883720933,99.34067441860466,-0.0950232558139534,-0.025,99.37844897959184,8,99.41034883720933,99.34067441860466,01:39.410,01:39.340,99.3784489795918,99.30395918367348,01:39.378,01:39.303,11,11,1.4977906976744186,1.441604651162791,1.6972232558139535,1.6428821705426355,7.0,34.0,20.6
2022,2022021,2,17,Alpha Tauri,10,#4E7C9B,Pierre Gasly,GAS,95.56842105263158,95.4693947368421,-0.5871315789473684,-0.488,95.1315641025641,8,95.56842105263158,95.4693947368421,01:35.568,01:35.469,95.13156410256413,95.01720512820516,01:35.131,01:35.017,13,13,1.5884112781954889,1.0399517543859649,2.084710526315789,2.0861315789473687,-,-,-
2022,2022031,2,17,Alpha Tauri,10,#4E7C9B,Pierre Gasly,GAS,84.63314285714286,84.52592857142857,-0.5297380952380952,-0.423,84.24586363636364,9,84.63314285714286,84.52592857142857,01:24.633,01:24.525,84.24586363636364,84.14968181818182,01:24.245,01:24.149,12,12,0.5728619047619046,0.4466962833914054,2.2014125138427465,2.151361572535991,28.0,39.0,71.8
2022,2022031,2,9,Alpha Tauri,22,#4E7C9B,Yuki Tsunoda,TSU,84.95856097560976,84.81080487804878,-0.8312195121951219,-0.684,84.27441860465116,15,84.95856097560976,84.81080487804878,01:24.958,01:24.810,84.24586363636364,84.14968181818182,01:24.245,01:24.149,16,17,0.2713804878048779,0.1857317073170732,2.502893930799773,2.412326148610324,11.0,39.0,28.2
2022,2022040,2,9,Alpha Tauri,22,#4E7C9B,Yuki Tsunoda,TSU,81.3525625,81.30256250000001,-0.40125,-0.351,81.03325,12,81.3525625,81.30256250000001,01:21.352,01:21.302,81.03325,80.951375,01:21.033,01:20.951,12,12,0.6848124999999999,0.6583749999999999,1.84875,1.8584375,9.0,16.0,56.2
2022,2022040,2,17,Alpha Tauri,10,#4E7C9B,Pierre Gasly,GAS,81.4903125,81.4903125,-0.539,-0.539,81.03325,17,81.4903125,81.4903125,01:21.490,01:21.490,81.03325,80.951375,01:21.033,01:20.951,14,15,0.5470624999999999,0.4706249999999999,1.9865,2.0461875000000003,7.0,16.0,43.8
2022,2022041,2,9,Alpha Tauri,22,#4E7C9B,Yuki Tsunoda,TSU,84.45360714285714,84.3935357142857,-0.0121964285714285,0.048,84.73905172413792,7,84.45360714285714,84.3935357142857,01:24.453,01:24.393,84.73905172413794,84.64400000000002,01:24.739,01:24.644,7,7,0.9133884770889488,0.8415542452830188,1.3785482804232805,1.3971805555555554,50.0,54.0,92.6
2022,2022041,2,17,Alpha Tauri,10,#4E7C9B,Pierre Gasly,GAS,85.11738181818183,85.05641818181819,-0.6887272727272727,-0.628,84.80391228070177,12,85.11738181818183,85.05641818181819,01:25.117,01:25.056,84.73905172413794,84.64400000000002,01:24.739,01:24.644,16,17,0.2368576329331045,0.1658974271012007,2.0550791245791244,2.0728373737373738,4.0,54.0,7.4
2022,2022051,2,17,Alpha Tauri,10,#4E7C9B,Pierre Gasly,GAS,95.40322857142856,95.3228,-0.4427428571428571,-0.362,95.01268421052632,DNF,95.40322857142856,95.3228,01:35.403,01:35.322,94.7208125,94.61697916666668,01:34.720,01:34.616,12,13,1.1295298701298704,1.0444642857142856,1.91048198757764,1.9008509316770188,27.0,33.0,81.8
2022,2022051,2,9,Alpha Tauri,22,#4E7C9B,Yuki Tsunoda,TSU,95.3724,95.17186666666667,-0.7550444444444444,-0.554,94.7208125,12,95.3724,95.17186666666667,01:35.372,01:35.171,94.7208125,94.61697916666668,01:34.720,01:34.616,19,19,0.8172282828282831,0.8522611111111111,2.222783574879227,2.093054106280193,6.0,33.0,18.2
2022,2022061,2,9,Alpha Tauri,22,#4E7C9B,Yuki Tsunoda,TSU,88.80754385964912,88.78263157894736,-0.0857543859649122,-0.061,88.84036507936509,10,88.80754385964912,88.78263157894736,01:28.807,01:28.782,88.8475625,88.70946875,01:28.847,01:28.709,11,11,1.6577826510721243,1.5074532163742689,1.5247998405103669,1.513188197767145,42.0,52.0,80.8
2022,2022061,2,17,Alpha Tauri,10,#4E7C9B,Pierre Gasly,GAS,89.20136842105263,89.05714035087719,-0.5415964912280702,-0.397,88.84036507936509,13,89.20136842105263,89.05714035087719,01:29.201,01:29.057,88.8475625,88.70946875,01:28.847,01:28.709,12,12,1.2019405458089667,1.1708742690058478,1.9806419457735247,1.8497671451355664,10.0,52.0,19.2
2022,2022071,2,17,Alpha Tauri,10,#4E7C9B,Pierre Gasly,GAS,85.91369811320756,85.90192452830188,-0.3486274509803921,-0.336,86.20941379310344,11,85.91369811320756,85.90192452830188,01:25.913,01:25.901,86.20941379310347,86.08505172413793,01:26.209,01:26.085,10,13,1.1189019607843138,1.131137254901961,1.4507107843137257,1.5526629901960785,27.0,45.0,60.0
2022,2022071,2,9,Alpha Tauri,22,#4E7C9B,Yuki Tsunoda,TSU,86.66424489795918,86.07948979591838,-0.8300212765957448,-0.220,86.34649122807018,17,86.66424489795918,86.07948979591838,01:26.664,01:26.079,86.20941379310347,86.08505172413793,01:26.209,01:26.085,17,9,0.6375081351689612,1.2471464330413018,1.9321046099290784,1.4366538120567376,18.0,45.0,40.0
2022,2022081,2,17,Alpha Tauri,10,#4E7C9B,Pierre Gasly,GAS,109.61695454545452,109.5674090909091,-0.1077272727272727,-0.058,109.58917777777778,5,109.61695454545452,109.5674090909091,01:49.616,01:49.567,109.58917777777778,109.50404444444445,01:49.589,01:49.504,10,10,1.7062214452214453,1.517895104895105,2.11059393939394,2.079248484848485,22.0,39.0,56.4
2022,2022081,2,9,Alpha Tauri,22,#4E7C9B,Yuki Tsunoda,TSU,109.52653658536585,109.44778048780488,0.1017435897435897,0.185,109.60838636363636,13,109.52653658536585,109.44778048780488,01:49.526,01:49.447,109.58917777777778,109.50404444444445,01:49.589,01:49.504,7,7,1.915692307692308,1.7605897435897435,1.9011230769230767,1.8365538461538464,17.0,39.0,43.6
2022,2022091,2,17,Alpha Tauri,10,#4E7C9B,Pierre Gasly,GAS,78.95560784313726,78.8813137254902,-0.4358333333333333,-0.357,78.60141379310345,14,78.95560784313726,78.8813137254902,01:18.955,01:18.881,78.60141379310346,78.54713793103447,01:18.601,01:18.547,14,14,0.8892232704402514,0.8649720911949685,1.7249969696969696,1.6843685606060603,15.0,32.0,46.9
2022,2022091,2,9,Alpha Tauri,22,#4E7C9B,Yuki Tsunoda,TSU,79.26925,79.2398,-0.374725,-0.345,78.92454761904762,DNF,79.26925,79.2398,01:19.269,01:19.239,78.60141379310346,78.54713793103447,01:18.601,01:18.547,13,13,0.9503316037735848,0.876567924528302,1.6638886363636365,1.672772727272727,17.0,32.0,53.1
2022,2022101,2,17,Alpha Tauri,10,#4E7C9B,Pierre Gasly,GAS,95.71121052631578,95.38452631578949,-1.085421052631579,-0.759,94.6965,DNF,95.71121052631578,95.38452631578949,01:35.711,01:35.384,93.9932558139535,93.89948837209302,01:33.993,01:33.899,16,15,0.680653947368421,0.6223407894736841,2.3638356867779207,2.087147625160462,13.0,17.0,76.5
2022,2022101,2,9,Alpha Tauri,22,#4E7C9B,Yuki Tsunoda,TSU,95.6807,95.295625,-1.766075,-1.381,93.9932558139535,14,95.6807,95.295625,01:35.680,01:35.295,93.9932558139535,93.89948837209302,01:33.993,01:33.899,17,17,0.0,0.0,3.044489634146341,2.709488414634146,4.0,17.0,23.5
2022,2022110,2,17,Alpha Tauri,10,#4E7C9B,Pierre Gasly,GAS,70.88285714285715,70.77557142857142,-0.6135714285714285,-0.506,70.41419047619047,15,70.88285714285715,70.77557142857142,01:10.882,01:10.775,70.41419047619047,70.26928571428572,01:10.414,01:10.269,15,15,1.8677619047619047,0.9378571428571428,1.872190476190476,1.8415714285714289,15.0,21.0,71.4
2022,2022110,2,9,Alpha Tauri,22,#4E7C9B,Yuki Tsunoda,TSU,71.09552380952381,71.00880952380952,-0.8262380952380952,-0.740,70.41419047619047,17,71.09552380952381,71.00880952380952,01:11.095,01:11.008,70.41419047619047,70.26928571428572,01:10.414,01:10.269,17,17,1.6550952380952384,0.7046666666666667,2.084857142857143,2.0747619047619046,6.0,21.0,28.6
2022,2022111,2,17,Alpha Tauri,10,#4E7C9B,Pierre Gasly,GAS,71.38761290322581,71.31245161290323,-0.4489677419354839,-0.374,71.05479104477612,15,71.38761290322581,71.31245161290323,01:11.387,01:11.312,71.03464705882355,70.93817647058823,01:11.034,01:10.938,15,16,1.0595084485407067,0.9330030721966208,1.4779516129032255,1.4627580645161289,34.0,58.0,58.6
2022,2022111,2,9,Alpha Tauri,22,#4E7C9B,Yuki Tsunoda,TSU,71.58895161290323,71.39693548387096,-0.6204032258064516,-0.428,71.05479104477612,16,71.58895161290323,71.39693548387096,01:11.588,01:11.396,71.03464705882355,70.93817647058823,01:11.034,01:10.938,18,18,0.888072964669739,0.8784546850998465,1.6493870967741937,1.5173064516129031,24.0,58.0,41.4
2022,2022121,2,17,Alpha Tauri,10,#4E7C9B,Pierre Gasly,GAS,100.22157777777775,100.13235555555556,-0.6582,-0.569,99.61836956521738,12,100.22157777777775,100.13235555555556,01:40.221,01:40.132,99.61836956521738,99.54547826086956,01:39.618,01:39.545,15,15,0.3991076923076923,0.4883299145299145,2.0180666666666665,2.071177777777778,10.0,13.0,76.9
2022,2022121,2,9,Alpha Tauri,22,#4E7C9B,Yuki Tsunoda,TSU,101.32607692307693,101.32607692307693,-1.0573076923076925,-1.057,100.31473333333334,DNF,101.32607692307693,101.32607692307693,01:41.326,01:41.326,99.61836956521738,99.54547826086956,01:39.618,01:39.545,20,20,0.0,0.0,2.417174358974359,2.559507692307692,3.0,13.0,23.1
2022,2022131,2,17,Alpha Tauri,10,#4E7C9B,Pierre Gasly,GAS,85.12258333333332,84.94378333333334,-0.490593220338983,-0.309,84.85183333333333,12,85.12258333333332,84.94378333333334,01:25.122,01:24.943,84.88989552238807,84.76319402985075,01:24.889,01:24.763,11,10,0.6775674939467311,0.5827908595641647,1.5579208065458796,1.4764006428988894,33.0,52.0,63.5
2022,2022131,2,9,Alpha Tauri,22,#4E7C9B,Yuki Tsunoda,TSU,85.94487719298246,85.67314035087719,-1.1681607142857142,-0.892,84.7856,19,85.94487719298246,85.67314035087719,01:25.944,01:25.673,84.88989552238807,84.76319402985075,01:24.889,01:24.763,20,20,0.0,0.0,2.2354883004926105,2.059191502463054,19.0,52.0,36.5
2022,2022141,2,17,Alpha Tauri,10,#4E7C9B,Pierre Gasly,GAS,114.50051428571427,114.39002857142856,-0.4287714285714286,-0.318,114.27892307692306,9,114.50051428571427,114.39002857142856,01:54.500,01:54.390,114.27892307692306,114.19166666666663,01:54.278,01:54.191,9,9,0.5489932773109244,0.5453025210084034,2.327314285714285,2.276314285714286,18.0,31.0,58.1
2022,2022141,2,9,Alpha Tauri,22,#4E7C9B,Yuki Tsunoda,TSU,114.70017142857142,114.59188571428572,-0.4722571428571429,-0.364,114.27892307692306,13,114.70017142857142,114.59188571428572,01:54.700,01:54.591,114.27892307692306,114.19166666666663,01:54.278,01:54.191,10,10,0.5055075630252102,0.499616806722689,2.3708,2.322,13.0,31.0,41.9
2022,2022151,2,17,Alpha Tauri,10,#4E7C9B,Pierre Gasly,GAS,77.027875,76.96382142857144,-0.292875,-0.229,76.828828125,11,77.027875,76.96382142857144,01:17.027,01:16.963,76.828828125,76.75978125,01:16.828,01:16.759,11,11,1.060925,0.968432142857143,1.299637711864407,1.287903450363196,14.0,33.0,42.4
2022,2022151,2,9,Alpha Tauri,22,#4E7C9B,Yuki Tsunoda,TSU,77.72054054054054,77.70275675675676,-0.3979729729729729,-0.380,77.35702439024391,DNF,77.72054054054054,77.70275675675676,01:17.720,01:17.702,76.828828125,76.75978125,01:16.828,01:16.759,13,13,0.9558270270270272,0.8170108108108108,1.4047356848373798,1.4393247824095283,19.0,33.0,57.6
2022,2022161,2,17,Alpha Tauri,10,#4E7C9B,Pierre Gasly,GAS,87.33256097560975,87.2540731707317,-0.4631219512195121,-0.385,86.89820454545455,8,87.33256097560975,87.2540731707317,01:27.332,01:27.254,86.89820454545455,86.8335909090909,01:26.898,01:26.833,11,10,0.5215780487804877,0.4361396341463415,1.9170975609756096,1.856439024390244,24.0,40.0,60.0
2022,2022161,2,9,Alpha Tauri,22,#4E7C9B,Yuki Tsunoda,TSU,87.42226829268293,87.38034146341464,-0.5516585365853659,-0.510,86.89820454545455,14,87.42226829268293,87.38034146341464,01:27.422,01:27.380,86.89820454545455,86.8335909090909,01:26.898,01:26.833,15,16,0.433041463414634,0.3110176829268293,2.0056341463414635,1.981560975609756,16.0,40.0,40.0
2022,2022171,2,17,Alpha Tauri,10,#4E7C9B,Pierre Gasly,GAS,117.518725,117.34425000000002,-0.5061944444444444,-0.312,117.29563636363636,10,117.518725,117.34425000000002,01:57.518,01:57.344,117.29563636363638,117.20418181818182,01:57.295,01:57.204,10,9,2.2773055555555555,2.471138888888889,2.761483918128655,2.567650584795321,17.0,17.0,100.0
2022,2022171,2,9,Alpha Tauri,22,#4E7C9B,Yuki Tsunoda,TSU,122.05871428571427,122.05871428571427,-0.5631999999999999,-0.563,121.15764,DNF,122.05871428571427,122.05871428571427,02:02.058,02:02.058,117.29563636363638,117.20418181818182,01:57.295,01:57.204,11,11,2.2203,2.2203,2.8184894736842105,2.8184894736842105,0.0,17.0,0.0
2022,2022181,2,17,Alpha Tauri,10,#4E7C9B,Pierre Gasly,GAS,109.45684210526316,109.33363157894736,-0.2609444444444444,-0.131,109.45417391304348,18,109.45684210526316,109.33363157894736,01:49.456,01:49.333,109.45417391304348,109.3383913043478,01:49.454,01:49.338,12,12,1.281436507936508,1.2904444444444445,1.9459944444444444,1.8159388888888888,5.0,17.0,29.4
2022,2022181,2,9,Alpha Tauri,22,#4E7C9B,Yuki Tsunoda,TSU,109.235,109.13115789473686,0.0770555555555555,0.187,109.45417391304348,13,109.235,109.13115789473686,01:49.235,01:49.131,109.45417391304348,109.3383913043478,01:49.454,01:49.338,10,10,1.619436507936508,1.608,1.6079944444444445,1.4983833333333334,12.0,17.0,70.6
2022,2022191,2,17,Alpha Tauri,10,#4E7C9B,Pierre Gasly,GAS,103.2308780487805,103.085,-0.3246829268292683,-0.179,103.04633333333334,14,103.2308780487805,103.085,01:43.230,01:43.085,103.04633333333332,102.95588888888888,01:43.046,01:42.955,10,10,1.269951219512195,1.2869268292682927,2.067,1.9714634146341463,24.0,39.0,61.5
2022,2022191,2,9,Alpha Tauri,22,#4E7C9B,Yuki Tsunoda,TSU,103.39014634146342,103.23448780487804,-0.4749512195121951,-0.319,103.04633333333334,10,103.39014634146342,103.23448780487804,01:43.390,01:43.234,103.04633333333332,102.95588888888888,01:43.046,01:42.955,11,11,1.119682926829268,1.146439024390244,2.217268292682927,2.111951219512195,15.0,39.0,38.5
2022,2022201,2,17,Alpha Tauri,10,#4E7C9B,Pierre Gasly,GAS,84.32066153846154,84.19706153846154,-0.3043692307692307,-0.181,84.10761764705883,11,84.32066153846154,84.19706153846154,01:24.320,01:24.197,84.09330434782609,83.9923043478261,01:24.093,01:23.992,8,9,1.1604533498759306,1.0897952853598016,1.5474153846153846,1.4704923076923075,18.0,43.0,41.9
2022,2022201,2,9,Alpha Tauri,22,#4E7C9B,Yuki Tsunoda,TSU,84.52428888888889,84.42968888888889,-0.3408222222222222,-0.246,84.26289583333333,DNF,84.52428888888889,84.42968888888889,01:24.524,01:24.429,84.09330434782609,83.9923043478261,01:24.093,01:23.992,10,10,1.1240003584229392,1.024320071684588,1.583868376068376,1.5359675213675212,25.0,43.0,58.1
2022,2022210,2,17,Alpha Tauri,10,#4E7C9B,Pierre Gasly,GAS,76.54595454545455,76.4334090909091,-0.1942272727272727,-0.082,76.4325909090909,10,76.54595454545455,76.4334090909091,01:16.545,01:16.433,76.4325909090909,76.35172727272727,01:16.432,01:16.351,10,10,1.831,1.8751818181818185,1.219272727272727,1.1610454545454545,20.0,22.0,90.9
2022,2022210,2,9,Alpha Tauri,22,#4E7C9B,Yuki Tsunoda,TSU,77.14104545454546,77.09781818181818,-0.7893636363636364,-0.746,76.4325909090909,15,77.14104545454546,77.09781818181818,01:17.141,01:17.097,76.4325909090909,76.35172727272727,01:16.432,01:16.351,18,18,1.2358636363636366,1.2106818181818182,1.8144090909090909,1.8255454545454544,2.0,22.0,9.1
2022,2022211,2,17,Alpha Tauri,10,#4E7C9B,Pierre Gasly,GAS,76.95496078431373,76.92172549019608,-0.4027450980392156,-0.369,76.63356140350878,14,76.95496078431373,76.92172549019608,01:16.954,01:16.921,76.63356140350876,76.57643859649123,01:16.633,01:16.576,12,12,0.6721960784313726,0.6188235294117648,1.2686650980392158,1.2577901960784317,30.0,47.0,63.8
2022,2022211,2,9,Alpha Tauri,22,#4E7C9B,Yuki Tsunoda,TSU,77.2746862745098,77.20678431372549,-0.6921176470588236,-0.624,76.6519107142857,17,77.2746862745098,77.20678431372549,01:17.274,01:17.206,76.63356140350876,76.57643859649123,01:16.633,01:16.576,16,16,0.3828235294117647,0.3640784313725491,1.5580376470588235,1.5125352941176469,17.0,47.0,36.2
2022,2022221,2,9,Alpha Tauri,22,#4E7C9B,Yuki Tsunoda,TSU,91.38561538461538,91.35398076923076,-0.1799038461538461,-0.148,91.30948214285716,11,91.38561538461538,91.35398076923076,01:31.385,01:31.353,91.30948214285716,91.21994642857145,01:31.309,01:31.219,11,11,1.2679452104499274,1.1343345428156748,1.3077500000000002,1.3034423076923078,43.0,51.0,84.3
2022,2022221,2,17,Alpha Tauri,10,#4E7C9B,Pierre Gasly,GAS,92.11249056603776,92.01896226415094,-0.9162264150943396,-0.823,91.32074545454545,14,92.11249056603776,92.01896226415094,01:32.112,01:32.018,91.30948214285716,91.21994642857145,01:31.309,01:31.219,17,18,0.531622641509434,0.4599056603773584,2.0440725689404937,1.977871190130624,8.0,51.0,15.7
