SeasonID,RaceID,DriverID,Color
2021,202101,1.0,#00D2BE
2021,202101,2.0,#0600EF
2021,202101,3.0,#00D2BE
2021,202101,4.0,#FF9800
2021,202101,5.0,#0600EF
2021,202101,6.0,#DC0004
2021,202101,7.0,#FF9800
2021,202101,8.0,#DC0004
2021,202101,9.0,#2B4562
2021,202101,10.0,#006F62
2021,202101,11.0,#900000
2021,202101,12.0,#900000
2021,202101,13.0,#0090FF
2021,202101,14.0,#005AFF
2021,202101,15.0,#006F62
2021,202101,16.0,#505050
2021,202101,17.0,#2B4562
2021,202101,18.0,#005AFF
2021,202101,19.0,#0090FF
2021,202101,20.0,#505050
2021,202102,2.0,#0600EF
2021,202102,1.0,#00D2BE
2021,202102,4.0,#FF9800
2021,202102,6.0,#DC0004
2021,202102,8.0,#DC0004
2021,202102,7.0,#FF9800
2021,202102,17.0,#2B4562
2021,202102,10.0,#006F62
2021,202102,13.0,#0090FF
2021,202102,19.0,#0090FF
2021,202102,5.0,#0600EF
2021,202102,9.0,#2B4562
2021,202102,11.0,#900000
2021,202102,12.0,#900000
2021,202102,15.0,#006F62
2021,202102,16.0,#505050
2021,202102,20.0,#505050
2021,202102,3.0,#00D2BE
2021,202102,14.0,#005AFF
2021,202102,18.0,#005AFF
2021,202103,1.0,#00D2BE
2021,202103,2.0,#0600EF
2021,202103,3.0,#00D2BE
2021,202103,5.0,#0600EF
2021,202103,4.0,#FF9800
2021,202103,6.0,#DC0004
2021,202103,13.0,#0090FF
2021,202103,19.0,#0090FF
2021,202103,7.0,#FF9800
2021,202103,17.0,#2B4562
2021,202103,8.0,#DC0004
2021,202103,12.0,#900000
2021,202103,15.0,#006F62
2021,202103,10.0,#006F62
2021,202103,9.0,#2B4562
2021,202103,14.0,#005AFF
2021,202103,16.0,#505050
2021,202103,18.0,#005AFF
2021,202103,20.0,#505050
2021,202103,11.0,#900000
2021,202104,1.0,#00D2BE
2021,202104,2.0,#0600EF
2021,202104,3.0,#00D2BE
2021,202104,6.0,#DC0004
2021,202104,5.0,#0600EF
2021,202104,7.0,#FF9800
2021,202104,8.0,#DC0004
2021,202104,4.0,#FF9800
2021,202104,13.0,#0090FF
2021,202104,17.0,#2B4562
2021,202104,10.0,#006F62
2021,202104,11.0,#900000
2021,202104,15.0,#006F62
2021,202104,14.0,#005AFF
2021,202104,12.0,#900000
2021,202104,18.0,#005AFF
2021,202104,19.0,#0090FF
2021,202104,16.0,#505050
2021,202104,20.0,#505050
2021,202104,9.0,#2B4562
2021,202105,2.0,#0600EF
2021,202105,8.0,#DC0004
2021,202105,4.0,#FF9800
2021,202105,5.0,#0600EF
2021,202105,15.0,#006F62
2021,202105,17.0,#2B4562
2021,202105,1.0,#00D2BE
2021,202105,10.0,#006F62
2021,202105,13.0,#0090FF
2021,202105,12.0,#900000
2021,202105,11.0,#900000
2021,202105,7.0,#FF9800
2021,202105,19.0,#0090FF
2021,202105,14.0,#005AFF
2021,202105,18.0,#005AFF
2021,202105,9.0,#2B4562
2021,202105,20.0,#505050
2021,202105,16.0,#505050
2021,202105,3.0,#00D2BE
2021,202105,6.0,#DC0004
2021,202106,5.0,#0600EF
2021,202106,15.0,#006F62
2021,202106,17.0,#2B4562
2021,202106,6.0,#DC0004
2021,202106,4.0,#FF9800
2021,202106,19.0,#0090FF
2021,202106,9.0,#2B4562
2021,202106,8.0,#DC0004
2021,202106,7.0,#FF9800
2021,202106,11.0,#900000
2021,202106,12.0,#900000
2021,202106,3.0,#00D2BE
2021,202106,16.0,#505050
2021,202106,20.0,#505050
2021,202106,1.0,#00D2BE
2021,202106,18.0,#005AFF
2021,202106,14.0,#005AFF
2021,202106,2.0,#0600EF
2021,202106,10.0,#006F62
2021,202106,13.0,#0090FF
2021,202107,2.0,#0600EF
2021,202107,1.0,#00D2BE
2021,202107,5.0,#0600EF
2021,202107,3.0,#00D2BE
2021,202107,4.0,#FF9800
2021,202107,7.0,#FF9800
2021,202107,17.0,#2B4562
2021,202107,19.0,#0090FF
2021,202107,15.0,#006F62
2021,202107,10.0,#006F62
2021,202107,8.0,#DC0004
2021,202107,14.0,#005AFF
2021,202107,9.0,#2B4562
2021,202107,13.0,#0090FF
2021,202107,12.0,#900000
2021,202107,6.0,#DC0004
2021,202107,11.0,#900000
2021,202107,18.0,#005AFF
2021,202107,16.0,#505050
2021,202107,20.0,#505050
2021,202108,2.0,#0600EF
2021,202108,1.0,#00D2BE
2021,202108,3.0,#00D2BE
2021,202108,5.0,#0600EF
2021,202108,4.0,#FF9800
2021,202108,8.0,#DC0004
2021,202108,6.0,#DC0004
2021,202108,10.0,#006F62
2021,202108,19.0,#0090FF
2021,202108,9.0,#2B4562
2021,202108,11.0,#900000
2021,202108,15.0,#006F62
2021,202108,7.0,#FF9800
2021,202108,13.0,#0090FF
2021,202108,12.0,#900000
2021,202108,16.0,#505050
2021,202108,18.0,#005AFF
2021,202108,20.0,#505050
2021,202108,14.0,#005AFF
2021,202108,17.0,#2B4562
2021,202109,2.0,#0600EF
2021,202109,3.0,#00D2BE
2021,202109,4.0,#FF9800
2021,202109,1.0,#00D2BE
2021,202109,8.0,#DC0004
2021,202109,5.0,#0600EF
2021,202109,7.0,#FF9800
2021,202109,6.0,#DC0004
2021,202109,17.0,#2B4562
2021,202109,19.0,#0090FF
2021,202109,14.0,#005AFF
2021,202109,9.0,#2B4562
2021,202109,10.0,#006F62
2021,202109,12.0,#900000
2021,202109,11.0,#900000
2021,202109,18.0,#005AFF
2021,202109,15.0,#006F62
2021,202109,16.0,#505050
2021,202109,20.0,#505050
2021,202109,13.0,#0090FF
2021,202110,1.0,#00D2BE
2021,202110,6.0,#DC0004
2021,202110,3.0,#00D2BE
2021,202110,4.0,#FF9800
2021,202110,7.0,#FF9800
2021,202110,8.0,#DC0004
2021,202110,19.0,#0090FF
2021,202110,10.0,#006F62
2021,202110,13.0,#0090FF
2021,202110,9.0,#2B4562
2021,202110,17.0,#2B4562
2021,202110,14.0,#005AFF
2021,202110,12.0,#900000
2021,202110,18.0,#005AFF
2021,202110,11.0,#900000
2021,202110,5.0,#0600EF
2021,202110,20.0,#505050
2021,202110,16.0,#505050
2021,202110,15.0,#006F62
2021,202110,2.0,#0600EF
2021,202111,13.0,#0090FF
2021,202111,1.0,#00D2BE
2021,202111,8.0,#DC0004
2021,202111,19.0,#0090FF
2021,202111,17.0,#2B4562
2021,202111,9.0,#2B4562
2021,202111,18.0,#005AFF
2021,202111,14.0,#005AFF
2021,202111,2.0,#0600EF
2021,202111,11.0,#900000
2021,202111,7.0,#FF9800
2021,202111,16.0,#505050
2021,202111,12.0,#900000
2021,202111,20.0,#505050
2021,202111,4.0,#FF9800
2021,202111,3.0,#00D2BE
2021,202111,5.0,#0600EF
2021,202111,6.0,#DC0004
2021,202111,10.0,#006F62
2021,202111,15.0,#006F62
2021,202112,2.0,#0600EF
2021,202112,14.0,#005AFF
2021,202112,1.0,#00D2BE
2021,202112,7.0,#FF9800
2021,202112,15.0,#006F62
2021,202112,17.0,#2B4562
2021,202112,13.0,#0090FF
2021,202112,6.0,#DC0004
2021,202112,18.0,#005AFF
2021,202112,8.0,#DC0004
2021,202112,19.0,#0090FF
2021,202112,3.0,#00D2BE
2021,202112,12.0,#900000
2021,202112,4.0,#FF9800
2021,202112,9.0,#2B4562
2021,202112,16.0,#505050
2021,202112,20.0,#505050
2021,202112,11.0,#900000
2021,202112,5.0,#0600EF
2021,202112,10.0,#006F62
2021,202113,2.0,#0600EF
2021,202113,1.0,#00D2BE
2021,202113,3.0,#00D2BE
2021,202113,17.0,#2B4562
2021,202113,6.0,#DC0004
2021,202113,19.0,#0090FF
2021,202113,8.0,#DC0004
2021,202113,5.0,#0600EF
2021,202113,13.0,#0090FF
2021,202113,4.0,#FF9800
2021,202113,7.0,#FF9800
2021,202113,10.0,#006F62
2021,202113,15.0,#006F62
2021,202113,12.0,#900000
2021,202113,21.0,#900000
2021,202113,18.0,#005AFF
2021,202113,14.0,#005AFF
2021,202113,16.0,#505050
2021,202113,9.0,#2B4562
2021,202113,20.0,#505050
2021,202114,7.0,#FF9800
2021,202114,4.0,#FF9800
2021,202114,3.0,#00D2BE
2021,202114,6.0,#DC0004
2021,202114,5.0,#0600EF
2021,202114,8.0,#DC0004
2021,202114,10.0,#006F62
2021,202114,19.0,#0090FF
2021,202114,14.0,#005AFF
2021,202114,13.0,#0090FF
2021,202114,18.0,#005AFF
2021,202114,15.0,#006F62
2021,202114,12.0,#900000
2021,202114,21.0,#900000
2021,202114,16.0,#505050
2021,202114,20.0,#505050
2021,202114,1.0,#00D2BE
2021,202114,2.0,#0600EF
2021,202114,17.0,#2B4562
2021,202114,9.0,#2B4562
2021,202115,1.0,#00D2BE
2021,202115,2.0,#0600EF
2021,202115,8.0,#DC0004
2021,202115,7.0,#FF9800
2021,202115,3.0,#00D2BE
2021,202115,19.0,#0090FF
2021,202115,4.0,#FF9800
2021,202115,11.0,#900000
2021,202115,5.0,#0600EF
2021,202115,14.0,#005AFF
2021,202115,10.0,#006F62
2021,202115,15.0,#006F62
2021,202115,17.0,#2B4562
2021,202115,13.0,#0090FF
2021,202115,6.0,#DC0004
2021,202115,12.0,#900000
2021,202115,9.0,#2B4562
2021,202115,20.0,#505050
2021,202115,18.0,#005AFF
2021,202115,16.0,#505050
2021,202116,3.0,#00D2BE
2021,202116,2.0,#0600EF
2021,202116,5.0,#0600EF
2021,202116,6.0,#DC0004
2021,202116,1.0,#00D2BE
2021,202116,17.0,#2B4562
2021,202116,4.0,#FF9800
2021,202116,8.0,#DC0004
2021,202116,10.0,#006F62
2021,202116,13.0,#0090FF
2021,202116,12.0,#900000
2021,202116,11.0,#900000
2021,202116,7.0,#FF9800
2021,202116,9.0,#2B4562
2021,202116,14.0,#005AFF
2021,202116,19.0,#0090FF
2021,202116,18.0,#005AFF
2021,202116,15.0,#006F62
2021,202116,16.0,#505050
2021,202116,20.0,#505050
2021,202117,2.0,#0600EF
2021,202117,1.0,#00D2BE
2021,202117,5.0,#0600EF
2021,202117,6.0,#DC0004
2021,202117,7.0,#FF9800
2021,202117,3.0,#00D2BE
2021,202117,8.0,#DC0004
2021,202117,4.0,#FF9800
2021,202117,9.0,#2B4562
2021,202117,15.0,#006F62
2021,202117,12.0,#900000
2021,202117,10.0,#006F62
2021,202117,11.0,#900000
2021,202117,14.0,#005AFF
2021,202117,18.0,#005AFF
2021,202117,16.0,#505050
2021,202117,20.0,#505050
2021,202117,19.0,#0090FF
2021,202117,13.0,#0090FF
2021,202117,17.0,#2B4562
2021,202118,2.0,#0600EF
2021,202118,1.0,#00D2BE
2021,202118,5.0,#0600EF
2021,202118,17.0,#2B4562
2021,202118,6.0,#DC0004
2021,202118,8.0,#DC0004
2021,202118,15.0,#006F62
2021,202118,11.0,#900000
2021,202118,19.0,#0090FF
2021,202118,4.0,#FF9800
2021,202118,12.0,#900000
2021,202118,7.0,#FF9800
2021,202118,13.0,#0090FF
2021,202118,10.0,#006F62
2021,202118,3.0,#00D2BE
2021,202118,14.0,#005AFF
2021,202118,18.0,#005AFF
2021,202118,20.0,#505050
2021,202118,16.0,#505050
2021,202118,9.0,#2B4562
2021,202119,1.0,#00D2BE
2021,202119,2.0,#0600EF
2021,202119,3.0,#00D2BE
2021,202119,5.0,#0600EF
2021,202119,6.0,#DC0004
2021,202119,8.0,#DC0004
2021,202119,17.0,#2B4562
2021,202119,13.0,#0090FF
2021,202119,19.0,#0090FF
2021,202119,4.0,#FF9800
2021,202119,15.0,#006F62
2021,202119,11.0,#900000
2021,202119,14.0,#005AFF
2021,202119,12.0,#900000
2021,202119,9.0,#2B4562
2021,202119,18.0,#005AFF
2021,202119,20.0,#505050
2021,202119,16.0,#505050
2021,202119,7.0,#FF9800
2021,202119,10.0,#006F62
2021,202120,1.0,#00D2BE
2021,202120,2.0,#0600EF
2021,202120,19.0,#0090FF
2021,202120,5.0,#0600EF
2021,202120,13.0,#0090FF
2021,202120,10.0,#006F62
2021,202120,8.0,#DC0004
2021,202120,6.0,#DC0004
2021,202120,4.0,#FF9800
2021,202120,15.0,#006F62
2021,202120,17.0,#2B4562
2021,202120,7.0,#FF9800
2021,202120,9.0,#2B4562
2021,202120,11.0,#900000
2021,202120,12.0,#900000
2021,202120,16.0,#505050
2021,202120,14.0,#005AFF
2021,202120,20.0,#505050
2021,202120,18.0,#005AFF
2021,202120,3.0,#00D2BE
2021,202121,1.0,#00D2BE
2021,202121,2.0,#0600EF
2021,202121,3.0,#00D2BE
2021,202121,13.0,#0090FF
2021,202121,7.0,#FF9800
2021,202121,17.0,#2B4562
2021,202121,6.0,#DC0004
2021,202121,8.0,#DC0004
2021,202121,12.0,#900000
2021,202121,4.0,#FF9800
2021,202121,10.0,#006F62
2021,202121,18.0,#005AFF
2021,202121,19.0,#0090FF
2021,202121,9.0,#2B4562
2021,202121,11.0,#900000
2021,202121,15.0,#006F62
2021,202121,5.0,#0600EF
2021,202121,20.0,#505050
2021,202121,14.0,#005AFF
2021,202121,16.0,#505050
2022,202201,6.0,#ed1c24
2022,202201,8.0,#ed1c24
2022,202201,1.0,#6cd3bf
2022,202201,14.0,#6cd3bf
2022,202201,22.0,#b6babd
2022,202201,3.0,#b12039
2022,202201,13.0,#2293d1
2022,202201,9.0,#4e7c9b
2022,202201,19.0,#2293d1
2022,202201,23.0,#b12039
2022,202201,16.0,#b6babd
2022,202201,10.0,#2d826d
2022,202201,24.0,#37bedd
2022,202201,7.0,#f58020
2022,202201,4.0,#f58020
2022,202201,18.0,#37bedd
2022,202201,25.0,#2d826d
2022,202201,5.0,#1e5bc6
2022,202201,2.0,#1e5bc6
2022,202201,17.0,#4e7c9b
2022,202202,2.0,#1e5bc6
2022,202202,6.0,#ed1c24
2022,202202,8.0,#ed1c24
2022,202202,5.0,#1e5bc6
2022,202202,14.0,#6cd3bf
2022,202202,13.0,#2293d1
2022,202202,4.0,#f58020
2022,202202,17.0,#4e7c9b
2022,202202,22.0,#b6babd
2022,202202,1.0,#6cd3bf
2022,202202,23.0,#b12039
2022,202202,25.0,#2d826d
2022,202202,10.0,#2d826d
2022,202202,24.0,#37bedd
2022,202202,3.0,#b12039
2022,202202,19.0,#2293d1
2022,202202,7.0,#f58020
2022,202202,18.0,#37bedd
2022,202202,9.0,#4e7c9b
2022,202202,16.0,#111111
2022,202203,6.0,#ed1c24
2022,202203,5.0,#1e5bc6
2022,202203,14.0,#6cd3bf
2022,202203,1.0,#6cd3bf
2022,202203,4.0,#f58020
2022,202203,7.0,#f58020
2022,202203,13.0,#2293d1
2022,202203,3.0,#b12039
2022,202203,17.0,#4e7c9b
2022,202203,24.0,#37bedd
2022,202203,23.0,#b12039
2022,202203,10.0,#2d826d
2022,202203,16.0,#b6babd
2022,202203,22.0,#b6babd
2022,202203,9.0,#4e7c9b
2022,202203,18.0,#37bedd
2022,202203,19.0,#2293d1
2022,202203,2.0,#1e5bc6
2022,202203,15.0,#2d826d
2022,202203,8.0,#ed1c24
2022,202204,2.0,#1e5bc6
2022,202204,5.0,#1e5bc6
2022,202204,4.0,#f58020
2022,202204,14.0,#6cd3bf
2022,202204,3.0,#b12039
2022,202204,6.0,#ed1c24
2022,202204,9.0,#4e7c9b
2022,202204,15.0,#2d826d
2022,202204,22.0,#b6babd
2022,202204,10.0,#2d826d
2022,202204,24.0,#37bedd
2022,202204,17.0,#4e7c9b
2022,202204,1.0,#6cd3bf
2022,202204,13.0,#2293d1
2022,202204,23.0,#b12039
2022,202204,18.0,#37bedd
2022,202204,16.0,#b6babd
2022,202204,7.0,#f58020
2022,202204,19.0,#2293d1
2022,202204,8.0,#ed1c24
2022,202205,2.0,#1e5bc6
2022,202205,6.0,#ed1c24
2022,202205,8.0,#ed1c24
2022,202205,5.0,#1e5bc6
2022,202205,14.0,#6cd3bf
2022,202205,1.0,#6cd3bf
2022,202205,3.0,#b12039
2022,202205,13.0,#2293d1
2022,202205,24.0,#37bedd
2022,202205,10.0,#2d826d
2022,202205,19.0,#2293d1
2022,202205,9.0,#4e7c9b
2022,202205,7.0,#f58020
2022,202205,18.0,#37bedd
2022,202205,16.0,#b6babd
2022,202205,22.0,#b6babd
2022,202205,15.0,#2d826d
2022,202205,17.0,#4e7c9b
2022,202205,4.0,#f58020
2022,202205,23.0,#b12039
2022,202206,2.0,#1e5bc6
2022,202206,5.0,#1e5bc6
2022,202206,14.0,#6cd3bf
2022,202206,8.0,#ed1c24
2022,202206,1.0,#6cd3bf
2022,202206,3.0,#b12039
2022,202206,13.0,#2293d1
2022,202206,4.0,#f58020
2022,202206,19.0,#2293d1
2022,202206,9.0,#4e7c9b
2022,202206,15.0,#2d826d
2022,202206,7.0,#f58020
2022,202206,17.0,#4e7c9b
2022,202206,16.0,#b6babd
2022,202206,10.0,#2d826d
2022,202206,18.0,#37bedd
2022,202206,22.0,#b6babd
2022,202206,24.0,#37bedd
2022,202206,23.0,#b12039
2022,202206,6.0,#ed1c24
2022,202207,5.0,#1e5bc6
2022,202207,8.0,#ed1c24
2022,202207,2.0,#1e5bc6
2022,202207,6.0,#ed1c24
2022,202207,14.0,#6cd3bf
2022,202207,4.0,#f58020
2022,202207,19.0,#2293d1
2022,202207,1.0,#6cd3bf
2022,202207,3.0,#b12039
2022,202207,15.0,#2d826d
2022,202207,17.0,#4e7c9b
2022,202207,13.0,#2293d1
2022,202207,7.0,#f58020
2022,202207,10.0,#2d826d
2022,202207,18.0,#37bedd
2022,202207,23.0,#b12039
2022,202207,9.0,#4e7c9b
2022,202207,24.0,#37bedd
2022,202207,16.0,#b6babd
2022,202207,22.0,#b6babd
2022,202208,2.0,#1e5bc6
2022,202208,5.0,#1e5bc6
2022,202208,14.0,#6cd3bf
2022,202208,1.0,#6cd3bf
2022,202208,17.0,#4e7c9b
2022,202208,15.0,#2d826d
2022,202208,19.0,#2293d1
2022,202208,7.0,#f58020
2022,202208,4.0,#f58020
2022,202208,13.0,#2293d1
2022,202208,3.0,#b12039
2022,202208,24.0,#37bedd
2022,202208,9.0,#4e7c9b
2022,202208,16.0,#b6babd
2022,202208,18.0,#37bedd
2022,202208,10.0,#2d826d
2022,202208,22.0,#b6babd
2022,202208,23.0,#b12039
2022,202208,6.0,#ed1c24
2022,202208,8.0,#ed1c24
2022,202209,2.0,#1e5bc6
2022,202209,8.0,#ed1c24
2022,202209,1.0,#6cd3bf
2022,202209,14.0,#6cd3bf
2022,202209,6.0,#ed1c24
2022,202209,13.0,#2293d1
2022,202209,3.0,#b12039
2022,202209,23.0,#b12039
2022,202209,19.0,#2293d1
2022,202209,10.0,#2d826d
2022,202209,7.0,#f58020
2022,202209,15.0,#2d826d
2022,202209,24.0,#37bedd
2022,202209,17.0,#4e7c9b
2022,202209,4.0,#f58020
2022,202209,18.0,#37bedd
2022,202209,22.0,#b6babd
2022,202209,9.0,#4e7c9b
2022,202209,16.0,#b6babd
2022,202209,5.0,#1e5bc6
2022,202210,8.0,#ed1c24
2022,202210,5.0,#1e5bc6
2022,202210,1.0,#6cd3bf
2022,202210,6.0,#ed1c24
2022,202210,19.0,#2293d1
2022,202210,4.0,#f58020
2022,202210,2.0,#1e5bc6
2022,202210,16.0,#b6babd
2022,202210,15.0,#2d826d
2022,202210,22.0,#b6babd
2022,202210,10.0,#2d826d
2022,202210,18.0,#37bedd
2022,202210,7.0,#f58020
2022,202210,9.0,#4e7c9b
2022,202210,13.0,#2293d1
2022,202210,17.0,#4e7c9b
2022,202210,3.0,#b12039
2022,202210,14.0,#6cd3bf
2022,202210,23.0,#b12039
2022,202210,24.0,#37bedd
2022,202211,6.0,#ed1c24
2022,202211,2.0,#1e5bc6
2022,202211,1.0,#6cd3bf
2022,202211,14.0,#6cd3bf
2022,202211,13.0,#2293d1
2022,202211,16.0,#b6babd
2022,202211,4.0,#f58020
2022,202211,22.0,#b6babd
2022,202211,7.0,#f58020
2022,202211,19.0,#2293d1
2022,202211,3.0,#b12039
2022,202211,24.0,#37bedd
2022,202211,10.0,#2d826d
2022,202211,23.0,#b12039
2022,202211,17.0,#4e7c9b
2022,202211,9.0,#4e7c9b
2022,202211,15.0,#2d826d
2022,202211,8.0,#ed1c24
2022,202211,18.0,#37bedd
2022,202211,5.0,#1e5bc6
2022,202212,2.0,#1e5bc6
2022,202212,1.0,#6cd3bf
2022,202212,14.0,#6cd3bf
2022,202212,5.0,#1e5bc6
2022,202212,8.0,#ed1c24
2022,202212,19.0,#2293d1
2022,202212,4.0,#f58020
2022,202212,13.0,#2293d1
2022,202212,7.0,#f58020
2022,202212,10.0,#2d826d
2022,202212,15.0,#2d826d
2022,202212,17.0,#4e7c9b
2022,202212,24.0,#37bedd
2022,202212,3.0,#b12039
2022,202212,16.0,#b6babd
2022,202212,23.0,#b12039
2022,202212,18.0,#37bedd
2022,202212,22.0,#b6babd
2022,202212,6.0,#ed1c24
2022,202212,9.0,#4e7c9b
2022,202213,2.0,#1e5bc6
2022,202213,1.0,#6cd3bf
2022,202213,14.0,#6cd3bf
2022,202213,8.0,#ed1c24
2022,202213,5.0,#1e5bc6
2022,202213,6.0,#ed1c24
2022,202213,4.0,#f58020
2022,202213,19.0,#2293d1
2022,202213,13.0,#2293d1
2022,202213,15.0,#2d826d
2022,202213,10.0,#2d826d
2022,202213,17.0,#4e7c9b
2022,202213,23.0,#b12039
2022,202213,16.0,#b6babd
2022,202213,7.0,#f58020
2022,202213,22.0,#b6babd
2022,202213,24.0,#37bedd
2022,202213,18.0,#37bedd
2022,202213,9.0,#4e7c9b
2022,202213,3.0,#b12039
2022,202214,2.0,#1e5bc6
2022,202214,5.0,#1e5bc6
2022,202214,8.0,#ed1c24
2022,202214,14.0,#6cd3bf
2022,202214,19.0,#2293d1
2022,202214,6.0,#ed1c24
2022,202214,13.0,#2293d1
2022,202214,15.0,#2d826d
2022,202214,17.0,#4e7c9b
2022,202214,24.0,#37bedd
2022,202214,10.0,#2d826d
2022,202214,4.0,#f58020
2022,202214,9.0,#4e7c9b
2022,202214,23.0,#b12039
2022,202214,7.0,#f58020
2022,202214,22.0,#b6babd
2022,202214,16.0,#b6babd
2022,202214,18.0,#37bedd
2022,202214,3.0,#b12039
2022,202214,1.0,#6cd3bf
2022,202215,2.0,#1e5bc6
2022,202215,14.0,#6cd3bf
2022,202215,6.0,#ed1c24
2022,202215,1.0,#6cd3bf
2022,202215,5.0,#1e5bc6
2022,202215,19.0,#2293d1
2022,202215,4.0,#f58020
2022,202215,8.0,#ed1c24
2022,202215,13.0,#2293d1
2022,202215,10.0,#2d826d
2022,202215,17.0,#4e7c9b
2022,202215,24.0,#37bedd
2022,202215,16.0,#b6babd
2022,202215,15.0,#2d826d
2022,202215,22.0,#b6babd
2022,202215,23.0,#b12039
2022,202215,7.0,#f58020
2022,202215,18.0,#37bedd
2022,202215,3.0,#b12039
2022,202215,9.0,#4e7c9b
2022,202216,2.0,#1e5bc6
2022,202216,6.0,#ed1c24
2022,202216,14.0,#6cd3bf
2022,202216,8.0,#ed1c24
2022,202216,1.0,#6cd3bf
2022,202216,5.0,#1e5bc6
2022,202216,4.0,#f58020
2022,202216,17.0,#4e7c9b
2022,202216,26.0,#37bedd
2022,202216,23.0,#b12039
2022,202216,13.0,#2293d1
2022,202216,16.0,#b6babd
2022,202216,3.0,#b12039
2022,202216,9.0,#4e7c9b
2022,202216,18.0,#37bedd
2022,202216,22.0,#b6babd
2022,202216,7.0,#f58020
2022,202216,10.0,#2d826d
2022,202216,19.0,#2293d1
2022,202216,15.0,#2d826d
2022,202217,5.0,#1e5bc6
2022,202217,6.0,#ed1c24
2022,202217,8.0,#ed1c24
2022,202217,4.0,#f58020
2022,202217,7.0,#f58020
2022,202217,10.0,#2d826d
2022,202217,2.0,#1e5bc6
2022,202217,15.0,#2d826d
2022,202217,1.0,#6cd3bf
2022,202217,17.0,#4e7c9b
2022,202217,3.0,#b12039
2022,202217,22.0,#b6babd
2022,202217,16.0,#b6babd
2022,202217,14.0,#6cd3bf
2022,202217,9.0,#4e7c9b
2022,202217,13.0,#2293d1
2022,202217,24.0,#37bedd
2022,202217,19.0,#2293d1
2022,202217,18.0,#37bedd
2022,202217,23.0,#b12039
2022,202218,2.0,#1e5bc6
2022,202218,5.0,#1e5bc6
2022,202218,6.0,#ed1c24
2022,202218,13.0,#2293d1
2022,202218,1.0,#6cd3bf
2022,202218,15.0,#2d826d
2022,202218,19.0,#2293d1
2022,202218,14.0,#6cd3bf
2022,202218,18.0,#37bedd
2022,202218,4.0,#f58020
2022,202218,7.0,#f58020
2022,202218,10.0,#2d826d
2022,202218,9.0,#4e7c9b
2022,202218,22.0,#b6babd
2022,202218,3.0,#b12039
2022,202218,23.0,#b12039
2022,202218,16.0,#b6babd
2022,202218,17.0,#4e7c9b
2022,202218,8.0,#ed1c24
2022,202218,24.0,#37bedd
2022,202219,2.0,#1e5bc6
2022,202219,1.0,#6cd3bf
2022,202219,6.0,#ed1c24
2022,202219,5.0,#1e5bc6
2022,202219,14.0,#6cd3bf
2022,202219,4.0,#f58020
2022,202219,19.0,#2293d1
2022,202219,15.0,#2d826d
2022,202219,22.0,#b6babd
2022,202219,9.0,#4e7c9b
2022,202219,13.0,#2293d1
2022,202219,23.0,#b12039
2022,202219,24.0,#37bedd
2022,202219,17.0,#4e7c9b
2022,202219,16.0,#b6babd
2022,202219,7.0,#f58020
2022,202219,18.0,#37bedd
2022,202219,10.0,#2d826d
2022,202219,3.0,#b12039
2022,202219,8.0,#ed1c24
2022,202220,2.0,#1e5bc6
2022,202220,1.0,#6cd3bf
2022,202220,5.0,#1e5bc6
2022,202220,14.0,#6cd3bf
2022,202220,8.0,#ed1c24
2022,202220,6.0,#ed1c24
2022,202220,7.0,#f58020
2022,202220,13.0,#2293d1
2022,202220,4.0,#f58020
2022,202220,3.0,#b12039
2022,202220,17.0,#4e7c9b
2022,202220,24.0,#37bedd
2022,202220,23.0,#b12039
2022,202220,15.0,#2d826d
2022,202220,10.0,#2d826d
2022,202220,16.0,#b6babd
2022,202220,22.0,#b6babd
2022,202220,18.0,#37bedd
2022,202220,19.0,#2293d1
2022,202220,9.0,#4e7c9b
2022,202221,14.0,#6cd3bf
2022,202221,1.0,#6cd3bf
2022,202221,8.0,#ed1c24
2022,202221,6.0,#ed1c24
2022,202221,19.0,#2293d1
2022,202221,2.0,#1e5bc6
2022,202221,5.0,#1e5bc6
2022,202221,13.0,#2293d1
2022,202221,3.0,#b12039
2022,202221,10.0,#2d826d
2022,202221,15.0,#2d826d
2022,202221,23.0,#b12039
2022,202221,16.0,#b6babd
2022,202221,17.0,#4e7c9b
2022,202221,24.0,#37bedd
2022,202221,18.0,#37bedd
2022,202221,9.0,#4e7c9b
2022,202221,4.0,#f58020
2022,202221,22.0,#b6babd
2022,202221,7.0,#f58020
2023,202301,2.0,#3671C6
2023,202301,5.0,#3671C6
2023,202301,19.0,#358C75
2023,202301,8.0,#F91536
2023,202301,1.0,#6CD3BF
2023,202301,10.0,#358C75
2023,202301,14.0,#6CD3BF
2023,202301,3.0,#C92D4B
2023,202301,17.0,#2293D1
2023,202301,24.0,#37BEDD
2023,202301,9.0,#5E8FAA
2023,202301,27.0,#37BEDD
2023,202301,22.0,#B6BABD
2023,202301,26.0,#5E8FAA
2023,202301,25.0,#B6BABD
2023,202301,23.0,#C92D4B
2023,202301,4.0,#F58020
2023,202301,13.0,#2293D1
2023,202301,6.0,#F91536
2023,202301,28.0,#F58020
2023,202302,5.0,#3671C6
2023,202302,2.0,#3671C6
2023,202302,19.0,#358C75
2023,202302,14.0,#6CD3BF
2023,202302,1.0,#6CD3BF
2023,202302,8.0,#F91536
2023,202302,6.0,#F91536
2023,202302,13.0,#2293D1
2023,202302,17.0,#2293D1
2023,202302,22.0,#B6BABD
2023,202302,9.0,#5E8FAA
2023,202302,25.0,#B6BABD
2023,202302,23.0,#C92D4B
2023,202302,26.0,#5E8FAA
2023,202302,28.0,#F58020
2023,202302,27.0,#37BEDD
2023,202302,4.0,#F58020
2023,202302,3.0,#C92D4B
2023,202302,24.0,#37BEDD
2023,202302,10.0,#358C75
2023,202303,2.0,#3671C6
2023,202303,1.0,#6CD3BF
2023,202303,19.0,#358C75
2023,202303,10.0,#358C75
2023,202303,5.0,#3671C6
2023,202303,4.0,#F58020
2023,202303,25.0,#B6BABD
2023,202303,28.0,#F58020
2023,202303,23.0,#C92D4B
2023,202303,9.0,#5E8FAA
2023,202303,3.0,#C92D4B
2023,202303,8.0,#F91536
2023,202303,17.0,#2293D1
2023,202303,13.0,#2293D1
2023,202303,26.0,#5E8FAA
2023,202303,27.0,#37BEDD
2023,202303,22.0,#B6BABD
2023,202303,14.0,#6CD3BF
2023,202303,24.0,#37BEDD
2023,202303,6.0,#F91536
2023,202304,5.0,#3671C6
2023,202304,2.0,#3671C6
2023,202304,6.0,#F91536
2023,202304,19.0,#358C75
2023,202304,8.0,#F91536
2023,202304,1.0,#6CD3BF
2023,202304,10.0,#358C75
2023,202304,14.0,#6CD3BF
2023,202304,4.0,#F58020
2023,202304,9.0,#5E8FAA
2023,202304,28.0,#F58020
2023,202304,24.0,#37BEDD
2023,202304,22.0,#B6BABD
2023,202304,17.0,#2293D1
2023,202304,13.0,#2293D1
2023,202304,27.0,#37BEDD
2023,202304,25.0,#B6BABD
2023,202304,3.0,#C92D4B
2023,202304,23.0,#C92D4B
2023,202304,26.0,#5E8FAA
2023,202305,2.0,#3671C6
2023,202305,5.0,#3671C6
2023,202305,19.0,#358C75
2023,202305,14.0,#6CD3BF
2023,202305,8.0,#F91536
2023,202305,1.0,#6CD3BF
2023,202305,6.0,#F91536
2023,202305,17.0,#2293D1
2023,202305,13.0,#2293D1
2023,202305,22.0,#B6BABD
2023,202305,9.0,#5E8FAA
2023,202305,10.0,#358C75
2023,202305,3.0,#C92D4B
2023,202305,24.0,#37BEDD
2023,202305,25.0,#B6BABD
2023,202305,23.0,#C92D4B
2023,202305,4.0,#F58020
2023,202305,26.0,#5E8FAA
2023,202305,28.0,#F58020
2023,202305,27.0,#37BEDD
2023,202306,2.0,#3671C6
2023,202306,19.0,#358C75
2023,202306,13.0,#2293D1
2023,202306,1.0,#6CD3BF
2023,202306,14.0,#6CD3BF
2023,202306,6.0,#F91536
2023,202306,17.0,#2293D1
2023,202306,8.0,#F91536
2023,202306,4.0,#F58020
2023,202306,28.0,#F58020
2023,202306,3.0,#C92D4B
2023,202306,26.0,#5E8FAA
2023,202306,23.0,#C92D4B
2023,202306,24.0,#37BEDD
2023,202306,9.0,#5E8FAA
2023,202306,5.0,#3671C6
2023,202306,25.0,#B6BABD
2023,202306,27.0,#37BEDD
2023,202306,22.0,#B6BABD
2023,202306,10.0,#358C75
2023,202307,2.0,#3671C6
2023,202307,1.0,#6CD3BF
2023,202307,14.0,#6CD3BF
2023,202307,5.0,#3671C6
2023,202307,8.0,#F91536
2023,202307,10.0,#358C75
2023,202307,19.0,#358C75
2023,202307,13.0,#2293D1
2023,202307,23.0,#C92D4B
2023,202307,17.0,#2293D1
2023,202307,6.0,#F91536
2023,202307,9.0,#5E8FAA
2023,202307,28.0,#F58020
2023,202307,26.0,#5E8FAA
2023,202307,25.0,#B6BABD
2023,202307,24.0,#37BEDD
2023,202307,4.0,#F58020
2023,202307,22.0,#B6BABD
2023,202307,3.0,#C92D4B
2023,202307,27.0,#37BEDD
2023,202308,2.0,#3671C6
2023,202308,19.0,#358C75
2023,202308,1.0,#6CD3BF
2023,202308,6.0,#F91536
2023,202308,8.0,#F91536
2023,202308,5.0,#3671C6
2023,202308,24.0,#37BEDD
2023,202308,13.0,#2293D1
2023,202308,10.0,#358C75
2023,202308,3.0,#C92D4B
2023,202308,28.0,#F58020
2023,202308,17.0,#2293D1
2023,202308,4.0,#F58020
2023,202308,9.0,#5E8FAA
2023,202308,25.0,#B6BABD
2023,202308,23.0,#C92D4B
2023,202308,22.0,#B6BABD
2023,202308,26.0,#5E8FAA
2023,202308,14.0,#6CD3BF
2023,202308,27.0,#37BEDD
2023,202309,2.0,#3671C6
2023,202309,6.0,#F91536
2023,202309,5.0,#3671C6
2023,202309,4.0,#F58020
2023,202309,19.0,#358C75
2023,202309,8.0,#F91536
2023,202309,14.0,#6CD3BF
2023,202309,1.0,#6CD3BF
2023,202309,10.0,#358C75
2023,202309,17.0,#2293D1
2023,202309,24.0,#37BEDD
2023,202309,23.0,#C92D4B
2023,202309,27.0,#37BEDD
2023,202309,13.0,#2293D1
2023,202309,3.0,#C92D4B
2023,202309,28.0,#F58020
2023,202309,26.0,#5E8FAA
2023,202309,22.0,#B6BABD
2023,202309,9.0,#5E8FAA
2023,202309,25.0,#B6BABD
2023,202310,2.0,#3671C6
2023,202310,4.0,#F58020
2023,202310,1.0,#6CD3BF
2023,202310,28.0,#F58020
2023,202310,14.0,#6CD3BF
2023,202310,5.0,#3671C6
2023,202310,19.0,#358C75
2023,202310,24.0,#37BEDD
2023,202310,6.0,#F91536
2023,202310,8.0,#F91536
2023,202310,27.0,#37BEDD
2023,202310,3.0,#C92D4B
2023,202310,25.0,#B6BABD
2023,202310,10.0,#358C75
2023,202310,23.0,#C92D4B
2023,202310,9.0,#5E8FAA
2023,202310,26.0,#5E8FAA
2023,202310,17.0,#2293D1
2023,202310,22.0,#B6BABD
2023,202310,13.0,#2293D1
2023,202311,2.0,#3671C6
2023,202311,4.0,#F58020
2023,202311,5.0,#3671C6
2023,202311,1.0,#6CD3BF
2023,202311,28.0,#F58020
2023,202311,14.0,#6CD3BF
2023,202311,6.0,#F91536
2023,202311,8.0,#F91536
2023,202311,19.0,#358C75
2023,202311,10.0,#358C75
2023,202311,24.0,#37BEDD
2023,202311,3.0,#C92D4B
2023,202311,7.0,#5E8FAA
2023,202311,25.0,#B6BABD
2023,202311,9.0,#5E8FAA
2023,202311,23.0,#C92D4B
2023,202311,22.0,#B6BABD
2023,202311,27.0,#37BEDD
2023,202311,13.0,#2293D1
2023,202311,17.0,#2293D1
2023,202312,2.0,#3671C6
2023,202312,5.0,#3671C6
2023,202312,6.0,#F91536
2023,202312,1.0,#6CD3BF
2023,202312,19.0,#358C75
2023,202312,14.0,#6CD3BF
2023,202312,4.0,#F58020
2023,202312,13.0,#2293D1
2023,202312,10.0,#358C75
2023,202312,9.0,#5E8FAA
2023,202312,17.0,#2293D1
2023,202312,3.0,#C92D4B
2023,202312,23.0,#C92D4B
2023,202312,24.0,#37BEDD
2023,202312,22.0,#B6BABD
2023,202312,7.0,#5E8FAA
2023,202312,27.0,#37BEDD
2023,202312,25.0,#B6BABD
2023,202312,8.0,#F91536
2023,202312,28.0,#F58020
2023,202313,2.0,#3671C6
2023,202313,19.0,#358C75
2023,202313,17.0,#2293D1
2023,202313,5.0,#3671C6
2023,202313,8.0,#F91536
2023,202313,1.0,#6CD3BF
2023,202313,4.0,#F58020
2023,202313,24.0,#37BEDD
2023,202313,28.0,#F58020
2023,202313,13.0,#2293D1
2023,202313,10.0,#358C75
2023,202313,25.0,#B6BABD
2023,202313,29.0,#5E8FAA
2023,202313,3.0,#C92D4B
2023,202313,9.0,#5E8FAA
2023,202313,22.0,#B6BABD
2023,202313,14.0,#6CD3BF
2023,202313,23.0,#C92D4B
2023,202313,6.0,#F91536
2023,202313,27.0,#37BEDD
2023,202314,2.0,#3671C6
2023,202314,5.0,#3671C6
2023,202314,8.0,#F91536
2023,202314,6.0,#F91536
2023,202314,14.0,#6CD3BF
2023,202314,1.0,#6CD3BF
2023,202314,24.0,#37BEDD
2023,202314,4.0,#F58020
2023,202314,19.0,#358C75
2023,202314,3.0,#C92D4B
2023,202314,29.0,#5E8FAA
2023,202314,28.0,#F58020
2023,202314,27.0,#37BEDD
2023,202314,23.0,#C92D4B
2023,202314,17.0,#2293D1
2023,202314,10.0,#358C75
2023,202314,25.0,#B6BABD
2023,202314,22.0,#B6BABD
2023,202314,13.0,#2293D1
2023,202314,9.0,#5E8FAA
2023,202315,8.0,#F91536
2023,202315,4.0,#F58020
2023,202315,1.0,#6CD3BF
2023,202315,6.0,#F91536
2023,202315,2.0,#3671C6
2023,202315,17.0,#2293D1
2023,202315,28.0,#F58020
2023,202315,5.0,#3671C6
2023,202315,29.0,#5E8FAA
2023,202315,22.0,#B6BABD
2023,202315,24.0,#37BEDD
2023,202315,23.0,#C92D4B
2023,202315,25.0,#B6BABD
2023,202315,27.0,#37BEDD
2023,202315,19.0,#358C75
2023,202315,14.0,#6CD3BF
2023,202315,3.0,#C92D4B
2023,202315,13.0,#2293D1
2023,202315,9.0,#5E8FAA
2023,202315,10.0,#111111
2023,202316,2.0,#3671C6
2023,202316,4.0,#F58020
2023,202316,28.0,#F58020
2023,202316,6.0,#F91536
2023,202316,1.0,#6CD3BF
2023,202316,8.0,#F91536
2023,202316,14.0,#6CD3BF
2023,202316,19.0,#358C75
2023,202316,13.0,#2293D1
2023,202316,17.0,#2293D1
2023,202316,29.0,#5E8FAA
2023,202316,9.0,#5E8FAA
2023,202316,23.0,#C92D4B
2023,202316,25.0,#B6BABD
2023,202316,22.0,#B6BABD
2023,202316,24.0,#37BEDD
2023,202316,27.0,#37BEDD
2023,202316,10.0,#358C75
2023,202316,5.0,#3671C6
2023,202316,3.0,#C92D4B
2023,202317,2.0,#3671C6
2023,202317,28.0,#F58020
2023,202317,4.0,#F58020
2023,202317,14.0,#6CD3BF
2023,202317,6.0,#F91536
2023,202317,19.0,#358C75
2023,202317,13.0,#2293D1
2023,202317,3.0,#C92D4B
2023,202317,23.0,#C92D4B
2023,202317,5.0,#3671C6
2023,202317,10.0,#358C75
2023,202317,17.0,#2293D1
2023,202317,24.0,#37BEDD
2023,202317,22.0,#B6BABD
2023,202317,9.0,#5E8FAA
2023,202317,25.0,#B6BABD
2023,202317,29.0,#5E8FAA
2023,202317,27.0,#37BEDD
2023,202317,1.0,#6CD3BF
2023,202317,8.0,#F91536
2023,202318,2.0,#3671C6
2023,202318,4.0,#F58020
2023,202318,8.0,#F91536
2023,202318,5.0,#3671C6
2023,202318,14.0,#6CD3BF
2023,202318,17.0,#2293D1
2023,202318,10.0,#358C75
2023,202318,9.0,#5E8FAA
2023,202318,24.0,#37BEDD
2023,202318,27.0,#37BEDD
2023,202318,25.0,#B6BABD
2023,202318,3.0,#C92D4B
2023,202318,23.0,#C92D4B
2023,202318,22.0,#B6BABD
2023,202318,7.0,#5E8FAA
2023,202318,19.0,#358C75
2023,202318,28.0,#F58020
2023,202318,13.0,#2293D1
2023,202318,1.0,#6CD3BF
2023,202318,6.0,#F91536
2023,202319,2.0,#3671C6
2023,202319,1.0,#6CD3BF
2023,202319,6.0,#F91536
2023,202319,8.0,#F91536
2023,202319,4.0,#F58020
2023,202319,14.0,#6CD3BF
2023,202319,7.0,#5E8FAA
2023,202319,28.0,#F58020
2023,202319,24.0,#37BEDD
2023,202319,13.0,#2293D1
2023,202319,17.0,#2293D1
2023,202319,9.0,#5E8FAA
2023,202319,25.0,#B6BABD
2023,202319,23.0,#C92D4B
2023,202319,3.0,#C92D4B
2023,202319,27.0,#37BEDD
2023,202319,10.0,#358C75
2023,202319,19.0,#358C75
2023,202319,22.0,#B6BABD
2023,202319,5.0,#3671C6
2023,202320,2.0,#3671C6
2023,202320,4.0,#F58020
2023,202320,19.0,#358C75
2023,202320,5.0,#3671C6
2023,202320,10.0,#358C75
2023,202320,8.0,#F91536
2023,202320,17.0,#2293D1
2023,202320,1.0,#6CD3BF
2023,202320,9.0,#5E8FAA
2023,202320,13.0,#2293D1
2023,202320,27.0,#37BEDD
2023,202320,25.0,#B6BABD
2023,202320,7.0,#5E8FAA
2023,202320,28.0,#F58020
2023,202320,14.0,#6CD3BF
2023,202320,3.0,#C92D4B
2023,202320,23.0,#C92D4B
2023,202320,22.0,#B6BABD
2023,202320,24.0,#37BEDD
2023,202320,6.0,#F91536
2023,202321,2.0,#3671C6
2023,202321,6.0,#F91536
2023,202321,5.0,#3671C6
2023,202321,13.0,#2293D1
2023,202321,10.0,#358C75
2023,202321,8.0,#F91536
2023,202321,1.0,#6CD3BF
2023,202321,14.0,#6CD3BF
2023,202321,19.0,#358C75
2023,202321,28.0,#F58020
2023,202321,17.0,#2293D1
2023,202321,24.0,#37BEDD
2023,202321,22.0,#B6BABD
2023,202321,7.0,#5E8FAA
2023,202321,23.0,#C92D4B
2023,202321,27.0,#37BEDD
2023,202321,3.0,#C92D4B
2023,202321,9.0,#5E8FAA
2023,202321,25.0,#B6BABD
2023,202321,4.0,#F58020
2024,202401,2.0,#3671c6
2024,202401,5.0,#3671c6
2024,202401,8.0,#e8002d
2024,202401,6.0,#e8002d
2024,202401,14.0,#27f4d2
2024,202401,4.0,#ff8000
2024,202401,1.0,#27f4d2
2024,202401,28.0,#ff8000
2024,202401,19.0,#229971
2024,202401,10.0,#229971
2024,202401,23.0,#52e252
2024,202401,22.0,#b6babd
2024,202401,7.0,#6692ff
2024,202401,9.0,#6692ff
2024,202401,24.0,#64c4ff
2024,202401,25.0,#b6babd
2024,202401,13.0,#ff87bc
2024,202401,17.0,#ff87bc
2024,202401,3.0,#52e252
2024,202401,27.0,#64c4ff
2024,202402,2.0,#3671c6
2024,202402,5.0,#3671c6
2024,202402,6.0,#e8002d
2024,202402,28.0,#ff8000
2024,202402,19.0,#229971
2024,202402,14.0,#27f4d2
2024,202402,30.0,#e8002d
2024,202402,4.0,#ff8000
2024,202402,1.0,#27f4d2
2024,202402,25.0,#b6babd
2024,202402,24.0,#64c4ff
2024,202402,22.0,#b6babd
2024,202402,13.0,#ff87bc
2024,202402,27.0,#64c4ff
2024,202402,9.0,#6692ff
2024,202402,7.0,#6692ff
2024,202402,3.0,#52e252
2024,202402,23.0,#52e252
2024,202402,10.0,#229971
2024,202402,17.0,#ff87bc
2024,202403,8.0,#E80020
2024,202403,6.0,#E80020
2024,202403,4.0,#FF8000
2024,202403,28.0,#FF8000
2024,202403,5.0,#3671C6
2024,202403,10.0,#229971
2024,202403,9.0,#6692FF
2024,202403,19.0,#229971
2024,202403,25.0,#B6BABD
2024,202403,22.0,#B6BABD
2024,202403,24.0,#64C4FF
2024,202403,7.0,#6692FF
2024,202403,17.0,#0093cc
2024,202403,3.0,#52e252
2024,202403,23.0,#52e252
2024,202403,13.0,#0093cc
2024,202403,14.0,#27F4D2
2024,202403,1.0,#27F4D2
2024,202403,2.0,#3671C6
2024,202404,2.0,#3671C6
2024,202404,5.0,#3671C6
2024,202404,8.0,#E80020
2024,202404,6.0,#E80020
2024,202404,4.0,#FF8000
2024,202404,19.0,#229971
2024,202404,14.0,#27F4D2
2024,202404,28.0,#FF8000
2024,202404,1.0,#27F4D2
2024,202404,9.0,#6692FF
2024,202404,25.0,#B6BABD
2024,202404,10.0,#229971
2024,202404,22.0,#B6BABD
2024,202404,3.0,#52e252
2024,202404,13.0,#0093cc
2024,202404,17.0,#0093cc
2024,202404,27.0,#64C4FF
2024,202404,23.0,#52e252
2024,202404,7.0,#6692FF
2024,202404,24.0,#64C4FF
2024,202405,2.0,#3671C6
2024,202405,4.0,#FF8000
2024,202405,5.0,#3671C6
2024,202405,6.0,#E80020
2024,202405,8.0,#E80020
2024,202405,14.0,#27F4D2
2024,202405,19.0,#229971
2024,202405,28.0,#FF8000
2024,202405,1.0,#27F4D2
2024,202405,25.0,#B6BABD
2024,202405,13.0,#0093cc
2024,202405,24.0,#64C4FF
2024,202405,17.0,#0093cc
2024,202405,23.0,#52e252
2024,202405,10.0,#229971
2024,202405,22.0,#B6BABD
2024,202405,27.0,#64C4FF
2024,202405,7.0,#6692FF
2024,202405,9.0,#6692FF
2024,202405,3.0,#52e252
2024,202406,4.0,#FF8000
2024,202406,2.0,#3671C6
2024,202406,6.0,#E80020
2024,202406,5.0,#3671C6
2024,202406,8.0,#E80020
2024,202406,1.0,#27F4D2
2024,202406,9.0,#6692FF
2024,202406,14.0,#27F4D2
2024,202406,19.0,#229971
2024,202406,13.0,#0093cc
2024,202406,25.0,#B6BABD
2024,202406,17.0,#0093cc
2024,202406,28.0,#FF8000
2024,202406,23.0,#52e252
2024,202406,7.0,#6692FF
2024,202406,3.0,#52e252
2024,202406,10.0,#229971
2024,202406,24.0,#64C4FF
2024,202406,22.0,#B6BABD
2024,202406,27.0,#64C4FF
2024,202407,2.0,#3671C6
2024,202407,4.0,#FF8000
2024,202407,6.0,#E80020
2024,202407,28.0,#FF8000
2024,202407,8.0,#E80020
2024,202407,1.0,#27F4D2
2024,202407,14.0,#27F4D2
2024,202407,5.0,#3671C6
2024,202407,10.0,#229971
2024,202407,9.0,#6692FF
2024,202407,25.0,#B6BABD
2024,202407,22.0,#B6BABD
2024,202407,7.0,#6692FF
2024,202407,13.0,#0093cc
2024,202407,23.0,#52e252
2024,202407,17.0,#0093cc
2024,202407,27.0,#64C4FF
2024,202407,3.0,#52e252
2024,202407,19.0,#229971
2024,202407,24.0,#64C4FF
2024,202408,6.0,#E80020
2024,202408,28.0,#FF8000
2024,202408,8.0,#E80020
2024,202408,4.0,#FF8000
2024,202408,14.0,#27F4D2
2024,202408,2.0,#3671C6
2024,202408,1.0,#27F4D2
2024,202408,9.0,#6692FF
2024,202408,24.0,#64C4FF
2024,202408,17.0,#0093cc
2024,202408,19.0,#229971
2024,202408,7.0,#6692FF
2024,202408,3.0,#52e252
2024,202408,10.0,#229971
2024,202408,27.0,#64C4FF
2024,202408,23.0,#52e252
2024,202408,13.0,#0093cc
2024,202408,5.0,#3671C6
2024,202408,25.0,#B6BABD
2024,202408,22.0,#B6BABD
2024,202409,2.0,#3671C6
2024,202409,4.0,#FF8000
2024,202409,14.0,#27F4D2
2024,202409,1.0,#27F4D2
2024,202409,28.0,#FF8000
2024,202409,19.0,#229971
2024,202409,10.0,#229971
2024,202409,7.0,#6692FF
2024,202409,17.0,#0093CC
2024,202409,13.0,#0093CC
2024,202409,25.0,#B6BABD
2024,202409,22.0,#B6BABD
2024,202409,3.0,#52e252
2024,202409,9.0,#6692FF
2024,202409,23.0,#52e252
2024,202409,8.0,#E80020
2024,202409,24.0,#64C4FF
2024,202409,5.0,#3671C6
2024,202409,6.0,#E80020
2024,202409,27.0,#64C4FF
2024,202410,2.0,#3671C6
2024,202410,4.0,#FF8000
2024,202410,1.0,#27F4D2
2024,202410,14.0,#27F4D2
2024,202410,6.0,#E80020
2024,202410,8.0,#E80020
2024,202410,28.0,#FF8000
2024,202410,5.0,#3671C6
2024,202410,17.0,#0093cc
2024,202410,13.0,#0093cc
2024,202410,25.0,#B6BABD
2024,202410,19.0,#229971
2024,202410,23.0,#52e252
2024,202410,10.0,#229971
2024,202410,7.0,#6692FF
2024,202410,3.0,#52e252
2024,202410,22.0,#B6BABD
2024,202410,24.0,#64C4FF
2024,202410,9.0,#6692FF
2024,202410,27.0,#64C4FF
2024,202411,14.0,#27F4D2
2024,202411,28.0,#FF8000
2024,202411,8.0,#E80020
2024,202411,1.0,#27F4D2
2024,202411,2.0,#3671C6
2024,202411,25.0,#B6BABD
2024,202411,5.0,#3671C6
2024,202411,22.0,#B6BABD
2024,202411,7.0,#6692FF
2024,202411,17.0,#0093cc
2024,202411,6.0,#E80020
2024,202411,13.0,#0093cc
2024,202411,10.0,#229971
2024,202411,9.0,#6692FF
2024,202411,24.0,#64C4FF
2024,202411,3.0,#52e252
2024,202411,23.0,#52e252
2024,202411,19.0,#229971
2024,202411,27.0,#64C4FF
2024,202411,4.0,#FF8000
2024,202412,1.0,#27F4D2
2024,202412,2.0,#3671C6
2024,202412,4.0,#FF8000
2024,202412,28.0,#FF8000
2024,202412,8.0,#E80020
2024,202412,25.0,#B6BABD
2024,202412,10.0,#229971
2024,202412,19.0,#229971
2024,202412,24.0,#64C4FF
2024,202412,9.0,#6692FF
2024,202412,27.0,#64C4FF
2024,202412,22.0,#B6BABD
2024,202412,7.0,#6692FF
2024,202412,6.0,#E80020
2024,202412,3.0,#52e252
2024,202412,13.0,#0093cc
2024,202412,5.0,#3671C6
2024,202412,23.0,#52e252
2024,202412,14.0,#27F4D2
2024,202412,17.0,#0093cc
2024,202413,28.0,#FF8000
2024,202413,4.0,#FF8000
2024,202413,1.0,#27F4D2
2024,202413,6.0,#E80020
2024,202413,2.0,#3671C6
2024,202413,8.0,#E80020
2024,202413,5.0,#3671C6
2024,202413,14.0,#27F4D2
2024,202413,9.0,#6692FF
2024,202413,10.0,#229971
2024,202413,19.0,#229971
2024,202413,7.0,#6692FF
2024,202413,25.0,#B6BABD
2024,202413,24.0,#64C4FF
2024,202413,22.0,#B6BABD
2024,202413,3.0,#52e252
2024,202413,27.0,#64C4FF
2024,202413,13.0,#0093cc
2024,202413,23.0,#52e252
2024,202413,17.0,#0093cc
2024,202414,1.0,#27F4D2
2024,202414,28.0,#FF8000
2024,202414,6.0,#E80020
2024,202414,2.0,#3671C6
2024,202414,4.0,#FF8000
2024,202414,8.0,#E80020
2024,202414,5.0,#3671C6
2024,202414,19.0,#229971
2024,202414,13.0,#0093cc
2024,202414,7.0,#6692FF
2024,202414,10.0,#229971
2024,202414,24.0,#64C4FF
2024,202414,17.0,#0093cc
2024,202414,22.0,#B6BABD
2024,202414,3.0,#52e252
2024,202414,9.0,#6692FF
2024,202414,27.0,#64C4FF
2024,202414,25.0,#B6BABD
2024,202414,23.0,#52e252
2024,202414,14.0,#27F4D2
2024,202415,4.0,#FF8000
2024,202415,2.0,#3671C6
2024,202415,6.0,#E80020
2024,202415,28.0,#FF8000
2024,202415,8.0,#E80020
2024,202415,5.0,#3671C6
2024,202415,14.0,#27F4D2
2024,202415,1.0,#27F4D2
2024,202415,17.0,#0093cc
2024,202415,19.0,#229971
2024,202415,25.0,#B6BABD
2024,202415,7.0,#6692FF
2024,202415,10.0,#229971
2024,202415,24.0,#64C4FF
2024,202415,13.0,#0093cc
2024,202415,27.0,#64C4FF
2024,202415,9.0,#6692FF
2024,202415,22.0,#B6BABD
2024,202415,3.0,#52e252
2024,202415,23.0,#52e252
2024,202416,6.0,#E80020
2024,202416,28.0,#FF8000
2024,202416,4.0,#FF8000
2024,202416,8.0,#E80020
2024,202416,1.0,#27F4D2
2024,202416,2.0,#3671C6
2024,202416,14.0,#27F4D2
2024,202416,5.0,#3671C6
2024,202416,24.0,#64C4FF
2024,202416,22.0,#B6BABD
2024,202416,19.0,#229971
2024,202416,31.0,#64C4FF
2024,202416,7.0,#6692FF
2024,202416,13.0,#0093cc
2024,202416,17.0,#0093cc
2024,202416,3.0,#52e252
2024,202416,25.0,#B6BABD
2024,202416,23.0,#52e252
2024,202416,10.0,#229971
2024,202416,9.0,#6692FF
2024,202417,28.0,#FF8000
2024,202417,6.0,#E80020
2024,202417,14.0,#27F4D2
2024,202417,4.0,#FF8000
2024,202417,2.0,#3671C6
2024,202417,19.0,#229971
2024,202417,24.0,#64C4FF
2024,202417,31.0,#64C4FF
2024,202417,1.0,#27F4D2
2024,202417,30.0,#B6BABD
2024,202417,25.0,#B6BABD
2024,202417,17.0,#0093cc
2024,202417,7.0,#6692FF
2024,202417,23.0,#52e252
2024,202417,13.0,#0093cc
2024,202417,3.0,#52e252
2024,202417,5.0,#3671C6
2024,202417,8.0,#E80020
2024,202417,10.0,#229971
2024,202417,9.0,#6692FF
2022,202222,2.0,#1e5bc6
2022,202222,6.0,#ed1c24
2022,202222,5.0,#1e5bc6
2022,202222,8.0,#ed1c24
2022,202222,14.0,#6cd3bf
2022,202222,4.0,#f58020
2022,202222,13.0,#2293d1
2022,202222,10.0,#2d826d
2022,202222,7.0,#f58020
2022,202222,15.0,#2d826d
2022,202222,9.0,#4e7c9b
2022,202222,23.0,#b12039
2022,202222,24.0,#37bedd
2022,202222,17.0,#4e7c9b
2022,202222,3.0,#b12039
2022,202222,16.0,#b6babd
2022,202222,22.0,#b6babd
2022,202222,1.0,#6cd3bf
2022,202222,18.0,#37bedd
2022,202222,19.0,#2293d1
2023,202322,2.0,#3671C6
2023,202322,6.0,#F91536
2023,202322,14.0,#6CD3BF
2023,202322,5.0,#3671C6
2023,202322,4.0,#F58020
2023,202322,28.0,#F58020
2023,202322,19.0,#358C75
2023,202322,9.0,#5E8FAA
2023,202322,1.0,#6CD3BF
2023,202322,10.0,#358C75
2023,202322,7.0,#5E8FAA
2023,202322,13.0,#2293D1
2023,202322,17.0,#2293D1
2023,202322,24.0,#37BEDD
2023,202322,25.0,#B6BABD
2023,202322,27.0,#37BEDD
2023,202322,23.0,#C92D4B
2023,202322,8.0,#F91536
2023,202322,3.0,#C92D4B
2023,202322,22.0,#B6BABD
2021,202122,2.0,#0600EF
2021,202122,1.0,#00D2BE
2021,202122,8.0,#DC0004
2021,202122,9.0,#2B4562
2021,202122,17.0,#2B4562
2021,202122,3.0,#00D2BE
2021,202122,4.0,#FF9800
2021,202122,19.0,#0090FF
2021,202122,13.0,#0090FF
2021,202122,6.0,#DC0004
2021,202122,15.0,#006F62
2021,202122,7.0,#FF9800
2021,202122,10.0,#006F62
2021,202122,16.0,#505050
2021,202122,5.0,#0600EF
2021,202122,18.0,#005AFF
2021,202122,12.0,#900000
2021,202122,14.0,#005AFF
2021,202122,11.0,#900000
2021,202122,20.0,#111111
2024,202418,4.0,#FF8000
2024,202418,2.0,#3671C6
2024,202418,28.0,#FF8000
2024,202418,14.0,#27F4D2
2024,202418,6.0,#E80020
2024,202418,1.0,#27F4D2
2024,202418,8.0,#E80020
2024,202418,19.0,#229971
2024,202418,25.0,#B6BABD
2024,202418,5.0,#3671C6
2024,202418,31.0,#64C4FF
2024,202418,9.0,#6692FF
2024,202418,13.0,#0093cc
2024,202418,10.0,#229971
2024,202418,23.0,#52e252
2024,202418,3.0,#52e252
2024,202418,17.0,#0093cc
2024,202418,7.0,#6692FF
2024,202418,22.0,#B6BABD
2024,202418,24.0,#64C4FF
2024,202419,6.0,#E80020
2024,202419,8.0,#E80020
2024,202419,2.0,#3671C6
2024,202419,4.0,#FF8000
2024,202419,28.0,#FF8000
2024,202419,14.0,#27F4D2
2024,202419,5.0,#3671C6
2024,202419,25.0,#B6BABD
2024,202419,29.0,#6692FF
2024,202419,31.0,#64C4FF
2024,202419,22.0,#B6BABD
2024,202419,17.0,#0093cc
2024,202419,19.0,#229971
2024,202419,9.0,#6692FF
2024,202419,10.0,#229971
2024,202419,24.0,#64C4FF
2024,202419,3.0,#52e252
2024,202419,13.0,#0093cc
2024,202419,23.0,#52e252
2024,202419,1.0,#27F4D2
2024,202420,8.0,#E80020
2024,202420,4.0,#FF8000
2024,202420,6.0,#E80020
2024,202420,1.0,#27F4D2
2024,202420,14.0,#27F4D2
2024,202420,2.0,#3671C6
2024,202420,22.0,#B6BABD
2024,202420,28.0,#FF8000
2024,202420,25.0,#B6BABD
2024,202420,17.0,#0093cc
2024,202420,10.0,#229971
2024,202420,31.0,#64C4FF
2024,202420,13.0,#0093cc
2024,202420,3.0,#52e252
2024,202420,23.0,#52e252
2024,202420,29.0,#6692FF
2024,202420,5.0,#3671C6
2024,202420,19.0,#229971
2024,202420,24.0,#64C4FF
2024,202420,9.0,#6692FF
