SprintIndex,SeasonID,DriverID,Team,FullName,Number,Abbreviation,FirstName,LastName,DriverIDT,CountryCode,Color,Engine,EngineColor,CountryCodeEng,CountryCodeRus,CountryColor,Teammate,TeammateAbb,RacesTotal,EventsTotal,GridPositionBest,ClassifiedPositionBest,GridPositionWorst,ClassifiedPositionWorst,RankPointsStability,RankConsistencyStability,RankPaceStability,RankOvertakesStability,RankStartStability,PointsStability,RacesParticipated,GridPositionAvg,ClassifiedPositionAvg,NotStartedAvg,GridRowAvg,RetiredAvg,DisqualifiedAvg,ClassifiedPositionOrderAvg,FinishTeammateAvg,FinishTeammateClearAvg,PaceAvg,ConsistencyAvg,QualiPositionAvg,WinnerQualificationAvg,WinnerRaceAvg,MistakesLossesAvg,MistakesLossesPerLapAvg,MistakesCountAvg,QualiTeammateDiscreteAvg,ConsistencyTeammateDiscreteAvg,PaceTeammateDiscreteAvg,StartTeammateDiscreteAvg,OvertakesTeammateDiscreteAvg,MistakesTeammateDiscreteAvg,QualiTeammateNormalizedAvg,ConsistencyTeammateNormalizedAvg,PaceTeammateNormalizedAvg,StartTeammateNormalizedAvg,OvertakesTeammateNormalizedAvg,MistakesTeammateNormalizedAvg,OvertakesAvg,OvertakesGainAvg,OvertakesLostAvg,OvertakesTotalAvg,StartAvg,StartGainAvg,StartLostAvg,StartTotalAvg,DistanceComplitedPercAvg,PointsClassifiedAvg,RankConsistencyAvg,RankPaceAvg,RankStartAvg,RankOvertakesAvg,RankPointsAvg,PointsConsistencyAvg,PointsPaceAvg,PointsStartAvg,PointsOvertakesAvg,PointsTimingAvg,RankTimingAvg,PointsActionsAvg,RankActionsAvg,ConsistencyNormalizedAvg,PaceNormalizedAvg,StartNormalizedAvg,OvertakesNormalizedAvg,QualiPositionNormalizedAvg,CardAvg,CardPointsAvg,CardConsistencyAvg,CardPaceAvg,CardStartAvg,CardOvertakesAvg,CardsEventAvg,FastestLapAvg,WinnerSprintAvg,SecondRaceAvg,SecondSprintAvg,ThirdRaceAvg,ThirdSprintAvg,LevelNormalizedAvg,PointsAvg,NotStartedSum,RetiredSum,DisqualifiedSum,ClassifiedPositionOrderSum,FinishTeammateSum,FinishTeammateClearSum,MistakesLossesSum,MistakesCountSum,DistanceComplitedLapsSum,QualiTeammateDiscreteSum,ConsistencyTeammateDiscreteSum,PaceTeammateDiscreteSum,StartTeammateDiscreteSum,OvertakesTeammateDiscreteSum,MistakesTeammateDiscreteSum,QualiTeammateNormalizedSum,ConsistencyTeammateNormalizedSum,PaceTeammateNormalizedSum,StartTeammateNormalizedSum,OvertakesTeammateNormalizedSum,MistakesTeammateNormalizedSum,OvertakesSum,OvertakesGainSum,OvertakesLostSum,OvertakesTotalSum,StartSum,StartGainSum,StartLostSum,StartTotalSum,PointsConsistencySum,PointsPaceSum,PointsStartSum,PointsOvertakesSum,PointsTimingSum,PointsActionsSum,CardSum,CardMultipleSum,CardPointsSum,CardConsistencySum,CardPaceSum,CardStartSum,CardOvertakesSum,CardsEventSum,FastestLapSum,PointsSum,PointsOfficialSum,WinnerRaceSum,PodiumRaceSum,SecondRaceSum,ThirdRaceSum,WinnerSprintSum,PodiumSprintSum,SecondSprintSum,ThirdSprintSum,WinnerQualiRaceSum,SecondQualiRaceSum,ThirdQualiRaceSum,WinnerQualiSprintSum,SecondQualiSprintSum,ThirdQualiSprintSum,QualiTeammateDiscreteClearSum,QualiTeammateDiscreteClearRaceSum,QualiTeammateDiscreteRaceSum,LapsLeadingSum,OvertakesGainPercent,OvertakesLostPercent,StartGainPercent,StartLostPercent,CountryPointsOfficial,TeamPointsOfficial,EnginePointsOfficial,DriverEventsAvailable,MistakesCountPerLapPerc,GridPositionAvgAllTeams,MistakesLossesAvgAllTeams,MistakesLossesPerLapAvgAllTeams,MistakesCountAvgAllTeams,MistakesCountPerLapPercAllTeams,CardAvgAllTeams,OvertakesSumAllTeams,OvertakesGainSumAllTeams,OvertakesLostSumAllTeams,OvertakesTotalSumAllTeams,StartSumAllTeams,StartGainSumAllTeams,StartLostSumAllTeams,StartTotalSumAllTeams,RacesParticipatedAllTeams,PointsOfficialSumAllTeams,CardSumAllTeams,CardMultipleSumAllTeams,CardsEventSumAllTeams,CardPointsSumAllTeams,CardPaceSumAllTeams,CardConsistencySumAllTeams,CardStartSumAllTeams,CardOvertakesSumAllTeams,MistakesCountSumAllTeams,WinnerRaceSumAllTeams,PodiumRaceSumAllTeams,SecondRaceSumAllTeams,ThirdRaceSumAllTeams,WinnerSprintSumAllTeams,PodiumSprintSumAllTeams,SecondSprintSumAllTeams,ThirdSprintSumAllTeams,WinnerQualiRaceSumAllTeams,SecondQualiRaceSumAllTeams,ThirdQualiRaceSumAllTeams,WinnerQualiSprintSumAllTeams,SecondQualiSprintSumAllTeams,ThirdQualiSprintSumAllTeams,QualiTeammateDiscreteClearSumAllTeams,QualiTeammateDiscreteClearRaceSumAllTeams,QualiTeammateDiscreteRaceSumAllTeams,LapsLeadingSumAllTeams,OvertakesGainPercentAllTeams,OvertakesLostPercentAllTeams,StartGainPercentAllTeams,StartLostPercentAllTeams,ChampionshipClassification,Podiums,P1,P2,P3,P4,P5,P6,P7,P8,P9,P10,P11,P12,P13,P14,P15,P16,P17,P18,P19,P20,RacesParticipatedProportion,RacesParticipatedGroup,RacesParticipatedProportionAllTeams,RacesParticipatedGroupAllTeams,Label
2,2021,4,McLaren,Lando Norris,4,NOR,Lando,Norris,4_McLaren,GBR,#FF9800,Mercedes,#707070,Great Britain,Великобритания,#314486,Daniel Ricciardo,RIC,25,22,1,2,18,10,7.0,9.958808443415718,5.115272026504391,9.681080526372186,8.52447456836295,1.2136411748065292,25,6.6,6.1,0.0,3.7,0.04,0.0,6.76,0.7083333333333334,0.7272727272727273,87.06178260869565,0.241,6.590909090909091,0.045454545454545456,0.0,3.433913043478259,0.05952068447248757,4.695652173913044,6.8181818181818175,4.583333333333333,7.916666666666666,2.5,7.5,4.8,5.59840177061133,4.967887537280199,5.333165481939029,4.506192062115105,5.320129693915122,5.158350436361997,1.391304347826087,1.84,0.56,2.4,-0.2916666666666667,0.2916666666666667,0.5833333333333334,1.0,95.72,0.9583333333333334,6.6,5.8,10.6,5.6,5.7,3.44,1.7608695652173914,1.517391304347826,1.7695652173913046,5.2,6.043478260869565,3.28695652173913,6.434782608695652,8.33,7.20,5.56,6.69,7.51,0.2916666666666667,0.08333333333333333,0.125,0.0,0.0,0.20833333333333334,0.4166666666666667,0.041666666666666664,0.0,0.041666666666666664,0.0,0.125,0.0,7.58,8.49,0,1,0,169,17.0,16.0,78.97999999999996,108.0,1284.0,15.0,11.0,19.0,6.0,18.0,12.0,12.316483895344925,11.426141335744457,12.266280608459768,10.814860949076252,12.236298296004781,11.864206003632594,32,46,14,60.0,-7,7,14,21.0,79.10000000000001,40.5,34.9,40.7,119.6,75.6,7,2,2,3,0,0.0,5.0,10.0,1.0,195.20,160,0.0,4,1.0,3.0,0.0,0,0.0,0.0,1,1,1,0,0,0,15.0,15.0,15,31.0,77,23.0,33,67.0,563.5,275,988.5,111,8.41,6.64,3.434,0.0595,4.70,8.41,0.29,32,46,14,60.0,-7,7,14,21.0,25,160,7,2,10,2,0,3,0,5,108,0,4,1,3,0,0,0,0,1,1,1,0,0,0,15,15,15,31,77,23.0,33,67.0,6,4.0,0.0,1.0,3.0,3.0,5.0,1.0,3.0,2.0,1.0,4.0,0.0,0.0,0.0,1.0,1.0,0.0,0.0,0.0,0.0,0.0,1.0,1,1.0,1,2021
2,2021,3,Mercedes,Valtteri Bottas,77,BOT,Valtteri,Bottas,3_Mercedes,FIN,#00D2BE,Mercedes,#707070,Finland,Финляндия,#04276B,Lewis Hamilton,HAM,25,22,1,1,18,15,8.3,10.543334613010476,6.423172335936726,9.222126601148947,8.35194233166528,1.4076830000292788,25,5.0,4.2,0.0,2.9,0.16,0.0,6.72,0.25,0.2631578947368421,87.33938095238095,0.294,3.772727272727273,0.13636363636363635,0.041666666666666664,3.9885454545454464,0.07089769595360622,4.913043478260869,2.2727272727272725,4.285714285714286,2.380952380952381,2.380952380952381,4.285714285714286,4.4,4.771452887901614,4.90818387425882,4.5741944926369245,4.702314602041467,4.959431735280465,5.272475850380502,0.8571428571428571,1.32,0.56,1.88,-0.4782608695652174,0.2608695652173913,0.7391304347826086,1.0,90.68,0.875,9.2,4.7,10.6,7.8,7.6,3.18,1.8142857142857143,1.5285714285714287,1.6595238095238096,4.9904761904761905,7.761904761904762,3.1880952380952383,8.285714285714286,7.27,8.12,5.28,6.23,8.89,0.2916666666666667,0.08333333333333333,0.125,0.08333333333333333,0.0,0.08333333333333333,0.375,0.125,0.08333333333333333,0.041666666666666664,0.0,0.375,0.041666666666666664,6.78,8.18,0,4,0,168,6.0,5.0,87.74799999999982,113.0,1197.0,5.0,9.0,5.0,5.0,9.0,11.0,10.497196353383549,9.81636774851764,9.148388985273849,9.87486066428708,9.91886347056093,11.599446870837106,18,33,14,47.0,-11,6,17,23.0,66.7,38.1,32.1,34.85,104.8,66.95,7,1,2,3,2,0.0,2.0,9.0,3.0,171.75,226,1.0,11,1.0,9.0,2.0,3,0.0,1.0,3,4,8,0,0,0,5.0,5.0,5,122.0,70,30.0,26,74.0,236,613.5,988.5,111,9.44,5.04,3.989,0.0709,4.91,9.44,0.29,18,33,14,47.0,-11,6,17,23.0,25,226,7,1,9,2,2,3,0,2,113,1,11,1,9,2,3,0,1,3,4,8,0,0,0,5,5,5,122,70,30.0,26,74.0,3,14.0,3.0,1.0,10.0,1.0,1.0,2.0,0.0,0.0,0.0,0.0,0.0,2.0,0.0,0.0,1.0,1.0,0.0,1.0,1.0,1.0,1.0,1,1.0,1,2021
2,2021,2,Red Bull Racing,Max Verstappen,33,VER,Max,Verstappen,2_Red_Bull_Racing,NLD,#1E5BC6,Honda,#DE0000,Netherlands,Нидерланды,#F75600,Sergio Perez,PER,25,22,1,1,20,9,3.5,6.158090444454183,2.4138847998278266,7.773860072891744,9.513875865917889,0.6787434277343987,25,2.7,1.9,0.0,1.8,0.12,0.0,3.84,0.875,1.0,85.61777272727272,0.174,2.8181818181818183,0.36363636363636365,0.375,2.6207826086956483,0.04585255015160181,5.304347826086956,9.09090909090909,8.571428571428571,9.523809523809524,6.190476190476191,5.238095238095238,7.6,5.651468293171536,5.973626061586157,5.622204177578593,5.071026995354949,4.982077211026579,6.227570102706307,0.8181818181818182,0.92,0.2,1.12,0.30434782608695654,0.5652173913043478,0.2608695652173913,1.0,93.32,0.9166666666666666,4.4,1.9,8.1,7.2,2.8,3.66,1.9568181818181818,1.6659090909090908,1.6909090909090911,5.620454545454546,3.409090909090909,3.3568181818181815,5.636363636363637,9.18,9.53,6.22,6.05,9.17,0.625,0.3333333333333333,0.16666666666666666,0.4166666666666667,0.0,0.041666666666666664,0.9583333333333334,0.375,0.041666666666666664,0.3333333333333333,0.08333333333333333,0.0,0.0,8.17,8.98,0,3,0,96,21.0,18.0,60.277999999999906,122.0,1272.0,20.0,18.0,20.0,13.0,11.0,19.0,11.868083415660227,11.947252123172314,11.244408355157185,10.649156690245393,9.964154422053157,14.323411236224507,18,23,5,28.0,7,13,6,19.0,80.6,43.05,36.65,37.2,123.65,73.85,15,7,8,4,10,0.0,1.0,23.0,9.0,197.50,395.5,9.0,18,8.0,0.0,1.0,3,2.0,0.0,8,5,8,0,0,0,20.0,20.0,20,670.0,82,18.0,68,32.0,395.5,585.5,585.5,111,9.59,2.72,2.621,0.0459,5.30,9.59,0.62,18,23,5,28.0,7,13,6,19.0,25,395.5,15,7,23,8,10,4,0,1,122,9,18,8,0,1,3,2,0,8,5,8,0,0,0,20,20,20,670,82,18.0,68,32.0,1,21.0,11.0,10.0,0.0,0.0,0.0,0.0,0.0,0.0,1.0,0.0,0.0,0.0,0.0,0.0,0.0,0.0,0.0,2.0,0.0,1.0,1.0,1,1.0,1,2021
2,2021,1,Mercedes,Lewis Hamilton,44,HAM,Lewis,Hamilton,1_Mercedes,GBR,#00D2BE,Mercedes,#707070,Great Britain,Великобритания,#314486,Valtteri Bottas,BOT,25,22,1,1,20,15,4.7,8.38217570593801,3.6788037237592146,8.879518556902257,9.582214805550445,0.8324211080851869,25,3.6,2.9,0.0,2.0,0.04,0.0,3.48,0.75,0.7368421052631579,85.95365217391304,0.224,2.1363636363636362,0.36363636363636365,0.3333333333333333,4.162181818181805,0.06893879037755436,5.791666666666667,7.727272727272727,5.7142857142857135,7.619047619047619,7.619047619047619,5.7142857142857135,5.2,5.228547112098386,5.091816125741179,5.425805507363075,5.297685397958533,5.040568264719535,5.636615058710406,1.3043478260869565,1.92,0.72,2.64,0.041666666666666664,0.5,0.4583333333333333,1.0,97.8,0.9583333333333334,7.7,2.3,8.5,6.4,4.8,3.33,1.9369565217391302,1.6217391304347826,1.7282608695652173,5.26304347826087,5.695652173913044,3.35,6.3478260869565215,7.84,9.42,6.11,6.55,9.36,0.5833333333333334,0.041666666666666664,0.0,0.4583333333333333,0.125,0.125,0.75,0.2916666666666667,0.0,0.3333333333333333,0.041666666666666664,0.0,0.0,7.32,8.61,0,1,0,87,18.0,14.0,91.56799999999971,139.0,1330.0,17.0,12.0,16.0,16.0,12.0,13.0,11.50280364661645,10.183632251482358,10.851611014726151,11.12513933571292,10.08113652943907,12.400553129162892,30,48,18,66.0,1,12,11,23.0,76.5,44.55,37.3,39.75,121.05,77.05,14,4,1,0,11,3.0,3.0,18.0,7.0,198.10,387.5,8.0,17,8.0,0.0,0.0,1,1.0,0.0,8,9,2,0,0,0,17.0,17.0,17,297.0,73,27.0,52,48.0,563.5,613.5,988.5,111,10.45,3.60,4.162,0.0689,5.79,10.45,0.58,30,48,18,66.0,1,12,11,23.0,25,387.5,14,4,18,1,11,0,3,3,139,8,17,8,0,0,1,1,0,8,9,2,0,0,0,17,17,17,297,73,27.0,52,48.0,2,18.0,8.0,9.0,1.0,1.0,3.0,0.0,1.0,0.0,0.0,0.0,0.0,0.0,0.0,0.0,1.0,0.0,1.0,0.0,0.0,0.0,1.0,1,1.0,1,2021
2,2021,6,Ferrari,Charles Leclerc,16,LEC,Charles,Leclerc,6_Ferrari,MON,#CC1400,Ferrari,#DC0004,Monaco,Монако,#D80000,Carlos Sainz,SAI,25,22,1,2,19,16,9.6,12.020545182873633,4.428361955665956,8.528028654224418,6.80272418058062,1.5407312594520879,25,6.6,6.4,0.04,3.5,0.04,0.0,7.48,0.6521739130434783,0.6818181818181818,87.47377272727273,0.264,6.636363636363637,0.09090909090909091,0.0,3.615818181818186,0.06696810294847708,5.2727272727272725,5.909090909090909,6.086956521739131,7.391304347826086,6.956521739130435,4.3478260869565215,5.2,5.2800865553836696,4.826332613924189,5.222816070536717,5.896368365346958,4.941288374596501,5.192449414879907,-0.045454545454545456,1.3333333333333333,1.375,2.7083333333333335,0.8636363636363636,0.9090909090909091,0.045454545454545456,1.0,91.68,0.9166666666666666,8.1,6.0,7.0,11.1,7.0,3.29,1.7522727272727272,1.6977272727272728,1.4954545454545454,5.038636363636363,7.409090909090909,3.1931818181818183,7.909090909090909,7.63,7.24,7.05,5.56,7.47,0.25,0.08333333333333333,0.08333333333333333,0.0,0.041666666666666664,0.041666666666666664,0.25,0.0,0.0,0.041666666666666664,0.0,0.0,0.0,7.19,8.23,1,1,0,187,15.0,15.0,79.54800000000009,116.0,1206.0,13.0,14.0,17.0,16.0,10.0,13.0,11.616190421844074,10.617931750633215,11.490195355180775,13.561647240298003,10.870834424112301,11.423388712735797,-1,32,33,65.0,19,20,1,21.0,72.3,38.55,37.35,32.9,110.85,70.25,6,0,2,2,0,1.0,1.0,6.0,0.0,181.10,159,0.0,1,1.0,0.0,0.0,0,0.0,0.0,2,0,0,0,0,0,13.0,13.0,13,60.0,49,51.0,95,5.0,159,323.5,336.5,111,9.62,6.58,3.616,0.0670,5.27,9.62,0.25,-1,32,33,65.0,19,20,1,21.0,25,159,6,0,6,2,0,2,1,1,116,0,1,1,0,0,0,0,0,2,0,0,0,0,0,13,13,13,60,49,51.0,95,5.0,7,1.0,0.0,1.0,0.0,7.0,3.0,3.0,3.0,3.0,0.0,1.0,0.0,0.0,0.0,0.0,1.0,1.0,0.0,1.0,0.0,1.0,1.0,1,1.0,1,2021
2,2021,17,Alpha Tauri,Pierre Gasly,10,GAS,Pierre,Gasly,17_Alpha_Tauri,FRA,#2B4562,Alpha Tauri,Alpha Tauri,France,Франция,#004CA2,Yuki Tsunoda,TSU,25,22,2,3,19,13,9.1,9.547113093550983,4.8384425506343955,9.19668132363088,7.128383604566522,1.438667146317986,25,7.2,7.6,0.0,3.4,0.2,0.0,9.84,0.7391304347826086,0.875,87.4262,0.289,6.818181818181818,0.0,0.0,3.967150000000006,0.06783292984660991,4.571428571428571,9.545454545454547,6.842105263157895,8.421052631578947,5.263157894736842,5.7894736842105265,6.800000000000001,6.107821733287953,5.511337130896381,5.507030203436227,5.132684564510219,5.162964408411418,6.312127386481176,1.05,1.84,0.96,2.8,-1.2173913043478262,0.043478260869565216,1.2608695652173914,1.0,84.6,0.8333333333333334,7.5,7.8,13.7,7.8,8.4,3.35,1.6600000000000001,1.3800000000000001,1.6625,5.015,7.5,3.0425,10.55,8.03,6.26,4.68,6.50,6.84,0.16666666666666666,0.0,0.08333333333333333,0.0,0.0,0.08333333333333333,0.16666666666666666,0.041666666666666664,0.0,0.0,0.0,0.041666666666666664,0.0,7.20,8.06,0,5,0,246,17.0,14.0,79.34300000000012,96.0,1169.0,21.0,13.0,16.0,10.0,11.0,17.0,12.215643466575907,9.920406835613486,9.91265436618521,9.752100672569416,9.293335935140552,12.624254772962354,21,46,24,70.0,-28,1,29,30.0,67.1,33.2,27.6,33.25,100.3,60.85,4,0,0,2,0,0.0,2.0,4.0,1.0,161.15,110,0.0,1,0.0,1.0,0.0,0,0.0,0.0,0,0,0,0,0,0,19.0,19.0,21,0.0,66,34.0,3,97.0,184,142,142,111,8.21,7.20,3.967,0.0678,4.57,8.21,0.17,21,46,24,70.0,-28,1,29,30.0,25,110,4,0,4,0,0,2,0,2,96,0,1,0,1,0,0,0,0,0,0,0,0,0,0,19,19,21,0,66,34.0,3,97.0,9,1.0,0.0,0.0,1.0,2.0,2.0,4.0,3.0,1.0,1.0,2.0,2.0,1.0,1.0,0.0,0.0,0.0,1.0,0.0,1.0,3.0,1.0,1,1.0,1,2021
2,2021,7,McLaren,Daniel Ricciardo,3,RIC,Daniel,Ricciardo,7_McLaren,AUS,#FF9800,Mercedes,#707070,Australia,Австралия,#F7C900,Lando Norris,NOR,25,22,2,1,20,13,10.2,10.6726658854032,7.4347402321023015,9.463507331560153,11.244000010311458,1.9099852036759,25,9.3,8.1,0.0,4.9,0.04,0.0,8.36,0.2916666666666667,0.2727272727272727,87.27104166666668,0.238,9.636363636363637,0.0,0.041666666666666664,4.081666666666668,0.06933189550949063,5.25,3.1818181818181817,5.416666666666666,2.0833333333333335,7.5,2.5,4.8,4.40159822938867,5.032112462719801,4.666834518060971,5.4938079378848945,4.679870306084878,5.056580831819751,0.25,1.4,1.16,2.56,0.25,0.9166666666666666,0.6666666666666666,2.0,98.24,1.0,7.7,8.6,8.0,9.3,7.9,3.33,1.6208333333333333,1.6520833333333333,1.5854166666666665,4.95,7.916666666666667,3.2375000000000003,8.125,8.06,6.11,6.67,5.73,5.96,0.25,0.125,0.08333333333333333,0.041666666666666664,0.16666666666666666,0.0,0.4166666666666667,0.041666666666666664,0.0,0.0,0.0,0.0,0.041666666666666664,7.44,8.19,0,1,0,209,7.0,6.0,97.96000000000002,126.0,1328.0,7.0,13.0,5.0,18.0,6.0,12.0,9.683516104655073,11.573858664255543,10.733719391540232,13.185139050923748,10.763701703995219,12.135793996367404,6,35,29,64.0,6,22,16,38.0,79.9,38.9,39.65,38.05,118.8,77.7,6,2,3,2,1,4.0,0.0,10.0,1.0,196.50,115,1.0,1,0.0,0.0,0.0,1,0.0,1.0,0,0,0,0,0,0,7.0,7.0,7,48.0,55,45.0,58,42.0,115,275,988.5,111,9.49,9.28,4.082,0.0693,5.25,9.49,0.25,6,35,29,64.0,6,22,16,38.0,25,115,6,2,10,3,1,2,4,0,126,1,1,0,0,0,1,0,1,0,0,0,0,0,0,7,7,7,48,55,45.0,58,42.0,8,2.0,1.0,0.0,1.0,2.0,3.0,4.0,2.0,0.0,2.0,0.0,3.0,4.0,2.0,0.0,0.0,0.0,0.0,0.0,1.0,0.0,1.0,1,1.0,1,2021
2,2021,5,Red Bull Racing,Sergio Perez,11,PER,Sergio,Perez,5_Red_Bull_Racing,MEX,#1E5BC6,Honda,#DE0000,Mexico,Мексика,#006640,Max Verstappen,VER,25,22,2,1,20,16,10.1,11.790376881719558,6.624106572118831,10.088783364883486,10.267566649464019,1.8579244109713176,25,7.7,6.0,0.0,2.4,0.12,0.0,7.96,0.125,0.0,86.50036363636364,0.335,6.409090909090909,0.0,0.041666666666666664,6.4036956521739095,0.14473199135953313,5.826086956521739,0.9090909090909092,1.4285714285714284,0.47619047619047616,3.8095238095238093,4.761904761904762,2.0,4.348531706828464,4.026373938413843,4.377795822421407,4.928973004645051,5.01792278897342,4.207212505989345,1.4545454545454546,2.4,1.12,3.52,0.13043478260869565,0.4782608695652174,0.34782608695652173,1.0,92.48,0.9166666666666666,10.9,4.7,9.9,6.7,8.4,3.01,1.8136363636363635,1.5613636363636365,1.7136363636363638,4.822727272727272,9.181818181818182,3.275,6.590909090909091,6.80,7.82,6.16,6.34,7.17,0.20833333333333334,0.041666666666666664,0.041666666666666664,0.0,0.0,0.16666666666666666,0.25,0.08333333333333333,0.0,0.0,0.0,0.16666666666666666,0.0,6.61,8.10,0,3,0,199,3.0,0.0,147.2849999999999,134.0,1246.0,2.0,3.0,1.0,8.0,10.0,5.0,9.131916584339773,8.052747876827686,8.755591644842815,10.350843309754607,10.03584557794684,9.676588763775493,32,60,28,88.0,3,11,8,19.0,66.2,39.9,34.35,37.7,106.1,72.05,5,2,1,1,0,0.0,4.0,6.0,2.0,178.15,190,1.0,5,0.0,4.0,0.0,0,0.0,0.0,0,1,2,0,0,0,1.0,1.0,2,46.0,68,32.0,58,42.0,190,585.5,585.5,111,10.75,7.68,6.404,0.1447,5.83,10.75,0.21,32,60,28,88.0,3,11,8,19.0,25,190,5,2,6,1,0,1,0,4,134,1,5,0,4,0,0,0,0,0,1,2,0,0,0,1,1,2,46,68,32.0,58,42.0,4,5.0,1.0,0.0,4.0,6.0,3.0,1.0,0.0,1.0,2.0,0.0,1.0,0.0,0.0,0.0,1.0,1.0,2.0,0.0,1.0,1.0,1.0,1,1.0,1,2021
2,2021,11,Alfa Romeo Racing,Kimi Räikkönen,7,RAI,Kimi,Räikkönen,11_Alfa_Romeo_Racing,FIN,#900000,Ferrari,#DC0004,Finland,Финляндия,#04276B,Antonio Giovinazzi,GIO,25,22,10,8,20,18,9.5,10.730074693308365,6.649099662043686,11.013017284450358,10.76984093123991,1.5585643416354502,22,15.2,12.5,0.0,7.0,0.09090909090909091,0.0,13.409090909090908,0.5238095238095238,0.5789473684210527,88.66247368421052,0.387,15.75,0.0,0.0,5.816550000000011,0.10219576949204134,5.45,3.5,3.5,6.0,6.0,4.5,4.545454545454545,4.438123793805011,4.399819859413694,5.076322387490944,5.300165166271928,5.169329744046905,5.195803864144228,-1.0,1.5,2.3636363636363638,3.8636363636363638,1.4761904761904763,1.9047619047619047,0.42857142857142855,2.0,91.95454545454545,0.9047619047619048,12.3,12.9,6.0,11.9,11.7,2.87,1.4026315789473685,1.7552631578947369,1.4552631578947368,4.271052631578947,12.578947368421053,3.210526315789474,8.368421052631579,5.93,4.75,7.53,4.78,3.08,0.23809523809523808,0.0,0.047619047619047616,0.0,0.19047619047619047,0.0,0.23809523809523808,0.0,0.0,0.0,0.0,0.0,0.0,5.99,7.48,0,2,0,295,11.0,11.0,116.33100000000022,109.0,1104.0,7.0,7.0,12.0,12.0,9.0,10.0,8.43243520822952,8.359657732886019,9.645012536232795,10.600330332543855,9.821726513689121,10.391607728288458,-19,33,52,85.0,31,40,9,49.0,54.5,26.65,33.35,27.65,81.15,61.0,5,0,0,1,0,4.0,0.0,5.0,0.0,142.15,10,0.0,0,0.0,0.0,0.0,0,0.0,0.0,0,0,0,0,0,0,6.0,6.0,7,0.0,39,61.0,82,18.0,236,13,336.5,111,9.87,15.18,5.817,0.1022,5.45,9.87,0.24,-19,33,52,85.0,31,40,9,49.0,22,10,5,0,5,0,0,1,4,0,109,0,0,0,0,0,0,0,0,0,0,0,0,0,0,6,6,7,0,39,61.0,82,18.0,16,0.0,0.0,0.0,0.0,0.0,0.0,0.0,0.0,2.0,0.0,2.0,3.0,3.0,3.0,1.0,3.0,0.0,1.0,2.0,1.0,1.0,0.88,1,0.88,1,2021
2,2021,10,Aston Martin,Lance Stroll,18,STR,Lance,Stroll,10_Aston_Martin,CAN,#006F62,Mercedes,#707070,Canada,Канада,#E30000,Sebastian Vettel,VET,25,22,7,6,20,14,9.3,10.933503645962926,5.92842686210166,9.694136608537155,9.532138274230572,1.5735963693389858,25,13.1,10.6,0.0,6.9,0.12,0.0,12.04,0.5416666666666666,0.5789473684210527,87.86973913043478,0.305,13.5,0.0,0.0,4.648956521739132,0.08137953052950983,4.782608695652174,3.6363636363636367,5.416666666666666,4.166666666666667,5.0,4.166666666666667,4.8,4.670176603924928,5.046494342973467,4.891660485252639,5.206609590260757,5.191777558083793,5.374131924574145,0.5217391304347826,2.24,1.76,4.0,0.8260869565217391,1.173913043478261,0.34782608695652173,1.0,92.16,0.9583333333333334,10.4,11.8,7.5,9.3,9.7,3.06,1.458695652173913,1.673913043478261,1.5847826086956522,4.519565217391304,10.782608695652174,3.258695652173913,7.434782608695652,7.12,5.15,7.00,5.95,4.14,0.08333333333333333,0.041666666666666664,0.041666666666666664,0.0,0.0,0.0,0.08333333333333333,0.0,0.0,0.0,0.0,0.0,0.0,6.91,7.78,0,3,0,301,13.0,11.0,106.92600000000003,110.0,1231.0,8.0,13.0,10.0,12.0,10.0,12.0,9.340353207849857,11.606936988838976,11.250819116081068,12.495863016625817,11.94108838359272,12.360503426520532,12,56,44,100.0,19,27,8,35.0,70.4,33.55,38.5,36.45,103.95,74.95,2,0,1,1,0,0.0,0.0,2.0,0.0,178.90,34,0.0,0,0.0,0.0,0.0,0,0.0,0.0,0,0,0,0,0,0,8.0,8.0,8,0.0,56,44.0,77,23.0,41,77,988.5,111,8.94,13.12,4.649,0.0814,4.78,8.94,0.08,12,56,44,100.0,19,27,8,35.0,25,34,2,0,2,1,0,1,0,0,110,0,0,0,0,0,0,0,0,0,0,0,0,0,0,8,8,8,0,56,44.0,77,23.0,13,0.0,0.0,0.0,0.0,0.0,0.0,1.0,1.0,4.0,1.0,3.0,3.0,2.0,2.0,4.0,0.0,0.0,0.0,0.0,2.0,2.0,1.0,1,1.0,1,2021
2,2021,9,Alpha Tauri,Yuki Tsunoda,22,TSU,Yuki,Tsunoda,9_Alpha_Tauri,JPN,#2B4562,Alpha Tauri,Alpha Tauri,Japan,Япония,#C60018,Pierre Gasly,GAS,25,22,7,4,20,17,8.9,10.34546139273505,7.060284629362972,10.637758446303655,12.921675470684788,1.5099353502401223,25,13.0,12.2,0.04,6.4,0.12,0.0,13.48,0.2608695652173913,0.125,88.11038095238095,0.316,12.818181818181818,0.0,0.0,5.6915,0.09726367038299755,4.545454545454546,0.4545454545454546,3.1578947368421053,1.5789473684210527,4.7368421052631575,4.2105263157894735,2.4,3.8921782667120466,4.488662869103619,4.492969796563772,4.867315435489782,4.837035591588581,5.187872613518822,0.6190476190476191,1.9166666666666667,1.2916666666666667,3.2083333333333335,-0.5909090909090909,0.6818181818181818,1.2727272727272727,2.0,86.24,0.875,10.6,12.2,12.9,8.9,11.2,3.04,1.4404761904761905,1.4238095238095236,1.6047619047619048,4.483333333333333,11.333333333333334,3.0285714285714285,11.333333333333334,6.95,5.07,5.18,6.06,4.30,0.08333333333333333,0.0,0.0,0.0,0.041666666666666664,0.041666666666666664,0.08333333333333333,0.0,0.0,0.0,0.0,0.0,0.0,6.54,7.51,1,3,0,337,6.0,2.0,113.82999999999998,100.0,1139.0,1.0,6.0,3.0,9.0,8.0,6.0,7.784356533424092,8.079593164386514,8.08734563381479,9.247899327430584,8.706664064859446,10.375745227037646,13,46,31,77.0,-13,15,28,43.0,63.9,30.25,29.9,33.7,94.15,63.6,2,0,0,0,0,1.0,1.0,2.0,0.0,157.75,32,0.0,0,0.0,0.0,0.0,0,0.0,0.0,0,0,0,0,0,0,1.0,1.0,1,0.0,60,40.0,35,65.0,32,142,142,111,8.78,13.04,5.691,0.0973,4.55,8.78,0.08,13,46,31,77.0,-13,15,28,43.0,25,32,2,0,2,0,0,0,1,1,100,0,0,0,0,0,0,0,0,0,0,0,0,0,0,1,1,1,0,60,40.0,35,65.0,14,0.0,0.0,0.0,0.0,1.0,0.0,1.0,1.0,0.0,2.0,2.0,0.0,2.0,2.0,2.0,4.0,3.0,1.0,0.0,1.0,3.0,1.0,1,1.0,1,2021
2,2021,8,Ferrari,Carlos Sainz,55,SAI,Carlos,Sainz,8_Ferrari,ESP,#CC1400,Ferrari,#DC0004,Spain,Испания,#F7B800,Charles Leclerc,LEC,25,22,2,2,19,11,8.5,9.489887829394654,4.826707102080606,11.373755705156487,12.412009144956862,1.2698781751452166,25,7.7,6.4,0.0,4.2,0.0,0.0,6.56,0.34782608695652173,0.3181818181818182,87.05433333333333,0.272,8.136363636363637,0.0,0.0,4.348130434782621,0.0728303373803079,5.333333333333333,4.090909090909091,3.9130434782608696,2.608695652173913,3.0434782608695654,5.652173913043478,4.4,4.71991344461633,5.173667386075812,4.777183929463284,4.103631634653042,5.058711625403499,5.468091864027914,0.8333333333333334,2.08,1.28,3.36,-0.4166666666666667,0.7083333333333334,1.125,2.0,99.8,1.0,8.4,6.8,10.6,8.1,7.5,3.26,1.7104166666666665,1.5208333333333333,1.6458333333333333,4.96875,7.625,3.1666666666666665,9.541666666666666,7.86,6.76,5.66,5.90,6.78,0.16666666666666666,0.08333333333333333,0.0,0.0,0.0,0.125,0.20833333333333334,0.0,0.0,0.041666666666666664,0.0,0.125,0.041666666666666664,7.17,8.14,0,0,0,164,8.0,7.0,100.00700000000029,128.0,1355.0,9.0,9.0,6.0,7.0,13.0,11.0,10.383809578155926,11.382068249366785,10.509804644819225,9.438352759701997,11.129165575887699,12.576611287264202,20,52,32,84.0,-10,17,27,44.0,78.2,41.05,36.5,39.5,119.25,76.0,4,1,2,0,0,0.0,3.0,5.0,0.0,195.25,164.5,0.0,4,1.0,3.0,0.0,1,0.0,1.0,0,1,0,0,0,0,9.0,9.0,9,12.0,62,38.0,39,61.0,245.5,323.5,336.5,111,9.45,7.68,4.348,0.0728,5.33,9.45,0.17,20,52,32,84.0,-10,17,27,44.0,25,164.5,4,1,5,2,0,0,0,3,128,0,4,1,3,0,1,0,1,0,1,0,0,0,0,9,9,9,12,62,38.0,39,61.0,5,5.0,0.0,1.0,4.0,0.0,2.0,5.0,5.0,4.0,0.0,1.0,3.0,0.0,0.0,0.0,0.0,0.0,0.0,0.0,0.0,0.0,1.0,1,1.0,1,2021
2,2021,12,Alfa Romeo Racing,Antonio Giovinazzi,99,GIO,Antonio,Giovinazzi,12_Alfa_Romeo_Racing,ITA,#900000,Ferrari,#DC0004,Italy,Италия,#009645,Kimi Räikkönen,RAI,25,22,7,8,20,16,8.8,7.9121077643926405,5.107539184552491,10.143535101128506,12.03346782212372,1.4487375813825447,25,13.4,12.8,0.0,6.6,0.04,0.0,12.96,0.5,0.5,87.87991666666666,0.310,14.045454545454545,0.0,0.0,5.389043478260865,0.09122774856340424,4.958333333333333,6.8181818181818175,6.956521739130435,4.782608695652174,3.9130434782608696,5.652173913043478,5.6000000000000005,5.785538477458177,5.616160889667076,5.157846732429282,4.613934574304842,5.104490030098793,5.361178535648198,-0.625,1.64,2.24,3.88,0.5,1.1666666666666667,0.6666666666666666,2.0,97.04,1.0,9.8,13.5,9.9,11.4,11.3,3.12,1.375,1.5562500000000001,1.48125,4.495833333333334,11.083333333333334,3.0375,10.958333333333334,7.21,4.67,6.52,4.95,3.97,0.125,0.0,0.0,0.0,0.125,0.0,0.125,0.0,0.0,0.0,0.0,0.0,0.0,6.72,7.53,0,1,0,324,12.0,11.0,123.9479999999999,119.0,1315.0,15.0,16.0,11.0,9.0,13.0,14.0,12.14963080266217,12.355553957267565,11.347262811344422,10.612049520901138,11.229878066217344,12.330710631990856,-15,41,56,97.0,12,28,16,44.0,74.9,33.0,37.35,35.55,107.9,72.9,3,0,0,0,0,3.0,0.0,3.0,0.0,180.80,3,0.0,0,0.0,0.0,0.0,0,0.0,0.0,0,0,0,0,0,0,15.0,15.0,15,0.0,42,58.0,64,36.0,3,13,336.5,111,9.05,13.44,5.389,0.0912,4.96,9.05,0.12,-15,41,56,97.0,12,28,16,44.0,25,3,3,0,3,0,0,0,3,0,119,0,0,0,0,0,0,0,0,0,0,0,0,0,0,15,15,15,0,42,58.0,64,36.0,18,0.0,0.0,0.0,0.0,0.0,0.0,0.0,0.0,1.0,1.0,1.0,4.0,2.0,5.0,4.0,5.0,1.0,1.0,0.0,0.0,0.0,1.0,1,1.0,1,2021
2,2021,14,Williams,George Russell,63,RUS,George,Russell,14_Williams,GBR,#005AFF,Mercedes,#707070,Great Britain,Великобритания,#314486,Nicholas Latifi,LAT,25,22,2,8,20,17,9.7,10.849621454884298,5.5256975426938935,11.27154022516972,11.23368382027521,1.640905673270536,25,12.9,13.3,0.0,6.8,0.2,0.0,13.88,0.625,0.7647058823529411,87.69295238095238,0.264,12.636363636363637,0.0,0.0,4.948217391304356,0.08614804138883514,4.5,9.09090909090909,5.454545454545454,5.909090909090909,4.545454545454545,4.090909090909091,4.8,6.125097926046102,5.255151785335115,5.284927294521298,4.671029579201484,4.444234379152283,5.256173052715618,-1.380952380952381,0.96,2.24,3.2,-0.75,0.6666666666666666,1.4166666666666667,2.0,89.44,0.875,9.1,14.3,13.6,12.5,12.2,3.19,1.3333333333333333,1.3857142857142857,1.4238095238095236,4.519047619047619,10.666666666666666,2.8095238095238093,14.047619047619047,7.68,4.32,4.72,4.17,4.20,0.08333333333333333,0.0,0.0,0.0,0.08333333333333333,0.0,0.08333333333333333,0.0,0.0,0.0,0.0,0.0,0.0,6.64,7.33,0,5,0,347,15.0,13.0,113.80900000000018,108.0,1202.0,20.0,12.0,13.0,10.0,9.0,12.0,13.475215437301426,11.035818749203742,11.098347318494724,10.276265074243266,9.332892196219793,12.089198021245922,-29,24,56,80.0,-18,16,34,50.0,66.9,28.0,29.1,29.9,94.9,59.0,2,0,0,0,0,2.0,0.0,2.0,0.0,153.90,16,0.0,1,0.0,0.0,0.0,0,0.0,0.0,0,1,1,0,0,0,20.0,20.0,20,0.0,30,70.0,32,68.0,563.5,23,988.5,111,8.99,12.92,4.948,0.0861,4.50,8.99,0.08,-29,24,56,80.0,-18,16,34,50.0,25,16,2,0,2,0,0,0,2,0,108,0,1,0,0,0,0,0,0,0,1,1,0,0,0,20,20,20,0,30,70.0,32,68.0,15,1.0,0.0,1.0,0.0,0.0,0.0,0.0,0.0,1.0,2.0,1.0,1.0,2.0,1.0,4.0,2.0,2.0,4.0,1.0,3.0,0.0,1.0,1,1.0,1,2021
2,2021,13,Alpine,Esteban Ocon,31,OCO,Esteban,Ocon,13_Alpine,FRA,#0090FF,Renault,#FAEF00,France,Франция,#004CA2,Fernando Alonso,ALO,25,22,5,1,19,14,9.8,8.907898144380042,7.650368522374496,11.770165527162163,11.535132792367385,1.60192659980688,25,10.8,9.5,0.0,5.7,0.12,0.0,10.6,0.4166666666666667,0.45,87.50363636363636,0.254,11.0,0.0,0.041666666666666664,5.0909545454545535,0.08846981823493054,5.7727272727272725,5.0,6.956521739130435,3.4782608695652173,5.652173913043478,5.652173913043478,6.0,5.0070152189444075,5.374574801706088,5.03304073696099,5.275417590699978,5.11670382255819,5.217774544778237,-0.36363636363636365,1.16,1.48,2.64,0.2608695652173913,0.782608695652174,0.5217391304347826,1.0,90.4,0.9166666666666666,8.9,11.8,9.9,10.4,10.3,3.21,1.4590909090909092,1.5454545454545454,1.5295454545454545,4.672727272727273,9.681818181818182,3.075,10.636363636363637,7.66,5.33,6.12,5.30,5.23,0.125,0.08333333333333333,0.125,0.0,0.041666666666666664,0.041666666666666664,0.2916666666666667,0.0,0.0,0.0,0.0,0.0,0.0,7.01,7.75,0,3,0,265,10.0,9.0,112.00100000000018,127.0,1213.0,11.0,16.0,8.0,13.0,13.0,15.0,11.015433481677697,11.824064563753392,11.072689621314177,12.13346045860995,11.256748409628017,11.479103998512123,-8,29,37,66.0,6,18,12,30.0,70.7,32.1,34.0,33.65,102.8,67.65,3,3,2,3,0,1.0,1.0,7.0,0.0,170.45,74,1.0,1,0.0,0.0,0.0,0,0.0,0.0,0,0,0,0,0,0,11.0,11.0,11,66.0,44,56.0,60,40.0,184,155,155,111,10.47,10.76,5.091,0.0885,5.77,10.47,0.12,-8,29,37,66.0,6,18,12,30.0,25,74,3,3,7,2,0,3,1,1,127,1,1,0,0,0,0,0,0,0,0,0,0,0,0,11,11,11,66,44,56.0,60,40.0,11,1.0,1.0,0.0,0.0,1.0,1.0,0.0,2.0,1.0,7.0,3.0,0.0,0.0,3.0,3.0,0.0,0.0,0.0,0.0,1.0,2.0,1.0,1,1.0,1,2021
2,2021,19,Alpine,Fernando Alonso,14,ALO,Fernando,Alonso,19_Alpine,ESP,#0090FF,Renault,#FAEF00,Spain,Испания,#F7B800,Esteban Ocon,OCO,25,22,3,3,19,17,7.0,8.157418602773157,7.627182510172304,8.273845643902865,12.383954087470597,1.1881586655378793,25,10.4,9.1,0.0,5.6,0.08,0.0,9.92,0.5416666666666666,0.55,87.67562500000001,0.351,11.0,0.0,0.0,5.308434782608703,0.09232016921845773,5.25,5.0,3.0434782608695654,6.521739130434783,4.3478260869565215,4.3478260869565215,3.5999999999999996,4.992984781055592,4.625425198293913,4.966959263039009,4.724582409300021,4.88329617744181,5.443867826733859,-0.6666666666666666,1.4,2.04,3.44,-0.4166666666666667,0.875,1.2916666666666667,2.0,97.28,1.0,11.9,10.8,10.6,11.6,12.4,2.91,1.5125,1.5208333333333333,1.46875,4.425,11.75,2.9895833333333335,11.458333333333334,6.54,5.27,5.69,5.11,5.36,0.125,0.0,0.0,0.0,0.125,0.0,0.125,0.0,0.0,0.0,0.0,0.041666666666666664,0.0,6.16,7.41,0,2,0,248,13.0,11.0,122.09400000000018,126.0,1318.0,11.0,7.0,15.0,10.0,10.0,9.0,10.984566518322302,10.175935436246608,10.92731037868582,10.866539541390049,10.743251590371983,12.520896001487877,-16,35,51,86.0,-10,21,31,52.0,69.9,36.3,36.5,35.25,106.2,71.75,3,0,0,0,0,3.0,0.0,3.0,0.0,177.95,81,0.0,1,0.0,1.0,0.0,0,0.0,0.0,0,0,0,0,0,0,11.0,11.0,11,2.0,41,59.0,40,60.0,245.5,155,155,111,9.56,10.44,5.308,0.0923,5.25,9.56,0.12,-16,35,51,86.0,-10,21,31,52.0,25,81,3,0,3,0,0,0,3,0,126,0,1,0,1,0,0,0,0,0,0,0,0,0,0,11,11,11,2,41,59.0,40,60.0,10,1.0,0.0,0.0,1.0,1.0,0.0,3.0,2.0,4.0,3.0,2.0,2.0,1.0,2.0,0.0,0.0,1.0,1.0,1.0,1.0,0.0,1.0,1,1.0,1,2021
2,2021,15,Aston Martin,Sebastian Vettel,5,VET,Sebastian,Vettel,15_Aston_Martin,GER,#006F62,Mercedes,#707070,Germany,Германия,#000000,Lance Stroll,STR,25,22,5,2,20,18,9.2,10.041809830106903,6.0184170571270466,10.553833389318127,10.931334371715334,1.4504871745307715,25,11.8,11.2,0.0,5.8,0.08,0.04,11.8,0.43478260869565216,0.42105263157894735,87.75856521739131,0.304,11.772727272727273,0.0,0.0,5.187863636363639,0.09008306839037772,4.913043478260869,6.363636363636363,4.583333333333333,5.833333333333334,5.0,5.833333333333334,4.583333333333333,5.329823396075072,4.953505657026531,5.108339514747361,4.793390409739242,4.808222441916207,4.836134806127031,-0.391304347826087,2.0,2.375,4.375,0.30434782608695654,1.0,0.6956521739130435,2.0,97.45833333333333,0.9583333333333334,9.9,10.3,9.7,9.1,10.0,3.11,1.5326086956521738,1.567391304347826,1.5934782608695652,4.645652173913044,10.217391304347826,3.1608695652173915,9.434782608695652,7.23,5.48,6.42,5.72,4.86,0.08695652173913043,0.0,0.043478260869565216,0.0,0.043478260869565216,0.0,0.08695652173913043,0.0,0.0,0.043478260869565216,0.0,0.0,0.0,6.84,7.81,0,2,1,295,10.0,8.0,114.13300000000007,113.0,1255.0,14.0,11.0,14.0,12.0,14.0,11.0,10.659646792150143,11.393063011161022,11.74918088391893,11.504136983374181,11.058911616407277,10.639496573479468,-9,48,57,105.0,7,23,16,39.0,71.6,35.25,36.05,36.65,106.85000000000001,72.7,2,0,0,1,0,1.0,0.0,2.0,0.0,179.55,43,0.0,1,1.0,0.0,0.0,0,0.0,0.0,0,0,0,0,0,0,12.0,12.0,14,4.0,46,54.0,59,41.0,43,77,988.5,111,9.0,11.84,5.188,0.0901,4.91,9.00,0.09,-9,48,57,105.0,7,23,16,39.0,25,43,2,0,2,0,0,1,1,0,113,0,1,1,0,0,0,0,0,0,0,0,0,0,0,12,12,14,4,46,54.0,59,41.0,12,1.0,0.0,1.0,0.0,0.0,2.0,0.0,1.0,1.0,1.0,3.0,2.0,4.0,3.0,0.0,2.0,1.0,1.0,1.0,1.0,1.0,1.0,1,1.0,1,2021
2,2021,16,Haas F1 Team,Mick Schumacher,47,MSC,Mick,Schumacher,16_Haas_F1_Team,GER,#505050,Ferrari,#DC0004,Germany,Германия,#000000,Nikita Mazepin,MAZ,25,22,14,12,19,19,4.3,7.582732719662187,3.1195515273195493,5.6146068004633705,11.011312903451046,1.066054342644812,25,17.4,16.8,0.0,9.0,0.12,0.0,17.12,0.6956521739130435,0.75,88.64059090909092,0.401,18.19047619047619,0.0,0.0,9.474636363636364,0.16000728402519956,5.608695652173913,9.09090909090909,5.0,8.5,7.0,6.0,6.4,6.136345609165712,5.810865428703921,6.72718694879069,5.118752413315216,4.99928374979678,6.6318739315159645,-2.0,0.36,2.12,2.48,-0.043478260869565216,0.8695652173913043,0.9130434782608695,2.0,89.2,0.9166666666666666,15.8,17.6,11.3,15.5,17.4,2.52,1.1681818181818182,1.4772727272727273,1.2750000000000001,3.690909090909091,16.772727272727273,2.752272727272727,15.545454545454545,4.10,2.37,6.37,3.70,1.82,0.0,0.0,0.0,0.0,0.0,0.0,0.0,0.0,0.0,0.0,0.0,0.0,0.0,4.40,6.44,0,3,0,428,16.0,12.0,208.442,129.0,1196.0,20.0,10.0,17.0,14.0,12.0,16.0,12.272691218331424,11.040644314537449,12.78165520270231,10.237504826630431,9.498639124613883,14.590122649335122,-44,9,53,62.0,-1,20,21,41.0,55.5,25.7,32.5,28.05,81.2,60.55,0,0,0,0,0,0.0,0.0,0.0,0.0,141.75,0,0.0,0,0.0,0.0,0.0,0,0.0,0.0,0,0,0,0,0,0,20.0,20.0,20,0.0,15,85.0,49,51.0,43,0,336.5,111,10.79,17.40,9.475,0.1600,5.61,10.79,0.00,-44,9,53,62.0,-1,20,21,41.0,25,0,0,0,0,0,0,0,0,0,129,0,0,0,0,0,0,0,0,0,0,0,0,0,0,20,20,20,0,15,85.0,49,51.0,19,0.0,0.0,0.0,0.0,0.0,0.0,0.0,0.0,0.0,0.0,0.0,0.0,1.0,1.0,1.0,1.0,6.0,1.0,7.0,5.0,2.0,1.0,1,1.0,1,2021
2,2021,18,Williams,Nicholas Latifi,6,LAT,Nicholas,Latifi,18_Williams,CAN,#005AFF,Mercedes,#707070,Canada,Канада,#E30000,George Russell,RUS,25,22,9,7,20,19,9.3,10.035510074260944,6.795720578556638,9.450516015775374,12.159675468937541,1.6901364633727465,25,16.0,15.3,0.0,7.8,0.16,0.0,15.56,0.2916666666666667,0.23529411764705882,88.27926086956522,0.303,16.40909090909091,0.0,0.0,5.4432608695652185,0.09430260394565372,5.260869565217392,0.9090909090909092,4.545454545454545,4.090909090909091,5.454545454545454,5.909090909090909,4.8,3.8749020739538977,4.744848214664885,4.715072705478701,5.328970420798516,5.555765620847717,5.178609555980033,-0.8695652173913043,1.04,1.84,2.88,-0.5652173913043478,0.6521739130434783,1.2173913043478262,2.0,93.04,0.9583333333333334,12.2,15.0,12.7,12.7,13.8,2.88,1.3,1.4173913043478261,1.4173913043478261,4.178260869565217,13.043478260869565,2.8347826086956522,14.0,6.69,3.88,5.33,4.78,2.64,0.08333333333333333,0.0,0.041666666666666664,0.0,0.041666666666666664,0.0,0.08333333333333333,0.0,0.0,0.0,0.0,0.0,0.0,6.14,7.01,0,4,0,389,7.0,4.0,125.19500000000002,121.0,1252.0,2.0,10.0,9.0,12.0,13.0,12.0,8.524784562698574,9.964181250796258,9.901652681505274,11.723734925756734,11.667107803780207,11.910801978754078,-20,26,46,72.0,-13,15,28,43.0,66.2,29.9,32.6,32.6,96.1,65.2,2,0,0,1,0,1.0,0.0,2.0,0.0,161.30,7,0.0,0,0.0,0.0,0.0,0,0.0,0.0,0,0,0,0,0,0,2.0,2.0,2,0.0,36,64.0,35,65.0,41,23,988.5,111,9.66,16.00,5.443,0.0943,5.26,9.66,0.08,-20,26,46,72.0,-13,15,28,43.0,25,7,2,0,2,0,0,1,1,0,121,0,0,0,0,0,0,0,0,0,0,0,0,0,0,2,2,2,0,36,64.0,35,65.0,17,0.0,0.0,0.0,0.0,0.0,0.0,0.0,1.0,0.0,1.0,0.0,1.0,1.0,0.0,2.0,2.0,7.0,4.0,3.0,2.0,1.0,1.0,1,1.0,1,2021
2,2021,20,Haas F1 Team,Nikita Mazepin,9,MAZ,Nikita,Mazepin,20_Haas_F1_Team,RUS,#505050,Ferrari,#DC0004,Russia,Россия,#1922A4,Mick Schumacher,MSC,25,22,15,14,20,20,4.0,6.6893473837925805,2.2918620331397292,11.713689696922549,11.380852759077834,0.9219401738781782,25,18.3,18.0,0.04,9.5,0.2,0.0,17.96,0.2608695652173913,0.25,88.67275,0.499,19.59090909090909,0.0,0.0,11.491000000000005,0.20405261998245777,5.619047619047619,0.9090909090909092,5.0,1.5,3.0,4.0,3.2,3.8636543908342884,4.189134571296079,3.27281305120931,4.8812475866847835,5.000716250203219,4.480893976507085,-1.75,0.4166666666666667,1.875,2.2916666666666665,-0.09090909090909091,0.5909090909090909,0.6818181818181818,1.0,80.8,0.8333333333333334,16.6,18.9,12.0,14.2,17.8,2.44,1.1025,1.4525000000000001,1.3375,3.5375,17.55,2.79,15.0,3.15,1.06,5.82,4.01,1.24,0.041666666666666664,0.0,0.0,0.0,0.0,0.041666666666666664,0.041666666666666664,0.0,0.0,0.0,0.0,0.0,0.0,3.72,6.33,1,5,0,449,6.0,4.0,241.31100000000012,118.0,1069.0,2.0,10.0,3.0,6.0,8.0,8.0,7.727308781668577,7.959355685462549,6.218344797297689,9.762495173369567,9.501360875386116,9.409877350664878,-35,10,45,55.0,-2,13,15,28.0,48.7,22.05,29.05,26.75,70.75,55.8,1,0,0,0,0,0.0,1.0,1.0,0.0,126.55,0,0.0,0,0.0,0.0,0.0,0,0.0,0.0,0,0,0,0,0,0,0.0,0.0,2,0.0,18,82.0,46,54.0,0,0,336.5,111,11.04,18.33,11.491,0.2041,5.62,11.04,0.04,-35,10,45,55.0,-2,13,15,28.0,25,0,1,0,1,0,0,0,0,1,118,0,0,0,0,0,0,0,0,0,0,0,0,0,0,0,0,2,0,18,82.0,46,54.0,20,0.0,0.0,0.0,0.0,0.0,0.0,0.0,0.0,0.0,0.0,0.0,0.0,0.0,0.0,2.0,0.0,1.0,7.0,5.0,4.0,6.0,1.0,1,1.0,1,2021
2,2021,21,Alfa Romeo Racing,Robert Kubica,88,KUB,Robert,Kubica,21_Alfa_Romeo_Racing,POL,#900000,Ferrari,#DC0004,Poland,Польша,#E70028,Antonio Giovinazzi,GIO,25,22,16,14,19,18,7.0,6.0,4.163331998932264,16.65332799572906,13.856406460551018,1.5947831618540909,3,17.0,15.7,0.0,9.0,0.0,0.0,15.666666666666666,0.0,0.0,84.11133333333333,0.218,18.5,0.0,0.0,4.020999999999977,0.06805282020564986,5.0,0.0,0.0,0.0,6.666666666666666,3.333333333333333,0.0,2.089669945541547,4.282627699488053,3.359082174742607,5.95873382185002,3.161318066978444,4.25893879906895,-2.3333333333333335,0.6666666666666666,3.0,3.6666666666666665,0.0,0.3333333333333333,0.3333333333333333,1.0,99.0,1.0,12.0,16.3,12.0,13.3,14.3,2.90,1.2333333333333334,1.45,1.3833333333333335,4.133333333333334,13.333333333333334,2.8333333333333335,13.0,6.63,3.23,7.00,3.25,1.79,0.0,0.0,0.0,0.0,0.0,0.0,0.0,0.0,0.0,0.0,0.0,0.0,0.0,6.13,6.97,0,0,0,47,0.0,0.0,12.062999999999931,15.0,141.0,0.0,0.0,0.0,2.0,1.0,0.0,0.41793398910830937,1.284788309846416,1.007724652422782,1.787620146555006,0.9483954200935332,1.2776816397206852,-7,2,9,11.0,0,1,1,2.0,8.7,3.7,4.35,4.15,12.4,8.5,0,0,0,0,0,0.0,0.0,0.0,0.0,20.90,0,0.0,0,0.0,0.0,0.0,0,0.0,0.0,0,0,0,0,0,0,0.0,0.0,0,0.0,18,82.0,50,50.0,0,13,336.5,111,10.64,17.00,4.021,0.0681,5.00,10.64,0.00,-7,2,9,11.0,0,1,1,2.0,3,0,0,0,0,0,0,0,0,0,15,0,0,0,0,0,0,0,0,0,0,0,0,0,0,0,0,0,0,18,82.0,50,50.0,21,0.0,0.0,0.0,0.0,0.0,0.0,0.0,0.0,0.0,0.0,0.0,0.0,0.0,0.0,1.0,1.0,0.0,0.0,1.0,0.0,0.0,0.12,0,0.12,0,2021
