SprintIndex,SeasonID,RaceID,LapNumber,LapNumberFlow,Team,14_Laptime,35_Laptime,14_PaceDiff,35_PaceDiff,14_PaceDiffClear,35_PaceDiffClear,PaceMarker,PaceDiffTeammateDelta,PaceDiffTeammateBetter,PaceDiffClearTeammateDelta,PaceDiffClearTeammateBetter,PaceDiffTeammateMean,PaceDiffClearTeammateMean,PaceDiffTeammateBetterMode
0,2025,2025020,1.0,1,Mercedes,,,,,,,,,,,,,,14
0,2025,2025020,2.0,2,Mercedes,,,,,,,,,,,,,,14
0,2025,2025020,3.0,3,Mercedes,96.045,96.659,-0.921,-0.307,-0.921,-0.307,96.966,0.6140000000000001,14,0.6140000000000001,14,-0.614,-0.614,14
0,2025,2025020,4.0,4,Mercedes,95.891,96.518,-1.039,-0.412,-1.039,-0.412,96.969,0.627,14,0.627,14,-0.7254999999999999,-0.7254999999999999,14
0,2025,2025020,5.0,5,Mercedes,96.394,96.311,-0.787,-0.87,-1.055,-0.87,97.268,-0.08299999999999996,35,0.18499999999999994,14,-0.8285,-0.9624999999999999,14
0,2025,2025020,6.0,6,Mercedes,96.361,96.859,-0.917,-0.419,-0.917,-0.767,97.324,0.49800000000000005,14,0.15000000000000002,14,-0.668,-0.8420000000000001,14
0,2025,2025020,7.0,7,Mercedes,96.653,96.711,-0.664,-0.606,-0.664,-0.606,97.342,0.05800000000000005,14,0.05800000000000005,14,-0.635,-0.635,14
0,2025,2025020,8.0,8,Mercedes,96.719,97.259,-0.838,-0.298,-0.838,-0.298,97.557,0.54,14,0.54,14,-0.568,-0.568,14
0,2025,2025020,9.0,9,Mercedes,96.949,97.318,-0.943,-0.574,-0.943,-0.574,98.052,0.369,14,0.369,14,-0.7585,-0.7585,14
0,2025,2025020,10.0,10,Mercedes,97.323,97.745,-0.873,-0.451,-0.873,-0.451,98.221,0.422,14,0.422,14,-0.662,-0.662,14
0,2025,2025020,11.0,11,Mercedes,97.753,98.266,-0.665,-0.152,-0.912,-0.152,98.552,0.513,14,0.76,14,-0.40850000000000003,-0.532,14
0,2025,2025020,12.0,12,Mercedes,97.688,98.306,-0.712,-0.094,-0.712,-0.094,98.4,0.618,14,0.618,14,-0.40299999999999997,-0.40299999999999997,14
0,2025,2025020,13.0,13,Mercedes,97.442,98.56,-0.919,0.199,-0.919,0.199,98.361,1.118,14,1.118,14,-0.36,-0.36,14
0,2025,2025020,14.0,14,Mercedes,98.041,98.596,-0.638,-0.083,-0.638,-0.083,98.708,0.555,14,0.555,14,-0.3605,-0.3605,14
0,2025,2025020,15.0,15,Mercedes,98.304,98.995,-0.598,0.093,-0.598,0.093,99.096,0.691,14,0.691,14,-0.2525,-0.2525,14
0,2025,2025020,16.0,16,Mercedes,98.083,98.941,-0.832,0.026,-0.832,0.026,98.947,0.858,14,0.858,14,-0.40299999999999997,-0.40299999999999997,14
0,2025,2025020,17.0,17,Mercedes,98.186,99.278,-0.846,0.246,-0.846,0.246,99.25,1.092,14,1.092,14,-0.3,-0.3,14
0,2025,2025020,18.0,18,Mercedes,98.313,99.083,-0.906,-0.136,-0.906,-0.136,99.244,0.77,14,0.77,14,-0.521,-0.521,14
0,2025,2025020,19.0,19,Mercedes,99.034,99.249,-1.658,-1.443,-1.658,-1.443,100.692,0.21499999999999986,14,0.21499999999999986,14,-1.5505,-1.5505,14
0,2025,2025060,1.0,20,Mercedes,,,,,,,,,,,,,,14
0,2025,2025060,2.0,21,Mercedes,,,,,,,,,,,,,,14
0,2025,2025060,3.0,22,Mercedes,,,,,,,,,,,,,,14
0,2025,2025060,4.0,23,Mercedes,,,,,,,,,,,,,,14
0,2025,2025060,5.0,24,Mercedes,101.412,101.3,-0.76,-0.872,-0.76,-0.872,102.172,-0.11199999999999999,35,-0.11199999999999999,35,-0.8160000000000001,-0.8160000000000001,14
0,2025,2025060,6.0,25,Mercedes,100.963,101.012,-1.165,-1.116,-1.165,-1.116,102.197,0.04899999999999993,14,0.04899999999999993,14,-1.1405,-1.1405,14
0,2025,2025060,7.0,26,Mercedes,101.579,102.089,-0.645,-0.135,-0.645,-0.717,102.255,0.51,14,-0.07199999999999995,35,-0.39,-0.681,14
0,2025,2025060,8.0,27,Mercedes,101.598,102.003,-1.013,-0.608,-1.013,-0.608,102.683,0.4049999999999999,14,0.4049999999999999,14,-0.8105,-0.8105,14
0,2025,2025060,9.0,28,Mercedes,102.188,102.244,-0.565,-0.509,-0.565,-0.509,102.753,0.05599999999999994,14,0.05599999999999994,14,-0.5369999999999999,-0.5369999999999999,14
0,2025,2025060,10.0,29,Mercedes,103.422,102.251,0.022,-1.149,-0.852,-1.149,103.557,-1.171,35,-0.29700000000000004,35,-0.5635,-1.0005,14
0,2025,2025060,11.0,30,Mercedes,102.908,102.681,-0.559,-0.786,-0.559,-0.786,103.506,-0.22699999999999998,35,-0.22699999999999998,35,-0.6725000000000001,-0.6725000000000001,14
0,2025,2025060,12.0,31,Mercedes,103.644,,0.992,,0.992,,102.652,,,,,0.992,0.992,14
0,2025,2025060,13.0,32,Mercedes,,,,,,,98.356,,,,,,,14
0,2025,2025060,14.0,33,Mercedes,,,,,,,,,,,,,,14
0,2025,2025060,15.0,34,Mercedes,,,,,,,,,,,,,,14
0,2025,2025060,16.0,35,Mercedes,,,,,,,,,,,,,,14
0,2025,2025060,17.0,36,Mercedes,,,,,,,,,,,,,,14
0,2025,2025060,18.0,37,Mercedes,,,,,,,,,,,,,,14
0,2025,2025130,1.0,38,Mercedes,,,,,,,,,,,,,,14
0,2025,2025130,2.0,39,Mercedes,,,,,,,,,,,,,,14
0,2025,2025130,3.0,40,Mercedes,107.57,108.189,0.075,0.694,0.075,0.694,107.495,0.619,14,0.619,14,0.38449999999999995,0.38449999999999995,14
0,2025,2025130,4.0,41,Mercedes,107.278,107.902,0.028,0.652,0.028,0.652,107.313,0.624,14,0.624,14,0.34,0.34,14
0,2025,2025130,5.0,42,Mercedes,107.363,106.698,0.163,-0.502,0.163,-0.502,107.293,-0.665,35,-0.665,35,-0.16949999999999998,-0.16949999999999998,14
0,2025,2025130,6.0,43,Mercedes,107.673,107.351,0.437,0.115,0.437,0.115,107.262,-0.322,35,-0.322,35,0.276,0.276,14
0,2025,2025130,7.0,44,Mercedes,107.852,107.503,0.631,0.282,0.631,0.282,107.259,-0.34900000000000003,35,-0.34900000000000003,35,0.4565,0.4565,14
0,2025,2025130,8.0,45,Mercedes,107.894,108.104,0.54,0.75,0.54,0.389,107.425,0.20999999999999996,14,-0.15100000000000002,35,0.645,0.4645,14
0,2025,2025130,9.0,46,Mercedes,107.617,107.983,0.188,0.554,0.188,0.554,107.452,0.36600000000000005,14,0.36600000000000005,14,0.371,0.371,14
0,2025,2025130,10.0,47,Mercedes,107.604,107.849,0.225,0.47,0.225,0.47,107.414,0.24499999999999997,14,0.24499999999999997,14,0.3475,0.3475,14
0,2025,2025130,11.0,48,Mercedes,107.964,107.826,0.451,0.313,0.214,0.313,107.567,-0.138,35,0.099,14,0.382,0.2635,14
0,2025,2025130,12.0,49,Mercedes,107.851,108.061,0.298,0.508,0.298,0.508,107.553,0.21000000000000002,14,0.21000000000000002,14,0.403,0.403,14
0,2025,2025130,13.0,50,Mercedes,107.854,108.284,0.188,0.618,0.188,0.618,107.726,0.43,14,0.43,14,0.403,0.403,14
0,2025,2025130,14.0,51,Mercedes,107.931,108.679,0.146,0.894,0.146,0.894,107.864,0.748,14,0.748,14,0.52,0.52,14
0,2025,2025130,15.0,52,Mercedes,108.152,108.942,0.23,1.02,0.23,1.02,107.922,0.79,14,0.79,14,0.625,0.625,14
0,2025,2025190,1.0,53,Mercedes,,,,,,,,,,,,,,14
0,2025,2025190,2.0,54,Mercedes,,,,,,,,,,,,,,14
0,2025,2025190,3.0,55,Mercedes,,,,,,,,,,,,,,14
0,2025,2025190,4.0,56,Mercedes,,,,,,,,,,,,,,14
0,2025,2025190,5.0,57,Mercedes,,,,,,,,,,,,,,14
0,2025,2025190,6.0,58,Mercedes,,,,,,,,,,,,,,14
0,2025,2025190,7.0,59,Mercedes,96.556,99.077,-1.844,0.677,-1.844,0.677,98.4,2.521,14,2.521,14,-0.5835,-0.5835,14
0,2025,2025190,8.0,60,Mercedes,97.857,97.758,-0.555,-0.654,-0.555,-0.654,98.475,-0.09899999999999998,35,-0.09899999999999998,35,-0.6045,-0.6045,14
0,2025,2025190,9.0,61,Mercedes,97.932,98.616,-0.626,0.058,-0.626,0.058,98.977,0.684,14,0.684,14,-0.284,-0.284,14
0,2025,2025190,10.0,62,Mercedes,97.714,98.926,-0.923,0.289,-0.923,0.289,98.652,1.212,14,1.212,14,-0.31700000000000006,-0.31700000000000006,14
0,2025,2025190,11.0,63,Mercedes,98.188,99.131,-0.863,0.08,-0.863,0.08,99.132,0.943,14,0.943,14,-0.3915,-0.3915,14
0,2025,2025190,12.0,64,Mercedes,98.359,98.98,-0.825,-0.204,-0.825,-0.204,99.418,0.621,14,0.621,14,-0.5145,-0.5145,14
0,2025,2025190,13.0,65,Mercedes,97.864,98.819,-1.029,-0.074,-1.029,-0.074,98.893,0.955,14,0.955,14,-0.5515,-0.5515,14
0,2025,2025190,14.0,66,Mercedes,97.946,99.026,-0.9,0.18,-0.9,0.18,98.928,1.08,14,1.08,14,-0.36,-0.36,14
0,2025,2025190,15.0,67,Mercedes,97.761,99.17,-0.992,0.417,-0.992,0.417,98.753,1.409,14,1.409,14,-0.2875,-0.2875,14
0,2025,2025190,16.0,68,Mercedes,,,,,,,,,,,,,,14
0,2025,2025190,17.0,69,Mercedes,,,,,,,,,,,,,,14
0,2025,2025190,18.0,70,Mercedes,,,,,,,,,,,,,,14
0,2025,2025190,19.0,71,Mercedes,,,,,,,,,,,,,,14
0,2025,2025210,1.0,72,Mercedes,,,,,,,,,,,,,,14
0,2025,2025210,2.0,73,Mercedes,,,,,,,,,,,,,,14
0,2025,2025210,3.0,74,Mercedes,73.743,73.47,-0.777,-1.05,-0.777,-1.05,74.52,-0.273,35,-0.273,35,-0.9135,-0.9135,14
0,2025,2025210,4.0,75,Mercedes,73.52,72.971,-0.428,-0.977,-0.428,-0.977,73.948,-0.5489999999999999,35,-0.5489999999999999,35,-0.7025,-0.7025,14
0,2025,2025210,5.0,76,Mercedes,73.542,72.967,-0.214,-0.789,-0.214,-0.789,73.756,-0.5750000000000001,35,-0.5750000000000001,35,-0.5015000000000001,-0.5015000000000001,14
0,2025,2025210,6.0,77,Mercedes,,,,,,,,,,,,,,14
0,2025,2025210,7.0,78,Mercedes,,,,,,,,,,,,,,14
0,2025,2025210,8.0,79,Mercedes,,,,,,,,,,,,,,14
0,2025,2025210,9.0,80,Mercedes,75.071,74.567,-0.907,-1.411,-0.907,-1.411,75.978,-0.504,35,-0.504,35,-1.159,-1.159,14
0,2025,2025210,10.0,81,Mercedes,72.263,72.138,-1.368,-1.493,-1.368,-1.493,73.693,-0.125,35,-0.125,35,-1.4305,-1.4305,14
0,2025,2025210,11.0,82,Mercedes,72.712,72.24,-0.748,-1.22,-0.748,-1.22,73.46,-0.472,35,-0.472,35,-0.984,-0.984,14
0,2025,2025210,12.0,83,Mercedes,72.731,72.29,-0.67,-1.111,-0.67,-1.111,73.424,-0.44099999999999995,35,-0.44099999999999995,35,-0.8905000000000001,-0.8905000000000001,14
0,2025,2025210,13.0,84,Mercedes,72.628,72.368,-0.733,-0.993,-0.733,-0.993,73.374,-0.26,35,-0.26,35,-0.863,-0.863,14
0,2025,2025210,14.0,85,Mercedes,72.57,72.621,-0.99,-0.939,-0.99,-1.081,73.831,0.051000000000000045,14,-0.09099999999999997,35,-0.9644999999999999,-1.0354999999999999,14
0,2025,2025210,15.0,86,Mercedes,72.81,72.589,-0.885,-1.106,-1.061,-1.106,73.714,-0.22100000000000009,35,-0.04500000000000015,35,-0.9955,-1.0835,14
0,2025,2025210,16.0,87,Mercedes,72.697,72.705,-1.228,-1.22,-1.228,-1.22,73.943,0.008000000000000007,14,0.008000000000000007,14,-1.224,-1.224,14
0,2025,2025210,17.0,88,Mercedes,72.926,72.891,-1.113,-1.148,-1.113,-1.148,74.16,-0.03499999999999992,35,-0.03499999999999992,35,-1.1305,-1.1305,14
0,2025,2025210,18.0,89,Mercedes,73.141,73.306,-0.867,-0.702,-1.03,-0.956,74.032,0.16500000000000004,14,0.07400000000000007,14,-0.7845,-0.993,14
0,2025,2025210,19.0,90,Mercedes,73.031,73.214,-1.004,-0.821,-1.004,-0.821,74.304,0.18300000000000005,14,0.18300000000000005,14,-0.9125,-0.9125,14
0,2025,2025210,20.0,91,Mercedes,73.129,73.082,-0.696,-0.743,-0.696,-0.743,73.97,-0.04700000000000004,35,-0.04700000000000004,35,-0.7195,-0.7195,14
0,2025,2025210,21.0,92,Mercedes,73.042,73.303,-0.733,-0.472,-0.733,-0.472,73.839,0.261,14,0.261,14,-0.6025,-0.6025,14
0,2025,2025210,22.0,93,Mercedes,73.054,73.113,-0.69,-0.631,-0.69,-0.631,73.846,0.05899999999999994,14,0.05899999999999994,14,-0.6605,-0.6605,14
0,2025,2025210,23.0,94,Mercedes,72.881,72.862,-1.287,-1.306,-1.287,-1.306,74.168,-0.019000000000000128,35,-0.019000000000000128,35,-1.2965,-1.2965,14
0,2025,2025210,24.0,95,Mercedes,74.991,74.984,-2.69,-2.697,-2.69,-2.697,77.681,-0.007000000000000117,35,-0.007000000000000117,35,-2.6935000000000002,-2.6935000000000002,14
0,2025,2025230,1.0,96,Mercedes,,,,,,,,,,,,,,14
0,2025,2025230,2.0,97,Mercedes,,,,,,,,,,,,,,14
0,2025,2025230,3.0,98,Mercedes,85.197,85.536,-0.724,-0.385,-0.724,-0.385,85.921,0.33899999999999997,14,0.33899999999999997,14,-0.5545,-0.5545,14
0,2025,2025230,4.0,99,Mercedes,85.011,85.634,-0.679,-0.056,-0.679,-0.056,85.69,0.623,14,0.623,14,-0.36750000000000005,-0.36750000000000005,14
0,2025,2025230,5.0,100,Mercedes,84.925,85.601,-0.664,0.012,-0.664,0.012,85.589,0.676,14,0.676,14,-0.326,-0.326,14
0,2025,2025230,6.0,101,Mercedes,84.856,85.574,-0.797,-0.079,-0.797,-0.079,85.659,0.7180000000000001,14,0.7180000000000001,14,-0.438,-0.438,14
0,2025,2025230,7.0,102,Mercedes,84.985,85.527,-0.767,-0.225,-0.907,-0.225,85.811,0.542,14,0.682,14,-0.496,-0.5660000000000001,14
0,2025,2025230,8.0,103,Mercedes,84.834,85.597,-0.986,-0.223,-0.986,-0.223,85.869,0.763,14,0.763,14,-0.6045,-0.6045,14
0,2025,2025230,9.0,104,Mercedes,84.929,85.685,-0.931,-0.175,-0.931,-0.175,85.929,0.756,14,0.756,14,-0.553,-0.553,14
0,2025,2025230,10.0,105,Mercedes,84.864,85.46,-1.131,-0.535,-1.131,-0.535,86.009,0.596,14,0.596,14,-0.833,-0.833,14
0,2025,2025230,11.0,106,Mercedes,85.045,85.741,-1.072,-0.376,-1.19,-0.376,86.336,0.6960000000000001,14,0.814,14,-0.724,-0.7829999999999999,14
0,2025,2025230,12.0,107,Mercedes,84.989,85.936,-1.228,-0.281,-1.228,-0.281,86.296,0.947,14,0.947,14,-0.7545,-0.7545,14
0,2025,2025230,13.0,108,Mercedes,84.961,85.111,-1.028,-0.878,-1.028,-0.878,86.073,0.15000000000000002,14,0.15000000000000002,14,-0.9530000000000001,-0.9530000000000001,14
0,2025,2025230,14.0,109,Mercedes,85.132,85.096,-0.669,-0.705,-0.955,-0.705,85.816,-0.03599999999999992,35,0.25,14,-0.687,-0.83,14
0,2025,2025230,15.0,110,Mercedes,84.732,85.075,-0.909,-0.566,-0.909,-0.566,85.735,0.3430000000000001,14,0.3430000000000001,14,-0.7375,-0.7375,14
0,2025,2025230,16.0,111,Mercedes,84.564,84.967,-0.999,-0.596,-0.999,-0.596,86.239,0.403,14,0.403,14,-0.7975,-0.7975,14
0,2025,2025230,17.0,112,Mercedes,84.669,84.845,-0.733,-0.557,-0.733,-0.557,85.495,0.17599999999999993,14,0.17599999999999993,14,-0.645,-0.645,14
0,2025,2025230,18.0,113,Mercedes,84.585,84.726,-0.769,-0.628,-0.769,-0.628,85.62,0.14100000000000001,14,0.14100000000000001,14,-0.6985,-0.6985,14
0,2025,2025230,19.0,114,Mercedes,85.823,84.464,0.263,-1.096,0.263,-1.096,85.56,-1.359,35,-1.359,35,-0.41650000000000004,-0.41650000000000004,14
