SeasonID,RaceID,SprintIndex,FullName,Team,Q,G,P,PLabel,POrder,Time,PointsOfficial,Number,Abbreviation,DriverID,TeamID,Color,DriverIDT,NationID,EngineID,QPart,QNorm,QTDiscr,QTDiscrClear,QTNorm,GLabel,NotStarted,PitLaneStart,GRow,GOrder,Retired,Disqualified,PTeammate,PTeammateClear,DistanceLaps,DistancePerc,Overtakes,OvertakesGain,OvertakesLost,OvertakesTotal,PFirstLap,Start,StartGain,StartLost,StartTotal,LaptimeSeriesActual,Pace,PaceSec,Consistency,ConsistencyClear,ConsistencyMistakesDiff,RankConsistency,PointsConsistency,RankPace,PointsPace,RankStart,PointsStart,RankOvertakes,PointsOvertakes,RankPoints,PointsClassified,RankStartChart,RankTiming,PointsTiming,RankActions,PointsActions,MistakesCount,MistakesCountPerLap,MistakesLosses,MistakesLossesPerLap,ConsistencyNormalized,StartNormalized,PaceNormalized,OvertakesNormalized,MistakesLossesPerLapNormalized,ConsistencyNormalizedRaceMean,PaceNormalizedRaceMean,StartNormalizedRaceMean,OvertakesNormalizedRaceMean,ConsistencyTeammateDiscrete,ConsistencyTeammateNormalized,PaceTeammateDiscrete,PaceTeammateNormalized,StartTeammateDiscrete,StartTeammateNormalized,OvertakesTeammateDiscrete,OvertakesTeammateNormalized,RankMistakes,MistakesTeammateDiscrete,MistakesTeammateNormalized,TeamPointsOfficial,EnginePointsOfficial,NationPointsOfficial,Card,CardMultiple,CardPoints,CardConsistency,CardPace,CardStart,CardOvertakes,CardsEvent,FastestLap,Win,Second,Third,Podium,QWin,QSecond,QThird,QPodium,LapsLeading,LevelNormalized,Points,RankPointsStr
2023,2023031,1,Carlos Sainz,Ferrari,5.0,5,12,12,12,+6.594,0,55,SAI,8,5,#E01A00,8-5,7,3,1,8.0,1,1.0,0.5333333333333333,5,0,0,3.0,5.0,0,0,1.0,,58.0,100,7,7.0,0.0,7.0,4.0,1,1.0,0.0,1.0,1,82.21,01:22.210,0.224,0.188,0.036000000000000004,3,3.80,3,1.90,3,1.90,2,1.95,1,1,2,2,5.70,1,3.85,4,0.06896551724137931,1.963,0.0338448275862063,9.03,10.00,8.97,9.36,7.59,7.41,6.03,7.00,5.16,,,,,,,,,3.0,1.0,1.0,0.0,8.0,15.0,1.0,0,1.0,0.0,0.0,0.0,0.0,1.0,0.0,0.0,0.0,0.0,0.0,0.0,0.0,0.0,0.0,0,9.246666666666666,9.55,
2023,2023031,1,Lando Norris,McLaren,13.0,13,6,6,6,+3.701,8,4,NOR,4,9,#EE853F,4-9,10,1,1,4.0,1,1.0,0.6153846153846154,13,0,0,7.0,13.0,0,0,1.0,1.0,58.0,100,1,3.0,2.0,5.0,11.0,0,0.0,0.0,0.0,1,82.617,01:22.617,0.206,0.169,0.03699999999999998,2,3.90,7,1.70,10,1.55,6,1.75,2,1,8,3,5.60,7,3.30,5,0.08620689655172414,2.581,0.044500000000000296,9.37,7.00,7.28,5.50,6.41,7.41,6.03,7.00,5.16,1.0,0.5438189204875217,1.0,0.5678627145085804,0.0,0.4117647058823529,1.0,0.5664263645726055,8.0,1.0,0.658787255909558,12.0,57.0,26.0,0.0,0,0.0,0.0,0.0,0.0,0.0,0.0,0.0,0.0,0.0,0.0,0.0,0.0,0.0,0.0,0.0,0,8.33,8.90,
2023,2023031,1,Pierre Gasly,Alpine,9.0,9,13,13,13,,0,10,GAS,17,3,#0E8EDD,17-3,9,4,1,6.0,1,1.0,0.5454545454545454,9,0,0,5.0,9.0,0,0,1.0,1.0,56.0,97,0,2.0,2.0,4.0,8.0,0,0.0,0.0,0.0,1,82.388,01:22.388,0.234,0.165,0.069,4,3.70,4,1.85,6,1.75,10,1.55,3,1,4,4,5.55,6,3.30,4,0.07142857142857142,3.519,0.0628392857142858,8.84,7.00,8.23,4.86,4.38,7.41,6.03,7.00,5.16,1.0,0.5318892900120337,1.0,0.5483011325782812,1.0,0.5,0.0,0.41716738197424896,10.0,0.0,0.48397790055248613,0.0,0.0,0.0,0.0,0,0.0,0.0,0.0,0.0,0.0,0.0,0.0,0.0,0.0,0.0,0.0,0.0,0.0,0.0,0.0,0,7.87,8.85,
2023,2023031,1,Fernando Alonso,Aston Martin,4.0,4,3,3,3,+0.769,15,14,ALO,19,4,#23675D,19-4,7,1,1,8.5,1,1.0,0.53125,4,0,0,2.0,4.0,0,0,1.0,1.0,58.0,100,0,0.0,0.0,0.0,5.0,-1,0.0,1.0,1.0,1,82.185,01:22.185,0.172,0.161,0.010999999999999982,1,4.00,2,1.95,16,1.25,9,1.60,4,1,14,1,5.95,13,2.85,2,0.034482758620689655,0.703,0.012120689655172465,10.00,4.00,9.08,4.86,10.0,7.41,6.03,7.00,5.16,1.0,0.5408328826392644,1.0,0.5263768115942029,1.0,0.5,1.0,0.5765124555160143,1.0,1.0,0.7507507507507507,27.0,57.0,15.0,1.0,0,0.0,1.0,0.0,0.0,0.0,1.0,0.0,0.0,0.0,1.0,1.0,0.0,0.0,0.0,0.0,0,8.143333333333333,8.80,
2023,2023031,1,Max Verstappen,Red Bull Racing,1.0,1,1,1,1,2:32:38.371,25,1,VER,2,14,#405585,2-14,16,2,1,10.0,1,,,1,0,0,1.0,1.0,0,0,1.0,1.0,58.0,100,1,1.0,0.0,1.0,3.0,-2,0.0,2.0,2.0,1,81.963,01:21.963,0.259,0.154,0.10500000000000001,6,3.50,1,2.00,19,1.10,5,1.80,5,1,17,5,5.50,12,2.90,4,0.06896551724137931,4.649,0.08015517241379312,8.38,1.00,10.00,5.50,2.47,7.41,6.03,7.00,5.16,1.0,0.5270440251572327,1.0,0.5497526113249038,0.0,0.125,0.0,0.3548387096774194,16.0,0.0,0.23170731707317074,36.0,37.0,25.0,1.0,0,0.0,0.0,1.0,0.0,0.0,1.0,0.0,1.0,0.0,0.0,1.0,1.0,0.0,0.0,1.0,47,6.670000000000001,8.40,
2023,2023031,1,Esteban Ocon,Alpine,11.0,11,14,14,14,,0,31,OCO,13,3,#0E8EDD,13-3,9,4,1,5.0,0,0.0,0.45454545454545453,11,0,0,6.0,11.0,0,0,0.0,0.0,56.0,97,3,4.0,1.0,5.0,15.0,0,0.0,0.0,0.0,1,82.737,01:22.737,0.291,0.221,0.06999999999999998,9,3.20,9,1.60,8,1.65,4,1.85,6,1,6,9,4.80,2,3.50,3,0.05357142857142857,3.373,0.060232142857142686,7.78,7.00,6.78,6.79,4.67,7.41,6.03,7.00,5.16,0.0,0.4681107099879663,0.0,0.45169886742171883,0.0,0.5,1.0,0.582832618025751,9.0,1.0,0.5160220994475138,0.0,0.0,0.0,0.0,0,0.0,0.0,0.0,0.0,0.0,0.0,0.0,0.0,0.0,0.0,0.0,0.0,0.0,0.0,0.0,0,7.485,8.30,
2023,2023031,1,Oscar Piastri,McLaren,16.0,16,8,8,8,+5.382,4,81,PIA,28,9,#EE853F,28-9,2,1,1,2.5,0,0.0,0.38461538461538464,16,0,0,8.0,16.0,0,0,0.0,0.0,58.0,100,-1,2.0,3.0,5.0,13.0,1,1.0,0.0,1.0,1,83.033,01:23.033,0.287,0.206,0.08099999999999999,7,3.40,11,1.50,5,1.80,12,1.45,7,1,3,7,4.90,8,3.25,5,0.08620689655172414,4.203,0.07246551724137887,7.86,10.00,5.54,4.21,3.32,7.41,6.03,7.00,5.16,0.0,0.4561810795124782,0.0,0.43213728549141966,1.0,0.5882352941176471,0.0,0.4335736354273944,14.0,0.0,0.3412127440904419,12.0,57.0,4.0,0.0,0,0.0,0.0,0.0,0.0,0.0,0.0,0.0,0.0,0.0,0.0,0.0,0.0,0.0,0.0,0.0,0,7.608333333333333,8.15,
2023,2023031,1,Sergio Perez,Red Bull Racing,,PLS,5,5,5,+3.320,11,11,PER,5,14,#405585,5-14,14,2,0,,0,,,PLS,0,1,,20.0,0,0,0.0,0.0,58.0,100,8,10.0,2.0,12.0,18.0,0,0.0,0.0,0.0,1,82.397,01:22.397,0.305,0.283,0.02200000000000002,11,3.00,5,1.80,14,1.35,1,2.00,8,1,12,8,4.80,5,3.35,3,0.05172413793103448,1.653,0.028500000000000345,7.52,7.00,8.19,10.00,8.19,7.41,6.03,7.00,5.16,0.0,0.47295597484276725,0.0,0.4502473886750962,1.0,0.875,1.0,0.6451612903225806,2.0,1.0,0.7682926829268292,36.0,37.0,11.0,1.0,0,0.0,0.0,0.0,0.0,1.0,1.0,1.0,0.0,0.0,0.0,0.0,0.0,0.0,0.0,0.0,0,7.846666666666667,8.15,
2023,2023031,1,Lance Stroll,Aston Martin,6.0,6,4,4,4,+3.082,12,18,STR,10,4,#23675D,10-4,4,1,1,7.5,0,0.0,0.46875,6,0,0,3.0,6.0,0,0,0.0,0.0,58.0,100,-2,1.0,3.0,4.0,7.0,-1,0.0,1.0,1.0,1,82.403,01:22.403,0.253,0.197,0.055999999999999994,5,3.60,6,1.75,17,1.20,14,1.35,9,1,15,6,5.35,16,2.55,10,0.1724137931034483,4.199,0.07239655172413913,8.49,4.00,8.17,3.57,3.32,7.41,6.03,7.00,5.16,0.0,0.4591671173607355,0.0,0.4736231884057971,0.0,0.5,0.0,0.42348754448398573,13.0,0.0,0.24924924924924924,27.0,57.0,12.0,0.0,0,0.0,0.0,0.0,0.0,0.0,0.0,0.0,0.0,0.0,0.0,0.0,0.0,0.0,0.0,0.0,0,6.921666666666667,7.90,
2023,2023031,1,Yuki Tsunoda,Alpha Tauri,12.0,12,10,10,10,+6.052,1,22,TSU,9,2,#5F86E1,9-2,13,2,1,4.5,1,1.0,0.6,12,0,0,6.0,12.0,0,0,1.0,1.0,58.0,100,-6,1.0,7.0,8.0,10.0,0,0.0,0.0,0.0,1,83.495,01:23.495,0.288,0.210,0.07799999999999999,8,3.30,14,1.35,9,1.60,16,1.25,10,1,7,10,4.65,14,2.85,5,0.08620689655172414,4.003,0.0690172413793101,7.84,7.00,3.62,1.00,3.7,7.41,6.03,7.00,5.16,1.0,0.5315254237288135,1.0,0.7835497835497836,1.0,0.6363636363636364,1.0,0.5,12.0,1.0,0.5580693815987934,1.0,37.0,1.0,0.0,0,0.0,0.0,0.0,0.0,0.0,0.0,0.0,0.0,0.0,0.0,0.0,0.0,0.0,0.0,0.0,0,6.56,7.50,
2023,2023031,1,Guanyu Zhou,Alfa Romeo,17.0,17,9,9,9,+5.713,2,24,ZHO,23,1,#752020,23-1,5,3,1,2.0,1,1.0,0.6666666666666666,17,0,0,9.0,17.0,0,0,1.0,1.0,58.0,100,1,5.0,4.0,9.0,16.0,0,0.0,0.0,0.0,1,83.384,01:23.384,0.314,0.279,0.034999999999999976,12,2.90,13,1.40,12,1.45,7,1.70,11,1,10,13,4.30,9,3.15,2,0.034482758620689655,2.012,0.03468965517241429,7.35,7.00,4.08,5.50,7.5,7.41,6.03,7.00,5.16,0.0,0.48934753661784286,1.0,0.6053412462908012,1.0,0.5,1.0,0.5,5.0,1.0,0.5074424898511501,2.0,8.0,2.0,0.0,0,0.0,0.0,0.0,0.0,0.0,0.0,0.0,0.0,0.0,0.0,0.0,0.0,0.0,0.0,0.0,0,6.983333333333333,7.45,
2023,2023031,1,Nico Hulkenberg,Haas F1 Team,10.0,10,7,7,7,+4.939,6,27,HUL,25,7,#505050,25-7,11,3,1,5.5,1,1.0,0.6111111111111112,10,0,0,5.0,10.0,0,0,1.0,1.0,58.0,100,-2,1.0,3.0,4.0,9.0,0,0.0,0.0,0.0,1,82.697,01:22.697,0.328,0.244,0.08400000000000002,13,2.80,8,1.65,7,1.70,15,1.30,12,1,5,11,4.45,10,3.00,2,0.034482758620689655,3.814,0.06575862068965554,7.09,7.00,6.94,3.57,4.06,7.41,6.03,7.00,5.16,1.0,0.5197947214076246,1.0,0.6147032772364925,1.0,0.5,0.0,0.306701030927835,11.0,1.0,0.8023715415019763,6.0,8.0,6.0,0.0,0,0.0,0.0,0.0,0.0,0.0,0.0,0.0,0.0,0.0,0.0,0.0,0.0,0.0,0.0,0.0,0,6.488333333333333,7.45,
2023,2023031,1,Kevin Magnussen,Haas F1 Team,14.0,14,17,17,17,,0,20,MAG,22,7,#505050,22-7,6,3,1,3.5,0,0.0,0.3888888888888889,14,0,0,7.0,14.0,0,0,0.0,0.0,52.0,90,5,6.0,1.0,7.0,12.0,0,0.0,0.0,0.0,1,83.319,01:23.319,0.357,0.271,0.08599999999999997,15,2.60,12,1.45,11,1.50,3,1.90,13,1,9,14,4.05,4,3.40,6,0.11538461538461539,4.856,0.09338461538461637,6.55,7.00,4.35,8.07,1.0,7.41,6.03,7.00,5.16,0.0,0.48020527859237533,0.0,0.3852967227635075,0.0,0.5,1.0,0.6932989690721649,18.0,0.0,0.19762845849802374,6.0,8.0,0.0,0.0,0,0.0,0.0,0.0,0.0,0.0,0.0,0.0,0.0,0.0,0.0,0.0,0.0,0.0,0.0,0.0,0,6.878333333333333,7.45,
2023,2023031,1,Lewis Hamilton,Mercedes,3.0,3,2,2,2,+0.179,18,44,HAM,1,10,#08ABA3,1-10,10,1,1,9.0,0,0.0,0.4864864864864865,3,0,0,2.0,3.0,0,0,1.0,,58.0,100,-1,0.0,1.0,1.0,2.0,1,1.0,0.0,1.0,1,83.0,01:23.000,0.655,0.662,0.007000000000000006,17,2.40,10,1.55,2,1.95,11,1.50,14,1,1,15,3.95,3,3.45,4,0.06896551724137931,2.476,0.04268965517241378,1.00,10.00,5.68,4.21,6.61,7.41,6.03,7.00,5.16,,,,,,,,,7.0,0.0,0.46713780918727915,18.0,57.0,26.0,0.0,0,0.0,0.0,0.0,0.0,0.0,0.0,0.0,0.0,1.0,0.0,1.0,0.0,0.0,1.0,1.0,5,3.035,7.40,
2023,2023031,1,Valtteri Bottas,Alfa Romeo,19.0,PLS,11,11,11,+6.513,0,77,BOT,3,1,#752020,3-1,8,3,1,1.0,0,0.0,0.3333333333333333,PLS,0,1,,19.0,0,0,0.0,0.0,58.0,100,1,3.0,2.0,5.0,19.0,0,0.0,0.0,0.0,1,83.725,01:23.725,0.297,0.280,0.01699999999999996,10,3.10,15,1.30,15,1.30,8,1.65,15,1,13,12,4.40,11,2.95,5,0.08620689655172414,2.128,0.03668965517241355,7.67,7.00,2.66,5.50,7.28,7.41,6.03,7.00,5.16,1.0,0.5106524633821571,0.0,0.39465875370919884,0.0,0.5,0.0,0.5,6.0,0.0,0.4925575101488498,2.0,8.0,0.0,0.0,0,0.0,0.0,0.0,0.0,0.0,0.0,0.0,0.0,0.0,0.0,0.0,0.0,0.0,0.0,0.0,0,7.196666666666666,7.35,
2023,2023031,1,Logan Sargeant,Williams,18.0,18,16,16,16,,0,2,SAR,27,18,#0B4BCD,27-18,21,1,1,1.5,0,0.0,0.1875,18,0,0,9.0,18.0,0,0,1.0,,56.0,97,-1,1.0,2.0,3.0,17.0,0,0.0,0.0,0.0,1,83.879,01:23.879,0.477,0.352,0.125,16,2.50,16,1.25,13,1.40,13,1.40,16,1,11,17,3.75,15,2.80,3,0.05357142857142857,4.793,0.08558928571428583,4.32,7.00,2.02,4.21,1.86,7.41,6.03,7.00,5.16,,,,,,,,,17.0,1.0,1.0,0.0,57.0,0.0,0.0,0,0.0,0.0,0.0,0.0,0.0,0.0,0.0,0.0,0.0,0.0,0.0,0.0,0.0,0.0,0.0,0,4.748333333333334,6.55,
2023,2023031,1,Nyck De Vries,Alpha Tauri,15.0,15,15,15,15,,0,21,DEV,26,2,#5F86E1,26-2,16,2,1,3.0,0,0.0,0.4,15,0,0,8.0,15.0,0,0,0.0,0.0,56.0,97,-6,1.0,7.0,8.0,14.0,-1,0.0,1.0,1.0,1,84.124,01:24.124,0.338,0.258,0.08000000000000002,14,2.70,17,1.20,18,1.15,17,1.20,17,1,16,16,3.90,17,2.35,5,0.08928571428571429,4.256,0.0759999999999995,6.91,4.00,1.00,1.00,2.93,7.41,6.03,7.00,5.16,0.0,0.46847457627118644,0.0,0.21645021645021645,0.0,0.36363636363636365,0.0,0.5,15.0,0.0,0.4419306184012066,1.0,37.0,25.0,0.0,0,0.0,0.0,0.0,0.0,0.0,0.0,0.0,0.0,0.0,0.0,0.0,0.0,0.0,0.0,0.0,0,5.44,6.25,
2023,2023031,1,George Russell,Mercedes,2.0,2,-,DNF,18,-,0,63,RUS,14,10,#08ABA3,14-10,10,1,1,9.5,1,1.0,0.5135135135135135,2,0,0,1.0,2.0,1,0,0.0,,17.0,29,-,2.0,10.0,12.0,1.0,1,1.0,0.0,1.0,0,-,-,1.216,1.310,0.09400000000000008,DNC,DNC,DNC,DNC,1,DNC,DNC,DNC,DNC,0,18,DNC,DNC,DNC,DNC,1,0.058823529411764705,0.584,0.03435294117647077,-,10.00,-,-,7.54,7.41,6.03,7.00,5.16,,,,,,,,,4.0,1.0,0.5328621908127208,18.0,57.0,26.0,1.0,0,0.0,0.0,0.0,1.0,0.0,1.0,0.0,0.0,0.0,0.0,0.0,0.0,1.0,0.0,1.0,6,,DNC,
2023,2023031,1,Alexander Albon,Williams,8.0,8,-,DNF,19,-,0,23,ALB,24,18,#0B4BCD,24-18,20,1,1,6.5,1,1.0,0.8125,8,0,0,4.0,8.0,1,0,0.0,,6.0,10,-,0.0,0.0,0.0,6.0,1,1.0,0.0,1.0,0,-,-,0.145,0.145,0.0,DNC,DNC,DNC,DNC,4,DNC,DNC,DNC,DNC,0,20,DNC,DNC,DNC,DNC,0,0.0,-,,-,10.00,-,-,,7.41,6.03,7.00,5.16,,,,,,,,,20.0,0.0,,0.0,57.0,0.0,0.0,0,0.0,0.0,0.0,0.0,0.0,0.0,0.0,0.0,0.0,0.0,0.0,0.0,0.0,0.0,0.0,0,,DNC,
2023,2023031,1,Charles Leclerc,Ferrari,7.0,7,-,DNF,20,-,0,16,LEC,6,5,#E01A00,6-5,15,3,1,7.0,0,0.0,0.4666666666666667,7,0,0,4.0,7.0,1,0,0.0,,0.0,0,-,0.0,0.0,0.0,,-,-,-,,0,-,-,-,-,,DNC,DNC,DNC,DNC,DNC,DNC,DNC,DNC,DNC,0,19,DNC,DNC,DNC,DNC,-,,-,,-,-,-,-,,7.41,6.03,7.00,5.16,,,,,,,,,,0.0,,0.0,8.0,0.0,0.0,0,0.0,0.0,0.0,0.0,0.0,0.0,0.0,0.0,0.0,0.0,0.0,0.0,0.0,0.0,0.0,0,,DNC,
